StockCode,description,current,prior_year,change,change_pct,current_units,reversed_in_current
23843,"PAPER CRAFT , LITTLE BIRDIE",168469.6000,0.0000,168469.6000,,80995,True
23084,RABBIT NIGHT LIGHT,9643.0200,0.0000,9643.0200,,4311,False
22086,PAPER CHAIN KIT 50'S CHRISTMAS,6870.7100,4872.1500,1998.5600,0.4102,2089,False
22423,REGENCY CAKESTAND 3 TIER,6006.8700,13122.1800,-7115.3100,-0.5422,450,False
21137,BLACK RECORD COVER FRAME,5582.4300,4083.6900,1498.7400,0.3670,1574,False
22197,SMALL POPCORN HOLDER,5423.8000,1133.2300,4290.5700,3.7861,6217,False
22413,METAL SIGN TAKE IT OR LEAVE IT,3999.6500,194.7900,3804.8600,19.5331,1451,False
23355,HOT WATER BOTTLE KEEP CALM,3974.6800,0.0000,3974.6800,,680,False
23582,VINTAGE DOILY JUMBO BAG RED,3852.2800,0.0000,3852.2800,,2101,False
22727,ALARM CLOCK BAKELIKE RED,3814.4000,1264.7300,2549.6700,2.0160,1060,False
22114,HOT WATER BOTTLE TEA AND SYMPATHY,3734.8000,3630.0200,104.7800,0.0289,608,False
22112,CHOCOLATE HOT WATER BOTTLE,3470.2400,2575.9900,894.2500,0.3471,575,False
23543,WALL ART KEEP CALM,3045.6000,0.0000,3045.6000,,724,False
22910,PAPER CHAIN KIT VINTAGE CHRISTMAS,2763.5600,2750.6200,12.9400,0.0047,862,False
84347,ROTATING SILVER ANGELS T-LIGHT HLDR,2700.7800,2743.6100,-42.8300,-0.0156,893,False
22457,NATURAL SLATE HEART CHALKBOARD,2671.3600,1034.5500,1636.8100,1.5821,928,False
79321,CHILLI LIGHTS,2639.7400,4425.3100,-1785.5700,-0.4035,462,False
23552,BICYCLE PUNCTURE REPAIR KIT,2595.7900,0.0000,2595.7900,,1240,False
23080,RED METAL BOX TOP SECRET,2379.8700,0.0000,2379.8700,,283,False
22355,CHARLOTTE BAG SUKI DESIGN,2351.5200,1175.6900,1175.8300,1.0001,1131,False
82484,WOOD BLACK BOARD ANT WHITE FINISH,2342.5800,5993.6200,-3651.0400,-0.6092,390,False
23344,JUMBO BAG 50'S CHRISTMAS,2244.9500,0.0000,2244.9500,,1085,False
85099B,JUMBO BAG RED RETROSPOT,2226.9000,2510.0300,-283.1300,-0.1128,1105,False
85123A,WHITE HANGING HEART T-LIGHT HOLDER,2226.4100,4691.6900,-2465.2800,-0.5255,815,False
23486,ANTIQUE HEART SHELF UNIT,2202.2800,0.0000,2202.2800,,160,False
23461,SWEETHEART BIRD HOUSE,2178.7300,0.0000,2178.7300,,645,False
84879,ASSORTED COLOUR BIRD ORNAMENT,2162.7400,2412.2000,-249.4600,-0.1034,1330,False
22111,SCOTTIE DOG HOT WATER BOTTLE,2139.9100,1957.8500,182.0600,0.0930,407,False
21479,WHITE SKULL HOT WATER BOTTLE,2066.9100,2894.0700,-827.1600,-0.2858,323,False
21166,COOK WITH WINE METAL SIGN,1885.0500,260.8100,1624.2400,6.2277,893,False
22178,VICTORIAN GLASS HANGING T-LIGHT,1884.6600,665.1900,1219.4700,1.8333,990,False
23535,WALL ART BICYCLE SAFETY,1855.1900,0.0000,1855.1900,,287,False
22726,ALARM CLOCK BAKELIKE GREEN,1835.2300,959.4000,875.8300,0.9129,383,False
84029E,RED WOOLLY HOTTIE WHITE HEART.,1796.1000,4035.4500,-2239.3500,-0.5549,402,False
85152,HAND OVER THE CHOCOLATE   SIGN,1792.5500,429.8100,1362.7400,3.1706,894,False
22865,HAND WARMER OWL DESIGN,1758.2100,1980.9700,-222.7600,-0.1124,813,False
23313,VINTAGE CHRISTMAS BUNTING,1753.4500,0.0000,1753.4500,,335,False
22961,JAM MAKING SET PRINTED,1731.5600,1218.4400,513.1200,0.4211,1016,False
22835,HOT WATER BOTTLE I AM SO POORLY,1728.4800,1335.8600,392.6200,0.2939,297,False
23343,JUMBO BAG VINTAGE CHRISTMAS,1713.5500,0.0000,1713.5500,,779,False
23245,SET OF 3 REGENCY CAKE TINS,1679.2900,0.0000,1679.2900,,271,False
22666,RECIPE BOX PANTRY YELLOW DESIGN,1662.8900,632.2600,1030.6300,1.6301,483,False
22941,CHRISTMAS LIGHTS 10 REINDEER,1659.9300,815.7600,844.1700,1.0348,180,False
23498,CLASSIC BICYCLE CLIPS,1652.1800,0.0000,1652.1800,,1126,False
23301,GARDENERS KNEELING PAD KEEP CALM,1650.9200,0.0000,1650.9200,,700,False
71477,COLOUR GLASS. STAR T-LIGHT HOLDER,1628.2400,1706.3000,-78.0600,-0.0457,480,False
23284,DOORMAT KEEP CALM AND COME IN,1574.7200,0.0000,1574.7200,,188,False
23553,LANDMARK FRAME CAMDEN TOWN,1573.4200,0.0000,1573.4200,,140,False
22867,HAND WARMER BIRD DESIGN,1545.8800,3203.0800,-1657.2000,-0.5174,747,False
85066,CREAM SWEETHEART MINI CHEST,1540.7400,509.9300,1030.8100,2.0215,130,False
23328,SET 6 SCHOOL MILK BOTTLES IN CRATE,1522.4700,0.0000,1522.4700,,310,False
21181,PLEASE ONE PERSON METAL SIGN,1514.1200,592.4900,921.6300,1.5555,711,False
23497,CLASSIC CHROME BICYCLE BELL,1502.0600,0.0000,1502.0600,,1042,False
84029G,KNITTED UNION FLAG HOT WATER BOTTLE,1491.5200,1940.8300,-449.3100,-0.2315,280,False
23382,BOX OF 6 CHRISTMAS CAKE DECORATIONS,1466.8000,0.0000,1466.8000,,355,False
22189,CREAM HEART CARD HOLDER,1436.6300,5241.9200,-3805.2900,-0.7259,405,False
20724,RED RETROSPOT CHARLOTTE BAG,1423.3600,352.8000,1070.5600,3.0345,847,False
23581,JUMBO BAG PAISLEY PARK,1393.7700,0.0000,1393.7700,,689,False
22138,BAKING SET 9 PIECE RETROSPOT,1362.0100,0.0000,1362.0100,,279,False
23203,JUMBO BAG VINTAGE DOILY,1351.5800,0.0000,1351.5800,,666,False
22960,JAM MAKING SET WITH JARS,1268.0300,1250.7300,17.3000,0.0138,259,False
23201,JUMBO BAG ALPHABET,1262.7800,0.0000,1262.7800,,631,False
22476,EMPIRE UNION JACK TV DINNER TRAY,1233.4400,197.7100,1035.7300,5.2386,628,False
22866,HAND WARMER SCOTTY DOG DESIGN,1228.1000,2050.4700,-822.3700,-0.4011,569,False
23569,TRADTIONAL ALPHABET STAMP SET,1213.1700,0.0000,1213.1700,,259,False
21915,RED  HARMONICA IN BOX,1189.7000,2004.2400,-814.5400,-0.4064,1122,False
22139,RETROSPOT TEA SET CERAMIC 11 PC,1158.3000,242.6000,915.7000,3.7745,202,False
21843,RED RETROSPOT CAKE STAND,1136.4000,1364.5500,-228.1500,-0.1672,88,False
22720,SET OF 3 CAKE TINS PANTRY DESIGN,1088.1500,0.0000,1088.1500,,169,False
23494,VINTAGE DOILY DELUXE SEWING KIT,1083.3200,0.0000,1083.3200,,158,False
22411,JUMBO SHOPPER VINTAGE RED PAISLEY,1083.1600,818.0100,265.1500,0.3241,497,False
21912,VINTAGE SNAKES & LADDERS,1076.6000,268.1700,808.4300,3.0146,292,False
22560,TRADITIONAL MODELLING CLAY,1071.9600,366.3400,705.6200,1.9261,954,False
23177,TREASURE ISLAND BOOK BOX,1062.2900,0.0000,1062.2900,,524,False
20713,JUMBO BAG OWLS,1055.3600,618.7300,436.6300,0.7057,512,False
22699,ROSES REGENCY TEACUP AND SAUCER,1047.7300,746.6300,301.1000,0.4033,315,False
22697,GREEN REGENCY TEACUP AND SAUCER,1015.6300,977.0700,38.5600,0.0395,317,False
23202,JUMBO BAG VINTAGE LEAF,1012.4500,0.0000,1012.4500,,490,False
23439,HAND WARMER RED LOVE HEART,1011.6400,0.0000,1011.6400,,474,False
20749,ASSORTED COLOUR MINI CASES,991.6300,573.7500,417.8800,0.7283,149,False
21731,RED TOADSTOOL LED NIGHT LIGHT,982.8500,1165.9800,-183.1300,-0.1571,485,False
23480,MINI LIGHTS WOODLAND MUSHROOMS,974.1600,0.0000,974.1600,,239,False
23542,WALL ART 70'S ALPHABET,971.8400,0.0000,971.8400,,138,False
84946,ANTIQUE SILVER TEA GLASS ETCHED,970.7400,1808.9200,-838.1800,-0.4634,692,False
22633,HAND WARMER UNION JACK,944.5800,1950.7600,-1006.1800,-0.5158,444,False
23493,VINTAGE DOILY TRAVEL SEWING KIT,939.5000,0.0000,939.5000,,444,False
23526,WALL ART DOG LICENCE,939.1900,0.0000,939.1900,,175,False
22386,JUMBO BAG PINK POLKADOT,926.3200,676.9100,249.4100,0.3685,459,False
47566,PARTY BUNTING,918.4800,516.8000,401.6800,0.7772,136,False
23530,WALL ART ONLY ONE PERSON,915.8800,0.0000,915.8800,,228,False
23356,LOVE HOT WATER BOTTLE,914.0700,0.0000,914.0700,,150,False
22188,BLACK HEART CARD HOLDER,877.3600,5076.5500,-4199.1900,-0.8272,352,False
22752,SET 7 BABUSHKA NESTING BOXES,873.6500,2478.4000,-1604.7500,-0.6475,189,False
22165,"DIAMANTE HEART SHAPED WALL MIRROR,",870.0100,137.4300,732.5800,5.3306,197,False
82600,NO SINGING METAL SIGN,865.9300,380.0200,485.9100,1.2786,394,False
22698,PINK REGENCY TEACUP AND SAUCER,864.2600,2.9500,861.3100,291.9695,254,False
21485,RETROSPOT HEART HOT WATER BOTTLE,862.3900,1442.8000,-580.4100,-0.4023,168,False
20719,WOODLAND CHARLOTTE BAG,862.3500,646.4800,215.8700,0.3339,519,False
21931,JUMBO STORAGE BAG SUKI,844.4400,675.3200,169.1200,0.2504,363,False
22728,ALARM CLOCK BAKELIKE PINK,836.0100,578.7100,257.3000,0.4446,213,False
23534,WALL ART STOP FOR TEA,833.2400,0.0000,833.2400,,101,False
21787,RAIN PONCHO RETROSPOT,832.5700,56.9600,775.6100,13.6167,1249,False
35970,ZINC FOLKART SLEIGH BELLS,831.8200,105.2500,726.5700,6.9033,391,False
23193,BUFFALO BILL TREASURE BOOK BOX,820.2400,0.0000,820.2400,,408,False
23300,GARDENERS KNEELING PAD CUP OF TEA,818.5700,0.0000,818.5700,,441,False
82583,HOT BATHS METAL SIGN,812.8400,271.1200,541.7200,1.9981,310,False
22326,ROUND SNACK BOXES SET OF4 WOODLAND,809.5500,685.6900,123.8600,0.1806,273,False
22619,SET OF 6 SOLDIER SKITTLES,802.7400,561.7500,240.9900,0.4290,198,False
21232,STRAWBERRY CERAMIC TRINKET BOX,794.2000,1332.3000,-538.1000,-0.4039,570,False
82486,WOOD S/3 CABINET ANT WHITE FINISH,791.4100,904.3100,-112.9000,-0.1248,91,False
22629,SPACEBOY LUNCH BOX,788.3200,613.8500,174.4700,0.2842,429,False
21891,TRADITIONAL WOODEN SKIPPING ROPE,783.0400,160.2200,622.8200,3.8873,570,False
23531,WALL ART BIG LOVE,781.6800,0.0000,781.6800,,152,False
20725,LUNCH BAG RED RETROSPOT,776.3500,821.1900,-44.8400,-0.0546,397,False
20723,STRAWBERRY CHARLOTTE BAG,773.3200,237.5100,535.8100,2.2559,357,False
21481,FAWN BLUE HOT WATER BOTTLE,769.4200,1252.7100,-483.2900,-0.3858,190,False
23209,LUNCH BAG VINTAGE DOILY,767.1200,0.0000,767.1200,,456,False
21733,RED HANGING HEART T-LIGHT HOLDER,765.2900,1062.9800,-297.6900,-0.2801,271,False
23298,SPOTTY BUNTING,764.8600,0.0000,764.8600,,138,False
21174,POTTERING IN THE SHED METAL SIGN,757.4200,232.2700,525.1500,2.2609,321,False
82483,WOOD 2 DRAWER CABINET WHITE FINISH,751.9400,914.0200,-162.0800,-0.1773,112,False
21175,GIN + TONIC DIET METAL SIGN,724.9000,424.4300,300.4700,0.7079,278,False
22467,GUMBALL COAT RACK,720.6600,850.2000,-129.5400,-0.1524,296,False
23077,DOUGHNUT LIP GLOSS,719.6800,0.0000,719.6800,,568,False
22109,FULL ENGLISH BREAKFAST PLATE,716.9200,417.0900,299.8300,0.7189,165,False
23401,RUSTIC MIRROR WITH LACE HEART,716.0300,0.0000,716.0300,,155,False
84947,ANTIQUE SILVER TEA GLASS ENGRAVED,714.0300,303.8700,410.1600,1.3498,594,False
23404,HOME SWEET HOME BLACKBOARD,713.0000,0.0000,713.0000,,186,False
23311,VINTAGE CHRISTMAS STOCKING,704.0300,0.0000,704.0300,,226,False
23240,SET OF 4 KNICK KNACK TINS DOILY,698.7100,0.0000,698.7100,,169,False
23108,SET OF 10 LED DOLLY LIGHTS,698.3500,0.0000,698.3500,,127,False
82494L,WOODEN FRAME ANTIQUE WHITE,695.4200,830.6200,-135.2000,-0.1628,213,False
22624,IVORY KITCHEN SCALES,690.4900,693.4400,-2.9500,-0.0043,70,False
23583,LUNCH BAG PAISLEY PARK,689.8000,0.0000,689.8000,,388,False
22385,JUMBO BAG SPACEBOY DESIGN,688.8600,277.1400,411.7200,1.4856,352,False
20727,LUNCH BAG  BLACK SKULL.,688.8400,625.3200,63.5200,0.1016,318,False
22144,CHRISTMAS CRAFT LITTLE FRIENDS,685.1700,532.3000,152.8700,0.2872,274,False
21411,GINGHAM HEART  DOORSTOP RED,681.0700,110.4100,570.6600,5.1686,307,False
21258,VICTORIAN SEWING BOX LARGE,676.5300,2169.6000,-1493.0700,-0.6882,44,False
23118,PARISIENNE JEWELLERY DRAWER,671.5000,0.0000,671.5000,,90,False
20685,DOORMAT RED RETROSPOT,656.0600,1356.5700,-700.5100,-0.5164,86,False
21914,BLUE HARMONICA IN BOX,653.1600,446.4600,206.7000,0.4630,478,False
23109,PACK OF SIX LED TEA LIGHTS,649.4500,0.0000,649.4500,,235,False
22061,LARGE CAKE STAND  HANGING STRAWBERY,649.0000,139.3000,509.7000,3.6590,220,False
22993,SET OF 4 PANTRY JELLY MOULDS,638.6300,0.0000,638.6300,,502,False
23082,SET 6 PAPER TABLE LANTERN HEARTS,637.5200,0.0000,637.5200,,165,False
85099C,JUMBO  BAG BAROQUE BLACK WHITE,635.9500,1061.5500,-425.6000,-0.4009,265,False
23238,SET OF 4 KNICK KNACK TINS LONDON,633.8700,0.0000,633.8700,,159,False
22077,6 RIBBONS RUSTIC CHARM,633.7500,592.5100,41.2400,0.0696,287,False
22909,SET OF 20 VINTAGE CHRISTMAS NAPKINS,632.8600,446.9600,185.9000,0.4159,706,False
23562,SET OF 6 RIBBONS PERFECTLY PRETTY,632.1100,0.0000,632.1100,,219,False
23083,SET 6 PAPER TABLE LANTERN STARS,621.9000,0.0000,621.9000,,150,False
22798,ANTIQUE GLASS DRESSING TABLE POT,621.5900,395.4700,226.1200,0.5718,197,False
21930,JUMBO STORAGE BAG SKULLS,618.2900,501.2800,117.0100,0.2334,298,False
21107,CREAM SLICE FLANNEL PINK SPOT,617.7900,409.3200,208.4700,0.5093,241,False
23318,BOX OF 6 MINI VINTAGE CRACKERS,617.2400,0.0000,617.2400,,230,False
48138,DOORMAT UNION FLAG,616.4900,595.5900,20.9000,0.0351,75,False
84997A,GREEN 3 PIECE MINI DOTS CUTLERY SET,606.3800,292.6200,313.7600,1.0722,158,False
23229,VINTAGE DONKEY TAIL GAME,603.4800,0.0000,603.4800,,160,False
22621,TRADITIONAL KNITTING NANCY,602.0800,57.9300,544.1500,9.3932,324,False
22113,GREY HEART HOT WATER BOTTLE,599.4600,832.8400,-233.3800,-0.2802,127,False
21623,VINTAGE UNION JACK MEMOBOARD,598.3000,6650.4200,-6052.1200,-0.9100,68,False
21484,CHICK GREY HOT WATER BOTTLE,597.6400,757.7600,-160.1200,-0.2113,111,False
21928,JUMBO BAG SCANDINAVIAN PAISLEY,593.0600,816.7600,-223.7000,-0.2739,302,False
21790,VINTAGE SNAP CARDS,589.6400,531.8300,57.8100,0.1087,668,False
22083,PAPER CHAIN KIT RETROSPOT,589.2700,784.5500,-195.2800,-0.2489,181,False
85048,15CM CHRISTMAS GLASS BALL 20 LIGHTS,584.8100,512.3100,72.5000,0.1415,55,False
22578,WOODEN STAR CHRISTMAS SCANDINAVIAN,584.2400,92.3300,491.9100,5.3277,1230,False
84945,MULTI COLOUR SILVER T-LIGHT HOLDER,578.0400,827.7600,-249.7200,-0.3017,696,False
85099F,JUMBO BAG STRAWBERRY,577.5700,393.0600,184.5100,0.4694,304,False
22791,T-LIGHT GLASS FLUTED ANTIQUE,576.5400,463.0000,113.5400,0.2452,475,False
23199,JUMBO BAG APPLES,572.5000,0.0000,572.5000,,240,False
23570,TRADITIONAL PICK UP STICKS GAME,571.7500,0.0000,571.7500,,409,False
22617,BAKING SET SPACEBOY DESIGN,571.2500,591.1500,-19.9000,-0.0337,107,False
23208,LUNCH BAG VINTAGE LEAF DESIGN,565.7800,0.0000,565.7800,,332,False
22632,HAND WARMER RED RETROSPOT,564.2700,1771.0000,-1206.7300,-0.6814,260,False
84949,SILVER HANGING T-LIGHT HOLDER,562.7500,443.7600,118.9900,0.2681,371,False
23598,PAPER BUNTING VINTAGE PARTY,558.4500,0.0000,558.4500,,211,False
23501,KEY RING BASEBALL BOOT UNION JACK,557.7700,0.0000,557.7700,,485,False
23111,PARISIENNE SEWING BOX,549.4800,0.0000,549.4800,,45,False
22193,RED DINER WALL CLOCK,546.5100,161.5000,385.0100,2.3840,60,False
22725,ALARM CLOCK BAKELIKE CHOCOLATE,542.0600,239.0300,303.0300,1.2677,110,False
22795,SWEETHEART RECIPE BOOK STAND,531.2900,480.9300,50.3600,0.1047,67,False
22356,CHARLOTTE BAG PINK POLKADOT,531.2000,352.5300,178.6700,0.5068,266,False
84997D,PINK 3 PIECE MINI DOTS CUTLERY SET,527.2600,372.0900,155.1700,0.4170,130,False
23312,VINTAGE CHRISTMAS GIFT SACK,526.9400,0.0000,526.9400,,116,False
23206,LUNCH BAG APPLE DESIGN,523.7300,0.0000,523.7300,,194,False
23351,ROLL WRAP 50'S CHRISTMAS,523.4300,0.0000,523.4300,,290,False
23320,GIANT 50'S CHRISTMAS CRACKER,522.5900,0.0000,522.5900,,355,False
21257,VICTORIAN SEWING BOX MEDIUM,521.9500,385.0500,136.9000,0.3555,41,False
22988,SOLDIERS EGG CUP,521.6200,316.5100,205.1100,0.6480,433,False
23319,BOX OF 6 MINI 50'S CRACKERS,520.0900,0.0000,520.0900,,193,False
22734,SET OF 6 RIBBONS VINTAGE CHRISTMAS,517.7300,273.5200,244.2100,0.8928,137,False
22169,FAMILY ALBUM WHITE PICTURE FRAME,514.9500,406.2000,108.7500,0.2677,59,False
15056N,EDWARDIAN PARASOL NATURAL,513.8400,415.6200,98.2200,0.2363,84,False
21217,RED RETROSPOT ROUND CAKE TINS,513.1400,551.9300,-38.7900,-0.0703,42,False
21791,VINTAGE HEADS AND TAILS CARD GAME,510.2400,1035.8300,-525.5900,-0.5074,393,False
21212,PACK OF 72 RETROSPOT CAKE CASES,506.8700,1089.0400,-582.1700,-0.5346,459,False
22179,SET 10 LIGHTS NIGHT OWL,504.5700,521.5700,-17.0000,-0.0326,65,False
22722,SET OF 6 SPICE TINS PANTRY DESIGN,503.1100,0.0000,503.1100,,101,False
23256,CHILDRENS CUTLERY SPACEBOY,502.3200,0.0000,502.3200,,120,False
22730,ALARM CLOCK BAKELIKE IVORY,500.0600,644.0300,-143.9700,-0.2235,112,False
21109,"LARGE CAKE TOWEL, CHOCOLATE SPOTS",498.4800,74.4600,424.0200,5.6946,244,False
22952,60 CAKE CASES VINTAGE CHRISTMAS,498.3600,506.9300,-8.5700,-0.0169,753,False
21908,CHOCOLATE THIS WAY METAL SIGN,497.5700,336.7200,160.8500,0.4777,230,False
22749,FELTCRAFT PRINCESS CHARLOTTE DOLL,496.1500,356.7300,139.4200,0.3908,129,False
21314,SMALL GLASS HEART TRINKET POT,495.2600,561.9400,-66.6800,-0.1187,226,False
21588,RETROSPOT GIANT TUBE MATCHES,495.1500,96.9000,398.2500,4.1099,227,False
22942,CHRISTMAS LIGHTS 10 SANTAS,495.1400,382.3000,112.8400,0.2952,137,False
22900,SET 2 TEA TOWELS I LOVE LONDON,494.3500,603.5400,-109.1900,-0.1809,139,False
23681,LUNCH BAG RED VINTAGE DOILY,493.1700,0.0000,493.1700,,305,False
23489,VINTAGE BELLS GARLAND,492.4000,0.0000,492.4000,,166,False
82482,WOODEN PICTURE FRAME WHITE FINISH,491.9400,558.4300,-66.4900,-0.1191,149,False
23188,VINTAGE  2 METER FOLDING RULER,489.7900,0.0000,489.7900,,271,False
22625,RED KITCHEN SCALES,489.0800,803.7600,-314.6800,-0.3915,53,False
22561,WOODEN SCHOOL COLOURING SET,488.8200,214.5600,274.2600,1.2782,302,False
21563,RED HEART SHAPE LOVE BUCKET,486.4300,50.1800,436.2500,8.6937,613,False
23204,CHARLOTTE BAG APPLES DESIGN,484.2100,0.0000,484.2100,,366,False
20914,SET/5 RED RETROSPOT LID GLASS BOWLS,480.4900,715.9700,-235.4800,-0.3289,147,False
22596,CHRISTMAS STAR WISH LIST CHALKBOARD,479.7700,0.0000,479.7700,,807,False
23173,REGENCY TEAPOT ROSES,476.5600,0.0000,476.5600,,39,False
22768,FAMILY PHOTO FRAME CORNICE,474.5400,379.0600,95.4800,0.2519,46,False
21564,PINK  HEART SHAPE LOVE BUCKET,471.6300,35.4200,436.2100,12.3154,597,False
22110,BIRD HOUSE HOT WATER BOTTLE,466.9200,607.4400,-140.5200,-0.2313,106,False
22558,CLOTHES PEGS RETROSPOT PACK 24,466.3400,615.0100,-148.6700,-0.2417,290,False
23293,SET OF 12 FAIRY CAKE BAKING CASES,464.7300,0.0000,464.7300,,531,False
22622,BOX OF VINTAGE ALPHABET BLOCKS,460.6900,2447.4700,-1986.7800,-0.8118,40,False
20971,PINK BLUE FELT CRAFT TRINKET BOX,458.1600,353.9600,104.2000,0.2944,380,False
22667,RECIPE BOX RETROSPOT,457.2000,383.5000,73.7000,0.1922,168,False
23349,ROLL WRAP VINTAGE CHRISTMAS,454.1000,0.0000,454.1000,,281,False
21770,OPEN CLOSED METAL SIGN,450.1800,0.0000,450.1800,,93,False
22846,BREAD BIN DINER STYLE RED,448.7700,485.5500,-36.7800,-0.0757,25,False
15056BL,EDWARDIAN PARASOL BLACK,447.9300,489.3400,-41.4100,-0.0846,72,False
22150,3 STRIPEY MICE FELTCRAFT,446.4200,297.9900,148.4300,0.4981,220,False
22646,CERAMIC STRAWBERRY CAKE MONEY BANK,446.3900,493.6000,-47.2100,-0.0956,755,False
22509,SEWING BOX RETROSPOT DESIGN,446.3500,76.7500,369.6000,4.8156,113,False
21523,DOORMAT FANCY FONT HOME SWEET HOME,444.1400,1110.8700,-666.7300,-0.6002,52,False
20712,JUMBO BAG WOODLAND ANIMALS,443.3800,489.5700,-46.1900,-0.0943,156,False
22311,OFFICE MUG WARMER BLACK+SILVER,437.2300,135.8800,301.3500,2.2178,161,False
82582,AREA PATROLLED METAL SIGN,434.9700,273.0900,161.8800,0.5928,207,False
21169,YOU'RE CONFUSING ME METAL SIGN,428.1800,126.6300,301.5500,2.3813,254,False
21889,WOODEN BOX OF DOMINOES,422.6500,478.4800,-55.8300,-0.1167,308,False
22721,SET OF 3 CAKE TINS SKETCHBOOK,421.4400,0.0000,421.4400,,172,False
22464,HANGING METAL HEART LANTERN,417.6800,117.7500,299.9300,2.5472,474,False
23571,TRADITIONAL NAUGHTS & CROSSES,412.3000,0.0000,412.3000,,230,False
22607,WOODEN ROUNDERS GARDEN SET,409.8200,103.6100,306.2100,2.9554,42,False
22551,PLASTERS IN TIN SPACEBOY,409.6800,436.8100,-27.1300,-0.0621,248,False
22207,FRYING PAN UNION FLAG,407.1100,408.8700,-1.7600,-0.0043,95,False
22580,ADVENT CALENDAR GINGHAM SACK,406.4500,130.6900,275.7600,2.1100,89,False
22969,HOMEMADE JAM SCENTED CANDLES,403.4200,887.6600,-484.2400,-0.5455,230,False
22592,CARDHOLDER HOLLY WREATH METAL,403.4000,63.9900,339.4100,5.3041,68,False
23283,DOORMAT VINTAGE LEAF,402.0500,0.0000,402.0500,,47,False
21754,HOME BUILDING BLOCK WORD,401.9000,1198.3700,-796.4700,-0.6646,58,False
20718,RED RETROSPOT SHOPPER BAG,401.5700,260.1500,141.4200,0.5436,323,False
22465,HANGING METAL STAR LANTERN,400.4900,158.7600,241.7300,1.5226,447,False
22442,GROW YOUR OWN FLOWERS SET OF 3,400.3500,71.5500,328.8000,4.5954,193,False
84997C,BLUE 3 PIECE MINI DOTS CUTLERY SET,398.6400,202.5000,196.1400,0.9686,102,False
22577,WOODEN HEART CHRISTMAS SCANDINAVIAN,396.6400,116.0500,280.5900,2.4178,720,False
85014B,RED RETROSPOT UMBRELLA,396.2200,298.9300,97.2900,0.3255,67,False
22630,DOLLY GIRL LUNCH BOX,396.0100,468.5900,-72.5800,-0.1549,187,False
22141,CHRISTMAS CRAFT TREE TOP ANGEL,395.3600,288.0100,107.3500,0.3727,138,False
22563,HAPPY STENCIL CRAFT,394.9700,55.0100,339.9600,6.1800,343,False
22383,LUNCH BAG SUKI  DESIGN,394.7000,540.7600,-146.0600,-0.2701,161,False
23247,BISCUIT TIN 50'S CHRISTMAS,393.2000,0.0000,393.2000,,129,False
21929,JUMBO BAG PINK VINTAGE PAISLEY,390.4500,644.9300,-254.4800,-0.3946,195,False
22379,RECYCLING BAG RETROSPOT,388.1900,711.3900,-323.2000,-0.4543,151,False
20726,LUNCH BAG WOODLAND,387.8800,356.2800,31.6000,0.0887,196,False
22556,PLASTERS IN TIN CIRCUS PARADE,384.4100,290.7500,93.6600,0.3221,229,False
23309,SET OF 60 I LOVE LONDON CAKE CASES,384.1500,0.0000,384.1500,,811,False
23275,SET OF 3 HANGING OWLS OLLIE BEAK,383.2300,0.0000,383.2300,,294,False
84375,SET OF 20 KIDS COOKIE CUTTERS,382.2000,668.0000,-285.8000,-0.4278,153,False
84997B,RED 3 PIECE MINI DOTS CUTLERY SET,382.0300,453.8700,-71.8400,-0.1583,97,False
22158,3 HEARTS HANGING DECORATION RUSTIC,380.8400,990.1500,-609.3100,-0.6154,132,False
20750,RED RETROSPOT MINI CASES,379.7600,574.8300,-195.0700,-0.3394,48,False
84077,WORLD WAR 2 GLIDERS ASSTD DESIGNS,379.1700,736.7300,-357.5600,-0.4853,1367,False
23500,KEY RING BASEBALL BOOT ASSORTED,378.8400,0.0000,378.8400,,275,False
22424,ENAMEL BREAD BIN CREAM,378.1800,355.3300,22.8500,0.0643,22,False
23215,JINGLE BELL HEART ANTIQUE SILVER,376.1800,0.0000,376.1800,,171,False
22605,WOODEN CROQUET GARDEN SET,375.0900,304.2000,70.8900,0.2330,23,False
84970S,HANGING HEART ZINC T-LIGHT HOLDER,373.5800,252.4700,121.1100,0.4797,353,False
22107,PIZZA PLATE IN BOX,372.7100,185.5500,187.1600,1.0087,135,False
23234,BISCUIT TIN VINTAGE CHRISTMAS,370.1300,0.0000,370.1300,,107,False
84032B,CHARLIE + LOLA RED HOT WATER BOTTLE,369.6400,504.4200,-134.7800,-0.2672,318,False
21326,AGED GLASS SILVER T-LIGHT HOLDER,369.0000,277.2200,91.7800,0.3311,612,False
48184,DOORMAT ENGLISH ROSE,368.4400,376.8900,-8.4500,-0.0224,48,False
23243,SET OF TEA COFFEE SUGAR TINS PANTRY,368.1800,0.0000,368.1800,,70,False
23597,PAPER BUNTING PAISLEY PARK,367.9500,0.0000,367.9500,,141,False
22966,GINGERBREAD MAN COOKIE CUTTER,367.7100,316.3600,51.3500,0.1623,269,False
23302,KNEELING MAT HOUSEWORK  DESIGN,367.0100,0.0000,367.0100,,435,False
22940,FELTCRAFT CHRISTMAS FAIRY,366.5300,700.9800,-334.4500,-0.4771,81,False
23158,SET OF 5 LUCKY CAT MAGNETS,365.4500,0.0000,365.4500,,155,False
21115,ROSE CARAVAN DOORSTOP,364.6200,83.7900,280.8300,3.3516,162,False
21035,SET/2 RED RETROSPOT TEA TOWELS,363.4000,271.5400,91.8600,0.3383,122,False
23314,VINTAGE CHRISTMAS TABLECLOTH,362.3000,0.0000,362.3000,,24,False
21705,BAG 500g SWIRLY MARBLES,360.6800,51.5100,309.1700,6.0021,834,False
22075,6 RIBBONS ELEGANT CHRISTMAS,359.4900,433.0900,-73.6000,-0.1699,535,False
21810,CHRISTMAS HANGING STAR WITH BELL,358.4700,81.4000,277.0700,3.4038,539,False
23560,SET OF 6 RIBBONS COUNTRY STYLE,354.6600,0.0000,354.6600,,124,False
22811,SET OF 6 T-LIGHTS CACTI,348.6400,94.5300,254.1100,2.6881,160,False
23198,PANTRY MAGNETIC  SHOPPING LIST,346.5300,0.0000,346.5300,,205,False
22990,COTTON APRON PANTRY DESIGN,345.2300,0.0000,345.2300,,109,False
23390,DOLLY GIRL MINI BACKPACK,345.1700,0.0000,345.1700,,85,False
84030E,ENGLISH ROSE HOT WATER BOTTLE,344.9100,391.4200,-46.5100,-0.1188,83,False
23428,IVORY RETRO KITCHEN WALL CLOCK,344.2800,0.0000,344.2800,,36,False
22090,PAPER BUNTING RETROSPOT,343.3300,285.7900,57.5400,0.2013,111,False
23103,JINGLE BELL HEART DECORATION,343.1000,0.0000,343.1000,,198,False
22470,HEART OF WICKER LARGE,341.1000,2171.4800,-1830.3800,-0.8429,106,False
23192,BUNDLE OF 3 ALPHABET EXERCISE BOOKS,340.7900,0.0000,340.7900,,223,False
23172,REGENCY TEA PLATE PINK,339.8600,0.0000,339.8600,,178,False
22171,3 HOOK PHOTO SHELF ANTIQUE WHITE,339.6300,355.2200,-15.5900,-0.0439,39,False
22574,HEART WOODEN CHRISTMAS DECORATION,337.4300,283.9200,53.5100,0.1885,341,False
21935,SUKI  SHOULDER BAG,335.9400,186.6400,149.3000,0.7999,172,False
23165,LARGE CERAMIC TOP STORAGE JAR,335.7200,0.0000,335.7200,,208,False
23013,GLASS APOTHECARY BOTTLE TONIC,335.0600,0.0000,335.0600,,74,False
23112,PARISIENNE CURIO CABINET,334.3600,0.0000,334.3600,,35,False
20679,EDWARDIAN PARASOL RED,331.7300,557.1000,-225.3700,-0.4045,47,False
22554,PLASTERS IN TIN WOODLAND ANIMALS,331.4500,399.6200,-68.1700,-0.1706,181,False
48187,DOORMAT NEW ENGLAND,331.3500,621.4500,-290.1000,-0.4668,43,False
21524,DOORMAT SPOTTY HOME SWEET HOME,331.0300,595.3500,-264.3200,-0.4440,39,False
23081,GREEN METAL BOX ARMY SUPPLIES,330.8800,0.0000,330.8800,,42,False
22166,WALL MIRROR RECTANGLE DIAMANTE PINK,330.5700,120.4000,210.1700,1.7456,99,False
22847,BREAD BIN DINER STYLE IVORY,330.3900,537.3500,-206.9600,-0.3851,19,False
22776,SWEETHEART CAKESTAND 3 TIER,328.9500,463.1800,-134.2300,-0.2898,23,False
23561,SET OF 6 RIBBONS PARTY,328.6100,0.0000,328.6100,,119,False
22367,CHILDRENS APRON SPACEBOY DESIGN,326.3600,252.6800,73.6800,0.2916,135,False
23323,WHITE WICKER STAR,326.2700,0.0000,326.2700,,137,False
22809,SET OF 6 T-LIGHTS SANTA,325.8200,188.8300,136.9900,0.7255,98,False
23263,SET OF 3 WOODEN HEART DECORATIONS,325.6600,0.0000,325.6600,,208,False
22507,MEMO BOARD RETROSPOT  DESIGN,323.4200,1012.0800,-688.6600,-0.6804,50,False
23085,ANTIQUE SILVER BAUBLE LAMP,322.8000,0.0000,322.8000,,36,False
23576,SNACK TRAY RED VINTAGE DOILY,322.0400,0.0000,322.0400,,158,False
23076,ICE CREAM SUNDAE LIP GLOSS,319.6800,0.0000,319.6800,,248,False
23241,TREASURE TIN GYMKHANA DESIGN,318.9600,0.0000,318.9600,,135,False
21259,VICTORIAN SEWING BOX SMALL,318.7100,508.6300,-189.9200,-0.3734,47,False
22328,ROUND SNACK BOXES SET OF 4 FRUITS,318.6000,4231.7400,-3913.1400,-0.9247,104,False
22549,PICTURE DOMINOES,314.8600,240.0300,74.8300,0.3118,201,False
85150,LADIES & GENTLEMEN METAL SIGN,314.5200,369.3500,-54.8300,-0.1484,112,False
85053,FRENCH ENAMEL CANDLEHOLDER,313.8700,18.9400,294.9300,15.5718,154,False
22627,MINT KITCHEN SCALES,313.7600,331.3800,-17.6200,-0.0532,35,False
23090,VINTAGE GLASS T-LIGHT HOLDER,310.9400,0.0000,310.9400,,386,False
23012,GLASS APOTHECARY BOTTLE PERFUME,309.8000,0.0000,309.8000,,72,False
23307,SET OF 60 PANTRY DESIGN CAKE CASES,308.8500,0.0000,308.8500,,611,False
23575,SNACK TRAY PAISLEY PARK,308.6200,0.0000,308.6200,,150,False
21892,TRADITIONAL WOODEN CATCH CUP GAME,306.1000,186.5000,119.6000,0.6413,211,False
22693,GROW A FLYTRAP OR SUNFLOWER IN TIN,306.0200,30.0000,276.0200,9.2007,257,False
23350,ROLL WRAP VINTAGE SPOT,305.5300,0.0000,305.5300,,227,False
22557,PLASTERS IN TIN VINTAGE PAISLEY,305.0600,379.9800,-74.9200,-0.1972,166,False
23167,SMALL CERAMIC TOP STORAGE JAR,304.2600,0.0000,304.2600,,414,False
23154,SET OF 4 JAM JAR MAGNETS,303.0900,0.0000,303.0900,,158,False
22555,PLASTERS IN TIN STRONGMAN,301.8400,543.2000,-241.3600,-0.4443,172,False
22469,HEART OF WICKER SMALL,301.0800,2035.4700,-1734.3900,-0.8521,168,False
23171,REGENCY TEA PLATE GREEN,300.2600,0.0000,300.2600,,154,False
84378,SET OF 3 HEART COOKIE CUTTERS,300.2600,140.1700,160.0900,1.1421,182,False
22553,PLASTERS IN TIN SKULLS,300.1400,357.5900,-57.4500,-0.1607,166,False
22620,4 TRADITIONAL SPINNING TOPS,299.8200,221.5500,78.2700,0.3533,181,False
22072,RED RETROSPOT TEA CUP AND SAUCER,297.5000,195.0000,102.5000,0.5256,206,False
22573,STAR WOODEN CHRISTMAS DECORATION,296.9800,182.8900,114.0900,0.6238,298,False
22634,CHILDS BREAKFAST SET SPACEBOY,296.9100,276.9500,19.9600,0.0721,30,False
22192,BLUE DINER WALL CLOCK,296.7600,144.4800,152.2800,1.0540,33,False
23321,SMALL WHITE HEART OF WICKER,295.3300,0.0000,295.3300,,177,False
21098,CHRISTMAS TOILET ROLL,291.9100,843.8200,-551.9100,-0.6541,189,False
22170,PICTURE FRAME WOOD TRIPLE PORTRAIT,290.8800,121.5700,169.3100,1.3927,44,False
22371,AIRLINE BAG VINTAGE TOKYO 78,290.3200,224.7700,65.5500,0.2916,54,False
23242,TREASURE TIN BUFFALO BILL,289.7700,0.0000,289.7700,,145,False
23579,SNACK TRAY I LOVE LONDON,289.3500,0.0000,289.3500,,139,False
21494,ROTATING LEAVES T-LIGHT HOLDER,288.8700,166.4600,122.4100,0.7354,112,False
22741,FUNKY DIVA PEN,288.8100,34.8600,253.9500,7.2849,315,False
22485,SET OF 2 WOODEN MARKET CRATES,288.3000,102.0000,186.3000,1.8265,26,False
84380,SET OF 3 BUTTERFLY COOKIE CUTTERS,288.2200,247.6700,40.5500,0.1637,173,False
23205,CHARLOTTE BAG VINTAGE ALPHABET,288.0900,0.0000,288.0900,,185,False
48194,DOORMAT HEARTS,287.7600,807.9600,-520.2000,-0.6438,30,False
84032A,CHARLIE+LOLA PINK HOT WATER BOTTLE,283.5000,746.7300,-463.2300,-0.6203,152,False
23358,HOT STUFF HOT WATER BOTTLE,283.0300,0.0000,283.0300,,134,False
20682,RED RETROSPOT CHILDRENS UMBRELLA,282.2600,207.4500,74.8100,0.3606,94,False
22215,CAKE STAND WHITE TWO TIER LACE,282.1300,59.5000,222.6300,3.7417,91,False
23460,SWEETHEART WALL TIDY,280.7300,0.0000,280.7300,,35,False
22792,FLUTED ANTIQUE CANDLE HOLDER,280.4400,108.7700,171.6700,1.5783,292,False
21621,VINTAGE UNION JACK BUNTING,280.1300,263.5000,16.6300,0.0631,32,False
21218,RED SPOTTY BISCUIT TIN,280.0800,219.9600,60.1200,0.2733,42,False
22119,PEACE WOODEN BLOCK LETTERS,279.3300,173.7500,105.5800,0.6077,137,False
23332,IVORY WICKER HEART LARGE,278.8100,0.0000,278.8100,,165,False
20972,PINK CREAM FELT CRAFT TRINKET BOX,276.9800,275.2300,1.7500,0.0064,209,False
23200,JUMBO BAG PEARS,276.2800,0.0000,276.2800,,121,False
21012,ANTIQUE ALL GLASS CANDLESTICK,275.3200,140.6600,134.6600,0.9573,140,False
23503,PLAYING CARDS KEEP CALM & CARRY ON,274.9200,0.0000,274.9200,,218,False
22173,METAL 4 HOOK HANGER FRENCH CHATEAU,274.5100,300.9700,-26.4600,-0.0879,69,False
23184,BULL DOG BOTTLE OPENER,269.8600,0.0000,269.8600,,38,False
62018,SOMBRERO,269.5000,5.8500,263.6500,45.0684,210,False
22653,BUTTON BOX,269.4400,90.6300,178.8100,1.9730,162,False
21408,SPOTTY PINK DUCK DOORSTOP,267.6600,63.5700,204.0900,3.2105,108,False
23264,SET OF 3 WOODEN SLEIGH DECORATIONS,267.5100,0.0000,267.5100,,184,False
22750,FELTCRAFT PRINCESS LOLA DOLL,266.0900,311.3700,-45.2800,-0.1454,67,False
23407,SET OF 2 TRAYS HOME SWEET HOME,265.5200,0.0000,265.5200,,24,False
20728,LUNCH BAG CARS BLUE,264.9600,415.4400,-150.4800,-0.3622,120,False
84970L,SINGLE HEART ZINC T-LIGHT HOLDER,264.7800,164.6600,100.1200,0.6080,168,False
23126,FELTCRAFT GIRL AMELIE KIT,264.1900,0.0000,264.1900,,50,False
22384,LUNCH BAG PINK POLKADOT,263.2900,334.4600,-71.1700,-0.2128,131,False
23483,HANGING  BUTTERFLY T-LIGHT HOLDER,263.0500,0.0000,263.0500,,223,False
84978,HANGING HEART JAR T-LIGHT HOLDER,262.8400,108.2000,154.6400,1.4292,208,False
22142,CHRISTMAS CRAFT WHITE FAIRY,262.4400,143.3400,119.1000,0.8309,148,False
23357,HOT WATER BOTTLE SEX BOMB,261.9400,0.0000,261.9400,,84,False
22844,VINTAGE CREAM DOG FOOD CONTAINER,261.2800,203.9400,57.3400,0.2812,25,False
22654,DELUXE SEWING KIT,261.1800,1105.2400,-844.0600,-0.7637,32,False
22382,LUNCH BAG SPACEBOY DESIGN,260.7500,226.5600,34.1900,0.1509,144,False
23440,PAINT YOUR OWN EGGS IN CRATE,259.8400,0.0000,259.8400,,145,False
23485,BOTANICAL GARDENS WALL CLOCK,258.2000,0.0000,258.2000,,11,False
20969,RED FLORAL FELTCRAFT SHOULDER BAG,258.1900,195.7200,62.4700,0.3192,55,False
21156,RETROSPOT CHILDRENS APRON,257.5300,473.3800,-215.8500,-0.4560,129,False
23170,REGENCY TEA PLATE ROSES,257.3800,0.0000,257.3800,,130,False
22898,CHILDRENS APRON APPLES DESIGN,255.8300,171.5100,84.3200,0.4916,81,False
85038,6 CHOCOLATE LOVE HEART T-LIGHTS,255.2500,228.8500,26.4000,0.1154,131,False
22191,IVORY DINER WALL CLOCK,254.2600,229.5000,24.7600,0.1079,28,False
22644,CERAMIC CHERRY CAKE MONEY BANK,253.9300,325.3100,-71.3800,-0.2194,583,False
21111,"SWISS ROLL TOWEL, CHOCOLATE  SPOTS",252.9500,100.3700,152.5800,1.5202,201,False
22065,CHRISTMAS PUDDING TRINKET POT,252.8300,180.7600,72.0700,0.3987,537,False
23166,MEDIUM CERAMIC TOP STORAGE JAR,252.7100,0.0000,252.7100,,207,False
21993,FLORAL FOLK STATIONERY SET,252.2000,114.8500,137.3500,1.1959,134,False
23395,BELLE JARDINIERE CUSHION COVER,251.7800,0.0000,251.7800,,54,False
23212,HEART WREATH DECORATION WITH BELL,251.5800,0.0000,251.5800,,179,False
21064,BOOM BOX SPEAKER BOYS,251.5300,124.9200,126.6100,1.0135,103,False
22220,CAKE STAND LOVEBIRD 2 TIER WHITE,250.7500,9.9500,240.8000,24.2010,85,False
23326,HANGING MINI COLOURED BOTTLES,250.2800,0.0000,250.2800,,440,False
22767,TRIPLE PHOTO FRAME CORNICE,248.7500,169.1500,79.6000,0.4706,25,False
21216,"SET 3 RETROSPOT TEA,COFFEE,SUGAR",248.6100,304.0100,-55.4000,-0.1822,43,False
21813,GARLAND WITH STARS AND BELLS,248.4100,146.2500,102.1600,0.6985,75,False
22299,PIG KEYRING WITH LIGHT & SOUND,247.5900,75.0600,172.5300,2.2986,529,False
23197,SKETCHBOOK MAGNETIC SHOPPING LIST,247.2100,0.0000,247.2100,,153,False
22278,OVERNIGHT BAG VINTAGE ROSE PAISLEY,246.3900,311.5600,-65.1700,-0.2092,25,False
22174,PHOTO CUBE,246.1800,577.4600,-331.2800,-0.5737,86,False
21154,RED RETROSPOT OVEN GLOVE,242.9000,389.7200,-146.8200,-0.3767,126,False
22438,BALLOON ART MAKE YOUR OWN FLOWERS,240.7000,33.1500,207.5500,6.2609,598,False
23352,ROLL WRAP 50'S RED CHRISTMAS,239.5300,0.0000,239.5300,,150,False
23491,VINTAGE JINGLE BELLS HEART,239.2500,0.0000,239.2500,,29,False
23374,RED SPOT PAPER GIFT BAG,238.2900,0.0000,238.2900,,314,False
21620,SET OF 4 ROSE BOTANICAL CANDLES,238.2300,3.7500,234.4800,62.5280,163,False
21755,LOVE BUILDING BLOCK WORD,237.3400,502.5500,-265.2100,-0.5277,34,False
22758,LARGE PURPLE BABUSHKA NOTEBOOK,237.2000,35.0800,202.1200,5.7617,537,False
22185,SLATE TILE NATURAL HANGING,236.2100,44.6100,191.6000,4.2950,299,False
23341,PINK DINER WALL CLOCK,235.9300,0.0000,235.9300,,28,False
22187,GREEN CHRISTMAS TREE CARD HOLDER,235.0400,233.5100,1.5300,0.0066,36,False
21165,BEWARE OF THE CAT METAL SIGN,235.0200,159.5400,75.4800,0.4731,130,False
23322,LARGE WHITE HEART OF WICKER,232.5000,0.0000,232.5000,,74,False
23353,6 GIFT TAGS VINTAGE CHRISTMAS,231.6700,0.0000,231.6700,,229,False
22964,3 PIECE SPACEBOY COOKIE CUTTER SET,230.4400,189.0200,41.4200,0.2191,102,False
22327,ROUND SNACK BOXES SET OF 4 SKULLS,230.1800,107.9800,122.2000,1.1317,54,False
22659,LUNCH BOX I LOVE LONDON,228.9900,1441.3300,-1212.3400,-0.8411,101,False
23426,METAL SIGN DROP YOUR PANTS,228.4000,0.0000,228.4000,,70,False
23389,SPACEBOY MINI BACKPACK,228.2200,0.0000,228.2200,,52,False
22970,LONDON BUS COFFEE MUG,226.5300,0.0000,226.5300,,86,False
21871,SAVE THE PLANET MUG,226.3600,229.6800,-3.3200,-0.0145,132,False
22743,MAKE YOUR OWN FLOWERPOWER CARD KIT,226.0300,109.2500,116.7800,1.0689,249,False
23559,WOODLAND BUNNIES LOLLY MAKERS,223.9800,0.0000,223.9800,,86,False
21876,POTTERING MUG,223.9600,77.0400,146.9200,1.9071,92,False
22456,NATURAL SLATE CHALKBOARD LARGE,223.8300,265.8600,-42.0300,-0.1581,27,False
22742,MAKE YOUR OWN PLAYTIME CARD KIT,223.6200,35.4200,188.2000,5.3134,274,False
22834,HAND WARMER BABUSHKA DESIGN,223.4000,1405.1400,-1181.7400,-0.8410,99,False
23266,SET OF 3 WOODEN STOCKING DECORATION,222.6700,0.0000,222.6700,,152,False
22041,"RECORD FRAME 7"" SINGLE SIZE",220.5400,705.3300,-484.7900,-0.6873,57,False
21108,FAIRY CAKE FLANNEL ASSORTED COLOUR,220.4200,436.6000,-216.1800,-0.4951,208,False
23367,SET 12 COLOUR PENCILS SPACEBOY,220.4000,0.0000,220.4000,,304,False
21231,SWEETHEART CERAMIC TRINKET BOX,220.2000,362.9900,-142.7900,-0.3934,160,False
22992,REVOLVER WOODEN RULER,220.1700,0.0000,220.1700,,101,False
22899,CHILDREN'S APRON DOLLY GIRL,219.9700,145.0000,74.9700,0.5170,102,False
22690,DOORMAT HOME SWEET HOME BLUE,219.3000,62.1300,157.1700,2.5297,28,False
21592,RETROSPOT CIGAR BOX MATCHES,219.1800,112.5000,106.6800,0.9483,562,False
22906,12 MESSAGE CARDS WITH ENVELOPES,217.3400,94.9500,122.3900,1.2890,138,False
21430,SET/3 RED GINGHAM ROSE STORAGE BOX,216.7800,439.2300,-222.4500,-0.5065,40,False
21242,RED RETROSPOT PLATE,216.5800,34.6300,181.9500,5.2541,138,False
22645,CERAMIC HEART FAIRY CAKE MONEY BANK,215.9900,543.2400,-327.2500,-0.6024,303,False
23174,REGENCY SUGAR BOWL GREEN,215.7000,0.0000,215.7000,,42,False
23207,LUNCH BAG ALPHABET DESIGN,215.4000,0.0000,215.4000,,113,False
22616,PACK OF 12 LONDON TISSUES,215.3700,279.2600,-63.8900,-0.2288,623,False
22466,FAIRY TALE COTTAGE NIGHTLIGHT,214.0500,949.3400,-735.2900,-0.7745,93,False
23162,REGENCY TEA STRAINER,213.8900,0.0000,213.8900,,56,False
48116,DOORMAT MULTICOLOUR STRIPE,213.1800,15.9000,197.2800,12.4075,18,False
22446,PIN CUSHION BABUSHKA PINK,213.0200,20.1000,192.9200,9.5980,109,False
22744,MAKE YOUR OWN MONSOON CARD KIT,212.8200,123.9300,88.8900,0.7173,254,False
85049A,TRADITIONAL CHRISTMAS RIBBONS,212.6300,225.0900,-12.4600,-0.0554,143,False
21429,RED GINGHAM ROSE JEWELLERY BOX,212.6100,382.9500,-170.3400,-0.4448,103,False
22939,APRON APPLE DELIGHT,212.5000,42.9600,169.5400,3.9465,50,False
23089,GLASS BON BON JAR,212.0900,0.0000,212.0900,,93,False
22273,FELTCRAFT DOLL MOLLY,211.7400,144.6200,67.1200,0.4641,66,False
23566,EGG CUP MILKMAID HEIDI,211.6200,0.0000,211.6200,,178,False
23310,BUBBLEGUM RING ASSORTED,210.2600,0.0000,210.2600,,485,False
22739,RIBBON REEL CHRISTMAS SOCK BAUBLE,210.0600,302.6100,-92.5500,-0.3058,90,False
23446,BLUE BUNNY EASTER EGG BASKET,208.8000,0.0000,208.8000,,144,False
23447,PINK BUNNY EASTER EGG BASKET,208.8000,0.0000,208.8000,,144,False
23127,FELTCRAFT GIRL NICOLE KIT,208.7900,0.0000,208.7900,,41,False
20973,12 PENCIL SMALL TUBE WOODLAND,207.4000,139.0500,68.3500,0.4915,284,False
22807,SET OF 6 T-LIGHTS TOADSTOOLS,207.2600,121.0000,86.2600,0.7129,110,False
23290,SPACEBOY CHILDRENS BOWL,207.2100,0.0000,207.2100,,183,False
22692,DOORMAT WELCOME TO OUR HOME,206.7700,58.8900,147.8800,2.5111,21,False
23354,6 GIFT TAGS 50'S CHRISTMAS,205.6100,0.0000,205.6100,,187,False
22738,RIBBON REEL SNOWY VILLAGE,205.4800,295.5400,-90.0600,-0.3047,103,False
22943,CHRISTMAS LIGHTS 10 VINTAGE BAUBLES,205.0100,1038.1500,-833.1400,-0.8025,19,False
23295,SET OF 12 MINI LOAF BAKING CASES,204.5300,0.0000,204.5300,,215,False
23163,REGENCY SUGAR TONGS,204.2400,0.0000,204.2400,,81,False
23265,SET OF 3 WOODEN TREE DECORATIONS,204.0400,0.0000,204.0400,,140,False
21340,CLASSIC METAL BIRDCAGE PLANT HOLDER,203.4600,203.9800,-0.5200,-0.0025,15,False
21990,MODERN FLORAL STATIONERY SET,203.4500,100.2200,103.2300,1.0300,95,False
21745,GAOLERS KEYS DECORATIVE GARDEN,203.0200,119.8300,83.1900,0.6942,56,False
22082,RIBBON REEL STRIPES DESIGN,202.8600,273.0000,-70.1400,-0.2569,114,False
23308,SET OF 60 VINTAGE LEAF CAKE CASES,202.5000,0.0000,202.5000,,438,False
22626,BLACK KITCHEN SCALES,201.9300,186.9800,14.9500,0.0800,24,False
22195,LARGE HEART MEASURING SPOONS,201.0000,234.5700,-33.5700,-0.1431,92,False
23338,EGG FRYING PAN RED,200.9100,0.0000,200.9100,,95,False
22059,CERAMIC STRAWBERRY DESIGN MUG,200.2400,156.5000,43.7400,0.2795,506,False
22064,PINK DOUGHNUT TRINKET POT,200.1100,141.0900,59.0200,0.4183,409,False
22989,SET 2 PANTRY DESIGN TEA TOWELS,199.9500,0.0000,199.9500,,45,False
84031A,CHARLIE+LOLA RED HOT WATER BOTTLE,199.6100,288.1800,-88.5700,-0.3073,109,False
22212,FOUR HOOK  WHITE LOVEBIRDS,198.5900,94.6400,103.9500,1.0984,82,False
22303,COFFEE MUG APPLES DESIGN,198.0600,0.0000,198.0600,,72,False
23217,LAUREL HEART ANTIQUE SILVER,196.8600,0.0000,196.8600,,172,False
22472,TV DINNER TRAY DOLLY GIRL,196.6000,100.7700,95.8300,0.9510,72,False
22474,SPACEBOY TV DINNER TRAY,195.6900,78.7300,116.9600,1.4856,67,False
20975,12 PENCILS SMALL TUBE RED RETROSPOT,195.6500,379.9000,-184.2500,-0.4850,301,False
22781,GUMBALL MAGAZINE RACK,195.5000,191.1900,4.3100,0.0225,16,False
22196,SMALL HEART MEASURING SPOONS,195.3300,97.7200,97.6100,0.9989,183,False
23211,RED ROCKING HORSE HAND PAINTED,195.2500,0.0000,195.2500,,132,False
47480,HANGING PHOTO CLIP ROPE LADDER,195.1300,1.6500,193.4800,117.2606,113,False
21155,RED RETROSPOT PEG BAG,195.1200,132.3200,62.8000,0.4746,51,False
22751,FELTCRAFT PRINCESS OLIVIA DOLL,194.6800,232.9800,-38.3000,-0.1644,44,False
21164,HOME SWEET HOME METAL SIGN,194.5900,177.0300,17.5600,0.0992,65,False
23007,SPACEBOY BABY GIFT SET,194.1800,0.0000,194.1800,,14,False
22492,MINI PAINT SET VINTAGE,193.7200,1181.8000,-988.0800,-0.8361,292,False
22314,OFFICE MUG WARMER CHOC+BLUE,193.2300,173.7600,19.4700,0.1121,105,False
84819,DANISH ROSE ROUND SEWING BOX,192.9800,21.2500,171.7300,8.0814,218,False
21080,SET/20 RED RETROSPOT PAPER NAPKINS,192.6600,571.7700,-379.1100,-0.6630,234,False
23536,WALL ART VILLAGE SHOW,192.0800,0.0000,192.0800,,29,False
23239,SET OF 4 KNICK KNACK TINS POPPIES,191.8900,0.0000,191.8900,,85,False
22838,3 TIER CAKE TIN RED AND CREAM,191.4300,268.5500,-77.1200,-0.2872,9,False
23424,GINGHAM RECIPE BOOK BOX,190.2700,0.0000,190.2700,,29,False
22785,SQUARECUSHION COVER PINK UNION FLAG,190.0100,111.4800,78.5300,0.7044,123,False
23329,DECORATIVE WICKER HEART LARGE,189.7400,0.0000,189.7400,,114,False
23397,FOOT STOOL HOME SWEET HOME,189.5500,0.0000,189.5500,,11,False
21934,SKULL SHOULDER BAG,189.4100,103.0000,86.4100,0.8389,103,False
35953,FOLKART STAR CHRISTMAS DECORATIONS,188.1800,62.5000,125.6800,2.0109,390,False
23189,SET OF 12 FORK CANDLES,187.9000,0.0000,187.9000,,60,False
22635,CHILDS BREAKFAST SET DOLLY GIRL,187.4000,279.0800,-91.6800,-0.3285,20,False
22801,ANTIQUE GLASS PEDESTAL BOWL,186.9900,279.0600,-92.0700,-0.3299,47,False
23168,CLASSIC CAFE SUGAR DISPENSER,186.7000,0.0000,186.7000,,121,False
22571,ROCKING HORSE RED CHRISTMAS,185.8200,278.1300,-92.3100,-0.3319,192,False
22076,6 RIBBONS EMPIRE,185.4700,45.6400,139.8300,3.0638,353,False
23210,WHITE ROCKING HORSE HAND PAINTED,184.3600,0.0000,184.3600,,132,False
23237,SET OF 4 KNICK KNACK TINS LEAF,182.6000,0.0000,182.6000,,44,False
72799E,IVORY PILLAR CANDLE SILVER FLOCK,181.8200,80.8800,100.9400,1.2480,208,False
22723,SET OF 6 HERB TINS SKETCHBOOK,181.1200,0.0000,181.1200,,128,False
23035,DRAWER KNOB CERAMIC IVORY,181.0800,0.0000,181.0800,,116,False
22483,RED GINGHAM TEDDY BEAR,181.0700,59.0400,122.0300,2.0669,65,False
22784,LANTERN CREAM GAZEBO,180.8700,191.4600,-10.5900,-0.0553,33,False
22489,PACK OF 12 TRADITIONAL CRAYONS,180.8500,57.5800,123.2700,2.1408,417,False
22593,CHRISTMAS GINGHAM STAR,179.8900,277.5800,-97.6900,-0.3519,163,False
21189,WHITE HONEYCOMB PAPER GARLAND,179.4500,33.6000,145.8500,4.3408,69,False
22095,LADS ONLY TISSUE BOX,178.5900,502.6200,-324.0300,-0.6447,156,False
84078A,SET/4 WHITE RETRO STORAGE CUBES,178.1400,76.5500,101.5900,1.3271,4,False
22175,PINK OWL SOFT TOY,178.1200,64.9600,113.1600,1.7420,64,False
20668,DISCO BALL CHRISTMAS DECORATION,178.0800,92.4600,85.6200,0.9260,1498,False
21462,"NURSERY A,B,C PAINTED LETTERS",177.4500,40.5000,136.9500,3.3815,91,False
48129,DOORMAT TOPIARY,177.3400,144.0600,33.2800,0.2310,22,False
47591D,PINK FAIRY CAKE CHILDRENS APRON,177.0200,233.1800,-56.1600,-0.2408,94,False
22274,FELTCRAFT DOLL EMILY,176.6700,106.2400,70.4300,0.6629,57,False
23292,SPACEBOY CHILDRENS CUP,176.4900,0.0000,176.4900,,143,False
22493,PAINT YOUR OWN CANVAS SET,174.8300,130.7700,44.0600,0.3369,99,False
23092,LARGE ANTIQUE WHITE PHOTO FRAME,174.5800,0.0000,174.5800,,22,False
20677,PINK POLKADOT BOWL,173.5800,135.5700,38.0100,0.2804,144,False
22991,GIRAFFE WOODEN RULER,173.2100,0.0000,173.2100,,81,False
22302,COFFEE MUG PEARS  DESIGN,172.8400,0.0000,172.8400,,64,False
84832,ZINC WILLIE WINKIE  CANDLE STICK,172.5100,74.8100,97.7000,1.3060,169,False
23490,T-LIGHT HOLDER HANGING LOVE BIRD,172.4200,0.0000,172.4200,,44,False
22757,LARGE RED BABUSHKA NOTEBOOK,172.1500,40.1400,132.0100,3.2887,368,False
23403,LETTER HOLDER HOME SWEET HOME,172.1400,0.0000,172.1400,,37,False
23568,EGG CUP HENRIETTA HEN CREAM,171.9000,0.0000,171.9000,,153,False
22695,WICKER WREATH SMALL,171.0600,59.3100,111.7500,1.8842,210,False
22802,FAUX FUR CHOCOLATE THROW,171.0000,219.5100,-48.5100,-0.2210,20,False
22581,WOOD STOCKING CHRISTMAS SCANDISPOT,170.7200,63.7600,106.9600,1.6775,370,False
21907,I'M ON HOLIDAY METAL SIGN,169.8200,145.5100,24.3100,0.1671,77,False
22301,COFFEE MUG CAT + BIRD DESIGN,169.7300,285.1200,-115.3900,-0.4047,59,False
22905,CALENDAR IN SEASON DESIGN,169.6500,38.3600,131.2900,3.4226,97,False
22063,CERAMIC BOWL WITH STRAWBERRY DESIGN,169.5800,35.4000,134.1800,3.7904,202,False
21245,GREEN POLKADOT PLATE,169.5300,16.9000,152.6300,9.0314,113,False
23366,SET 12 COLOURING PENCILS DOILY,169.4500,0.0000,169.4500,,233,False
23014,GLASS APOTHECARY BOTTLE ELIXIR,168.5300,0.0000,168.5300,,31,False
22631,CIRCUS PARADE LUNCH BOX,167.9300,110.2500,57.6800,0.5232,72,False
22845,VINTAGE CREAM CAT FOOD CONTAINER,167.4800,158.8500,8.6300,0.0543,25,False
23144,ZINC T-LIGHT HOLDER STARS SMALL,167.2300,0.0000,167.2300,,161,False
23169,CLASSIC GLASS COOKIE JAR,167.0900,0.0000,167.0900,,41,False
21497,FANCY FONTS BIRTHDAY WRAP,166.5000,31.5000,135.0000,4.2857,425,False
21671,RED SPOT CERAMIC DRAWER KNOB,164.6700,80.0600,84.6100,1.0568,123,False
22813,PACK 3 BOXES BIRD PANNETONE,163.8100,193.1800,-29.3700,-0.1520,65,False
23556,LANDMARK FRAME COVENT GARDEN,162.4600,0.0000,162.4600,,12,False
22338,STAR DECORATION PAINTED ZINC,162.3500,44.0600,118.2900,2.6847,545,False
22766,PHOTO FRAME CORNICE,162.0300,194.7900,-32.7600,-0.1682,53,False
22663,JUMBO BAG DOLLY GIRL DESIGN,162.0000,55.5300,106.4700,1.9173,70,False
23388,WOODLAND MINI BACKPACK,161.8100,0.0000,161.8100,,35,False
20970,PINK FLORAL FELTCRAFT SHOULDER BAG,161.2100,188.2200,-27.0100,-0.1435,42,False
22365,DOORMAT RESPECTABLE HOUSE,160.7400,206.1900,-45.4500,-0.2204,14,False
23175,REGENCY MILK JUG PINK,160.0600,0.0000,160.0600,,35,False
23393,HOME SWEET HOME CUSHION COVER,159.8700,0.0000,159.8700,,37,False
22435,SET OF 9 HEART SHAPED BALLOONS,159.7500,111.2700,48.4800,0.4357,143,False
85034C,3 ROSE MORRIS BOXED CANDLES,159.6600,33.9700,125.6900,3.7000,74,False
22670,FRENCH WC SIGN BLUE METAL,159.6000,75.0300,84.5700,1.1271,118,False
21833,CAMOUFLAGE LED TORCH,159.5600,523.3200,-363.7600,-0.6951,84,False
23280,FOLDING BUTTERFLY MIRROR HOT PINK,159.4400,0.0000,159.4400,,195,False
22381,TOY TIDY PINK POLKADOT,159.4300,340.5300,-181.1000,-0.5318,67,False
22763,KEY CABINET MA CAMPAGNE,159.3800,59.7000,99.6800,1.6697,13,False
22754,SMALL RED BABUSHKA NOTEBOOK,159.1800,62.0600,97.1200,1.5649,616,False
85123a,WHITE HANGING HEART T-LIGHT HOLDER,159.1200,548.3700,-389.2500,-0.7098,24,False
16169E,WRAP 50'S  CHRISTMAS,157.9200,0.0000,157.9200,,376,False
22487,WHITE WOOD GARDEN PLANT LADDER,157.6100,155.3200,2.2900,0.0147,16,False
21498,RED RETROSPOT WRAP,157.5000,158.5000,-1.0000,-0.0063,375,False
82001s,SILVER RECORD COVER FRAME,156.6600,0.0000,156.6600,,21,False
23370,SET 36 COLOURING PENCILS DOILY,155.6100,0.0000,155.6100,,109,False
21874,GIN AND TONIC MUG,154.3400,202.5100,-48.1700,-0.2379,82,False
22499,WOODEN UNION JACK BUNTING,153.2300,72.2200,81.0100,1.1217,23,False
22199,FRYING PAN RED RETROSPOT,152.7000,123.9400,28.7600,0.2320,94,False
22636,CHILDS BREAKFAST SET CIRCUS PARADE,152.6300,307.7000,-155.0700,-0.5040,17,False
72741,GRAND CHOCOLATECANDLE,151.8300,555.3200,-403.4900,-0.7266,102,False
23392,SPACEBOY ROCKET LOLLY MAKERS,151.1800,0.0000,151.1800,,51,False
85199S,SMALL HANGING IVORY/RED WOOD BIRD,150.5700,59.0100,91.5600,1.5516,256,False
23191,BUNDLE OF 3 RETRO NOTE BOOKS,150.0700,0.0000,150.0700,,83,False
23444,Next Day Carriage,150.0000,0.0000,150.0000,,10,False
22576,SWALLOW WOODEN CHRISTMAS DECORATION,149.9000,198.4600,-48.5600,-0.2447,158,False
22585,PACK OF 6 BIRDY GIFT TAGS,149.4000,817.8600,-668.4600,-0.8173,105,False
22924,FRIDGE MAGNETS LA VIE EN ROSE,149.4000,84.0600,65.3400,0.7773,174,False
23254,CHILDRENS CUTLERY DOLLY GIRL,149.3900,0.0000,149.3900,,35,False
23130,MISTLETOE HEART WREATH GREEN,149.3900,0.0000,149.3900,,35,False
82494l,WOODEN FRAME ANTIQUE WHITE,149.2200,389.6200,-240.4000,-0.6170,18,False
23580,SNACK TRAY HAPPY FOREST,148.6600,0.0000,148.6600,,74,False
21136,PAINTED METAL PEARS ASSORTED,148.3300,196.1800,-47.8500,-0.2439,81,False
21559,STRAWBERRY LUNCH BOX WITH CUTLERY,148.2100,226.2700,-78.0600,-0.3450,43,False
22217,T-LIGHT HOLDER HANGING LACE,147.5100,25.0400,122.4700,4.8910,365,False
23213,STAR WREATH DECORATION WITH BELL,146.7800,0.0000,146.7800,,100,False
22907,PACK OF 20 NAPKINS PANTRY DESIGN,146.7600,34.0000,112.7600,3.3165,180,False
22029,SPACEBOY BIRTHDAY CARD,146.4800,84.8900,61.5900,0.7255,364,False
21616,4 PEAR BOTANICAL DINNER CANDLES,146.2600,41.2500,105.0100,2.5457,58,False
23100,SILVER BELLS TABLE DECORATION,146.0500,0.0000,146.0500,,112,False
23524,WALL ART HORSE & PONY,146.0100,0.0000,146.0100,,33,False
23369,SET 36 COLOUR PENCILS LOVE LONDON,145.7300,0.0000,145.7300,,104,False
23396,LE JARDIN BOTANIQUE CUSHION COVER,145.7000,0.0000,145.7000,,33,False
22736,RIBBON REEL MAKING SNOWMEN,145.3400,146.0800,-0.7400,-0.0051,48,False
20676,RED RETROSPOT BOWL,144.4400,133.4600,10.9800,0.0823,102,False
23040,PAPER LANTERN 9 POINT SNOW STAR,144.1400,0.0000,144.1400,,22,False
21977,PACK OF 60 PINK PAISLEY CAKE CASES,144.0800,317.4200,-173.3400,-0.5461,235,False
21533,RETRO SPOT LARGE MILK JUG,143.5500,184.6500,-41.1000,-0.2226,29,False
22505,MEMO BOARD COTTAGE DESIGN,143.0500,223.4000,-80.3500,-0.3597,23,False
85034B,3 WHITE CHOC MORRIS BOXED CANDLES,143.0300,34.0000,109.0300,3.2068,75,False
22998,TRAVEL CARD WALLET KEEP CALM,142.9100,0.0000,142.9100,,310,False
21506,"FANCY FONT BIRTHDAY CARD,",142.6100,127.5300,15.0800,0.1182,367,False
22600,CHRISTMAS RETROSPOT STAR WOOD,142.1800,100.0300,42.1500,0.4214,148,False
22928,YELLOW GIANT GARDEN THERMOMETER,141.8900,35.6700,106.2200,2.9779,14,False
21877,HOME SWEET HOME MUG,141.8100,123.3600,18.4500,0.1496,77,False
23255,CHILDRENS CUTLERY CIRCUS PARADE,141.1000,0.0000,141.1000,,34,False
23504,PLAYING CARDS JUBILEE UNION JACK,141.0500,0.0000,141.0500,,108,False
22151,PLACE SETTING WHITE HEART,140.7000,78.8800,61.8200,0.7837,335,False
35599B,BLACK CHRISTMAS TREE 120CM,140.4000,47.2800,93.1200,1.9695,72,False
22300,COFFEE MUG DOG + BALL DESIGN,139.8300,188.5000,-48.6700,-0.2582,52,False
22294,HEART FILIGREE DOVE  SMALL,139.7200,328.8900,-189.1700,-0.5752,105,False
23316,RED REFECTORY CLOCK,139.4200,0.0000,139.4200,,12,False
22800,ANTIQUE TALL SWIRLGLASS TRINKET POT,138.4300,319.4700,-181.0400,-0.5667,29,False
82580,BATHROOM METAL SIGN,137.6400,65.3900,72.2500,1.1049,198,False
23555,LANDMARK FRAME NOTTING HILL,137.4600,0.0000,137.4600,,10,False
22357,KINGS CHOICE BISCUIT TIN,137.4300,93.4100,44.0200,0.4713,31,False
21122,SET/10 PINK POLKADOT PARTY CANDLES,137.4200,436.5300,-299.1100,-0.6852,108,False
82578,KITCHEN METAL SIGN,137.4000,24.5500,112.8500,4.5967,300,False
22471,TV DINNER TRAY AIR HOSTESS,137.0800,109.5500,27.5300,0.2513,52,False
22475,SKULL DESIGN TV DINNER TRAY,137.0700,35.7700,101.3000,2.8320,49,False
23196,VINTAGE LEAF MAGNETIC NOTEPAD,136.9600,0.0000,136.9600,,64,False
84406B,CREAM CUPID HEARTS COAT HANGER,136.9500,622.5200,-485.5700,-0.7800,33,False
21121,SET/10 RED POLKADOT PARTY CANDLES,136.2500,489.1300,-352.8800,-0.7214,109,False
21172,PARTY METAL SIGN,135.8600,73.8100,62.0500,0.8407,90,False
22087,PAPER BUNTING WHITE LACE,135.7000,118.0200,17.6800,0.1498,46,False
21756,BATH BUILDING BLOCK WORD,135.6000,277.5100,-141.9100,-0.5114,24,False
23394,POSTE FRANCE CUSHION COVER,135.5300,0.0000,135.5300,,23,False
23110,PARISIENNE KEY CABINET,135.1300,0.0000,135.1300,,20,False
22153,ANGEL DECORATION STARS ON DRESS,134.9600,40.8300,94.1300,2.3054,294,False
21936,RED RETROSPOT PICNIC BAG,134.8200,53.1400,81.6800,1.5371,38,False
23472,NINE DRAWER OFFICE TIDY,134.5500,0.0000,134.5500,,9,False
23458,DOLLY CABINET 3 DRAWERS,134.5500,0.0000,134.5500,,9,False
22118,JOY WOODEN BLOCK LETTERS,134.5100,106.8800,27.6300,0.2585,91,False
22694,WICKER STAR,134.1200,554.4600,-420.3400,-0.7581,55,False
23333,IVORY WICKER HEART MEDIUM,133.7500,0.0000,133.7500,,107,False
23405,HOME SWEET HOME 2 DRAWER CABINET,133.1500,0.0000,133.1500,,21,False
22594,CHRISTMAS GINGHAM TREE,133.1400,210.0900,-76.9500,-0.3663,108,False
22687,DOORMAT CHRISTMAS VILLAGE,133.0400,0.0000,133.0400,,8,False
23445,ICE CREAM BUBBLES,132.8000,0.0000,132.8000,,160,False
23052,RECYCLED ACAPULCO MAT TURQUOISE,132.7800,0.0000,132.7800,,10,False
84997c,CHILDRENS CUTLERY POLKADOT BLUE,132.6400,25.4100,107.2300,4.2200,16,False
84755,COLOUR GLASS T-LIGHT HOLDER HANGING,132.5600,181.5200,-48.9600,-0.2697,164,False
22441,GROW YOUR OWN BASIL IN ENAMEL MUG,132.0200,144.9300,-12.9100,-0.0891,59,False
22686,FRENCH BLUE METAL DOOR SIGN No,131.9200,7.5200,124.4000,16.5426,123,False
23452,HEART MINI PORTRAIT FRAME,131.5700,0.0000,131.5700,,63,False
22623,BOX OF VINTAGE JIGSAW BLOCKS,131.4700,228.3500,-96.8800,-0.4243,18,False
23425,STORAGE TIN HOME SWEET HOME,131.4100,0.0000,131.4100,,103,False
22186,RED STAR CARD HOLDER,131.1400,109.2100,21.9300,0.2008,42,False
21672,WHITE SPOT RED CERAMIC DRAWER KNOB,130.9400,61.2500,69.6900,1.1378,66,False
23235,STORAGE TIN VINTAGE LEAF,130.7700,0.0000,130.7700,,81,False
23430,BLUE RETRO KITCHEN WALL CLOCK,130.7300,0.0000,130.7300,,15,False
22944,CHRISTMAS METAL POSTCARD WITH BELLS,130.6200,46.1300,84.4900,1.8316,126,False
23429,RED RETRO KITCHEN WALL CLOCK,130.4000,0.0000,130.4000,,16,False
22079,RIBBON REEL HEARTS DESIGN,130.2600,44.0500,86.2100,1.9571,70,False
22352,LUNCH BOX WITH CUTLERY RETROSPOT,129.4100,231.6500,-102.2400,-0.4414,38,False
72760B,VINTAGE CREAM 3 BASKET CAKE STAND,129.3500,99.5000,29.8500,0.3000,13,False
22669,RED BABY BUNTING,129.0300,144.7200,-15.6900,-0.1084,37,False
22737,RIBBON REEL CHRISTMAS PRESENT,128.6100,225.1100,-96.5000,-0.4287,53,False
23391,I LOVE LONDON MINI BACKPACK,128.6000,0.0000,128.6000,,26,False
23133,LARGE IVORY HEART WALL ORGANISER,128.5100,0.0000,128.5100,,15,False
22771,CLEAR DRAWER KNOB ACRYLIC EDWARDIAN,127.8500,235.1100,-107.2600,-0.4562,77,False
22923,FRIDGE MAGNETS LES ENFANTS ASSORTED,127.2000,77.3200,49.8800,0.6451,168,False
48111,DOORMAT 3 SMILEY CATS,127.1300,427.4100,-300.2800,-0.7026,15,False
22584,PACK OF 6 PANNETONE GIFT BOXES,127.0800,147.6600,-20.5800,-0.1394,47,False
22601,CHRISTMAS RETROSPOT ANGEL WOOD,126.8800,171.7200,-44.8400,-0.2611,130,False
22662,LUNCH BAG DOLLY GIRL DESIGN,126.2500,146.2800,-20.0300,-0.1369,69,False
22380,TOY TIDY SPACEBOY,126.1500,58.8600,67.2900,1.1432,115,False
22203,MILK PAN RED RETROSPOT,126.0500,48.9900,77.0600,1.5730,76,False
23691,WRAP KEEP CALM BIRTHDAY,126.0000,0.0000,126.0000,,300,False
72349B,SET/6 PURPLE BUTTERFLY T-LIGHTS,125.7200,56.7100,69.0100,1.2169,56,False
21056,DOCTOR'S BAG SOFT TOY,125.3600,116.3500,9.0100,0.0774,8,False
22544,MINI JIGSAW SPACEBOY,125.3500,68.7800,56.5700,0.8225,597,False
23558,LANDMARK FRAME LONDON BRIDGE,124.9600,0.0000,124.9600,,9,False
22782,SET 3 WICKER STORAGE BASKETS,124.7500,0.0000,124.7500,,5,False
23541,WALL ART CLASSIC PUDDINGS,124.7000,0.0000,124.7000,,8,False
21864,UNION JACK FLAG PASSPORT COVER,124.5900,250.0400,-125.4500,-0.5017,60,False
22775,PURPLE DRAWERKNOB ACRYLIC EDWARDIAN,124.4700,158.7800,-34.3100,-0.2161,85,False
23434,3 RAFFIA RIBBONS 50'S CHRISTMAS,124.3800,0.0000,124.3800,,154,False
21903,MAN FLU METAL SIGN,124.2200,86.2100,38.0100,0.4409,61,False
20893,HANGING BAUBLE T-LIGHT HOLDER SMALL,123.9000,226.8000,-102.9000,-0.4537,59,False
22297,HEART IVORY TRELLIS SMALL,123.4300,196.4000,-72.9700,-0.3715,91,False
22037,ROBOT BIRTHDAY CARD,123.1100,34.4900,88.6200,2.5694,301,False
22340,NOEL GARLAND PAINTED ZINC,123.1000,3.3600,119.7400,35.6369,156,False
22599,CHRISTMAS MUSICAL ZINC STAR,122.9100,14.4100,108.5000,7.5295,237,False
22069,BROWN  PIRATE TREASURE CHEST,122.8100,53.7900,69.0200,1.2831,119,False
84992,72 SWEETHEART FAIRY CAKE CASES,122.6500,178.7100,-56.0600,-0.3137,209,False
20961,STRAWBERRY BATH SPONGE,122.1800,185.1400,-62.9600,-0.3401,90,False
22597,MUSICAL ZINC HEART DECORATION,121.0200,13.5600,107.4600,7.9248,290,False
35599D,PINK AND WHITE CHRISTMAS TREE 120CM,120.9500,17.7300,103.2200,5.8218,41,False
21463,MIRRORED DISCO BALL,120.8500,108.9500,11.9000,0.1092,23,False
23371,SET 36 COLOUR PENCILS SPACEBOY,120.7700,0.0000,120.7700,,85,False
23128,FELTCRAFT BOY JEAN-PAUL KIT,120.5800,0.0000,120.5800,,22,False
23340,VINTAGE CHRISTMAS CAKE FRILL,120.3400,0.0000,120.3400,,62,False
22915,ASSORTED BOTTLE TOP  MAGNETS,120.0000,91.1800,28.8200,0.3161,504,False
22562,MONSTERS STENCIL CRAFT,119.8800,32.5000,87.3800,2.6886,93,False
22134,MINI LADLE LOVE HEART RED,119.5100,13.5700,105.9400,7.8069,313,False
22796,PHOTO FRAME 3 CLASSIC HANGING,119.4000,143.2900,-23.8900,-0.1667,12,False
21742,LARGE ROUND WICKER PLATTER,119.0000,18.6700,100.3300,5.3739,20,False
22840,ROUND CAKE TIN VINTAGE RED,118.9200,191.4900,-72.5700,-0.3790,12,False
22628,PICNIC BOXES SET OF 3 RETROSPOT,118.8000,40.6800,78.1200,1.9204,24,False
17003,BROCADE RING PURSE,118.7100,181.0400,-62.3300,-0.3443,297,False
22319,HAIRCLIPS FORTIES FABRIC ASSORTED,118.5600,0.0000,118.5600,,624,False
21822,GLITTER CHRISTMAS TREE WITH BELLS,118.4500,86.1100,32.3400,0.3756,107,False
85049a,TRADITIONAL CHRISTMAS RIBBONS,118.4400,218.4000,-99.9600,-0.4577,36,False
22895,SET OF 2 TEA TOWELS APPLE AND PEARS,118.3000,141.6800,-23.3800,-0.1650,26,False
22604,SET OF 4 NAPKIN CHARMS CUTLERY,117.8900,25.5000,92.3900,3.6231,33,False
22922,FRIDGE MAGNETS US DINER ASSORTED,117.6000,30.6000,87.0000,2.8431,150,False
22500,SET OF 2 TINS JARDIN DE PROVENCE,117.5000,29.7000,87.8000,2.9562,94,False
21890,S/6 WOODEN SKITTLES IN COTTON BAG,117.4100,156.4200,-39.0100,-0.2494,33,False
22839,3 TIER CAKE TIN GREEN AND CREAM,117.3300,313.2900,-195.9600,-0.6255,5,False
22358,KINGS CHOICE TEA CADDY,116.3500,135.8200,-19.4700,-0.1434,25,False
21417,COCKLE SHELL DISH,116.3100,6.3100,110.0000,17.4326,143,False
22221,CAKE STAND LOVEBIRD 2 TIER PINK,116.1500,20.3800,95.7700,4.6992,37,False
22508,DOORSTOP RETROSPOT HEART,116.0500,158.3400,-42.2900,-0.2671,26,False
22055,MINI CAKE STAND  HANGING STRAWBERY,115.3800,0.0000,115.3800,,270,False
22602,CHRISTMAS RETROSPOT HEART WOOD,115.3200,98.1600,17.1600,0.1748,132,False
23221,REINDEER HEART DECORATION SILVER,115.3000,0.0000,115.3000,,110,False
22422,TOOTHPASTE TUBE PEN,115.2000,40.4900,74.7100,1.8451,538,False
22755,SMALL PURPLE BABUSHKA NOTEBOOK,114.8800,42.9500,71.9300,1.6747,474,False
22973,CHILDREN'S CIRCUS PARADE MUG,114.1100,95.9400,18.1700,0.1894,71,False
23281,FOLDING BUTTERFLY MIRROR RED,113.0800,0.0000,113.0800,,147,False
15056P,EDWARDIAN PARASOL PINK,113.0500,250.5500,-137.5000,-0.5488,19,False
21191,LARGE WHITE HONEYCOMB PAPER BELL,112.7000,153.5400,-40.8400,-0.2660,44,False
23554,LANDMARK FRAME OXFORD STREET,112.4600,0.0000,112.4600,,8,False
22550,HOLIDAY FUN LUDO,112.3000,121.0800,-8.7800,-0.0725,25,False
21955,DOORMAT UNION JACK GUNS AND ROSES,112.2200,214.9500,-102.7300,-0.4779,14,False
22419,LIPSTICK PEN RED,112.1400,106.5100,5.6300,0.0529,185,False
23274,STAR T-LIGHT HOLDER WILLIE WINKIE,112.0800,0.0000,112.0800,,56,False
72800E,4 IVORY DINNER CANDLES SILVER FLOCK,112.0300,123.6000,-11.5700,-0.0936,107,False
23041,PAPER LANTERN 9 POINT SNOW STAR,111.9700,0.0000,111.9700,,19,False
85174,S/4 CACTI CANDLES,111.9600,302.5300,-190.5700,-0.6299,12,False
22154,ANGEL DECORATION 3 BUTTONS,111.9400,140.8600,-28.9200,-0.2053,247,False
22971,QUEENS GUARD COFFEE MUG,111.3600,0.0000,111.3600,,38,False
23194,GYMKHANA TREASURE BOOK BOX,111.1300,0.0000,111.1300,,38,False
21619,4 VANILLA BOTANICAL CANDLES,110.9900,7.6200,103.3700,13.5656,69,False
23009,I LOVE LONDON BABY GIFT SET,110.9600,0.0000,110.9600,,8,False
22816,CARD MOTORBIKE SANTA,110.8800,209.4800,-98.6000,-0.4707,264,False
23273,HEART T-LIGHT HOLDER WILLIE WINKIE,110.4500,0.0000,110.4500,,57,False
22701,PINK DOG BOWL,109.7800,8.8600,100.9200,11.3905,84,False
22393,PAPERWEIGHT VINTAGE COLLAGE,109.6500,25.3000,84.3500,3.3340,246,False
23315,IVORY REFECTORY CLOCK,109.6300,0.0000,109.6300,,8,False
47567B,TEA TIME KITCHEN APRON,109.3400,137.6700,-28.3300,-0.2058,14,False
22453,MEASURING TAPE BABUSHKA BLUE,109.1500,177.3500,-68.2000,-0.3846,37,False
22908,PACK OF 20 NAPKINS RED APPLES,109.0000,60.6000,48.4000,0.7987,142,False
20828,GLITTER BUTTERFLY CLIPS,108.5300,119.7300,-11.2000,-0.0935,35,False
22123,PING MICROWAVE APRON,108.5200,28.8600,79.6600,2.7602,112,False
82567,"AIRLINE LOUNGE,METAL SIGN",107.9500,50.4400,57.5100,1.1402,57,False
22495,SET OF 2 ROUND TINS CAMEMBERT,107.4200,47.2200,60.2000,1.2749,98,False
23345,DOLLY GIRL BEAKER,107.2600,0.0000,107.2600,,80,False
48185,DOORMAT FAIRY CAKE,107.2500,327.1500,-219.9000,-0.6722,13,False
22664,TOY TIDY DOLLY GIRL DESIGN,107.1900,48.3800,58.8100,1.2156,123,False
47559B,TEA TIME OVEN GLOVE,107.1400,143.8500,-36.7100,-0.2552,77,False
22418,10 COLOUR SPACEBOY PEN,106.9100,352.1900,-245.2800,-0.6964,110,False
21875,KINGS CHOICE MUG,106.8500,51.4100,55.4400,1.0784,73,False
20978,36 PENCILS TUBE SKULLS,106.8000,23.7600,83.0400,3.4949,73,False
84692,BOX OF 24 COCKTAIL PARASOLS,106.7400,176.9900,-70.2500,-0.3969,219,False
22460,EMBOSSED GLASS TEALIGHT HOLDER,106.7400,60.0300,46.7100,0.7781,67,False
22432,WATERING CAN PINK BUNNY,106.7300,42.1900,64.5400,1.5297,61,False
84792,ENCHANTED BIRD COATHANGER 5 HOOK,106.6100,111.6200,-5.0100,-0.0449,21,False
23438,RED SPOT GIFT BAG LARGE,106.1700,0.0000,106.1700,,83,False
23505,PLAYING CARDS I LOVE LONDON,106.1700,0.0000,106.1700,,83,False
23156,SET OF 5 MINI GROCERY MAGNETS,106.0800,0.0000,106.0800,,51,False
22649,STRAWBERRY FAIRY CAKE TEAPOT,105.7300,146.4400,-40.7100,-0.2780,19,False
22224,WHITE LOVEBIRD LANTERN,105.6500,88.5600,17.0900,0.1930,31,False
22712,CARD DOLLY GIRL,105.4500,34.4500,71.0000,2.0610,279,False
84012,MAGIC SHEEP WOOL GROWING FROM PAPER,105.4000,0.0000,105.4000,,124,False
21428,SET3 BOOK BOX GREEN GINGHAM FLOWER,105.2000,213.0000,-107.8000,-0.5061,20,False
23232,WRAP VINTAGE LEAF DESIGN,105.0000,0.0000,105.0000,,250,False
23251,VINTAGE RED ENAMEL TRIM MUG,104.8400,0.0000,104.8400,,100,False
71459,HANGING JAM JAR T-LIGHT HOLDER,104.6000,344.9600,-240.3600,-0.6968,104,False
22312,OFFICE MUG WARMER POLKADOT,104.3300,259.6900,-155.3600,-0.5983,49,False
37500,TEA TIME TEAPOT IN GIFT BOX,104.3100,41.1300,63.1800,1.5361,15,False
23236,STORAGE TIN VINTAGE DOILY,104.1000,0.0000,104.1000,,30,False
23250,VINTAGE RED TRIM ENAMEL BOWL,103.7500,0.0000,103.7500,,83,False
22979,PANTRY WASHING UP BRUSH,103.5600,0.0000,103.5600,,60,False
21210,SET OF 72 RETROSPOT PAPER  DOILIES,102.7400,214.0400,-111.3000,-0.5200,59,False
21544,SKULLS  WATER TRANSFER TATTOOS,102.4300,61.5300,40.9000,0.6647,115,False
47504H,ENGLISH ROSE SPIRIT LEVEL,102.2900,3.9000,98.3900,25.2282,101,False
85049E,SCANDINAVIAN REDS RIBBONS,101.7800,269.0300,-167.2500,-0.6217,64,False
23695,DOILY THANK YOU CARD,101.4600,0.0000,101.4600,,246,False
22946,WOODEN ADVENT CALENDAR CREAM,100.7500,390.7500,-290.0000,-0.7422,7,False
22429,ENAMEL MEASURING JUG CREAM,100.7400,165.6000,-64.8600,-0.3917,18,False
22080,RIBBON REEL SPOTS DESIGN,100.6300,114.9400,-14.3100,-0.1245,59,False
22182,CAKE STAND VICTORIAN FILIGREE SMALL,100.0000,29.4700,70.5300,2.3933,80,False
23406,HOME SWEET HOME KEY HOLDER,99.9200,0.0000,99.9200,,14,False
23368,SET 12 COLOUR PENCILS DOLLY GIRL,99.9000,0.0000,99.9000,,138,False
23317,BLUE REFECTORY CLOCK,99.5600,0.0000,99.5600,,9,False
23050,RECYCLED ACAPULCO MAT GREEN,99.3900,0.0000,99.3900,,9,False
22691,DOORMAT WELCOME SUNRISE,98.2900,7.9500,90.3400,11.3635,11,False
21933,PINK VINTAGE PAISLEY PICNIC BAG,97.9800,59.0200,38.9600,0.6601,53,False
82552,WASHROOM METAL SIGN,97.5400,118.5100,-20.9700,-0.1769,61,False
10135,COLOURING PENCILS BROWN TUBE,97.1400,71.3800,25.7600,0.3609,69,False
22804,CANDLEHOLDER PINK HANGING HEART,96.8000,332.3700,-235.5700,-0.7088,28,False
23294,SET OF 6 SNACK LOAF BAKING CASES,96.7200,0.0000,96.7200,,91,False
22486,PLASMATRONIC LAMP,95.9700,25.5000,70.4700,2.7635,21,False
22304,COFFEE MUG BLUE PAISLEY DESIGN,95.8600,112.1200,-16.2600,-0.1450,43,False
22891,TEA FOR ONE POLKADOT,95.8600,178.2600,-82.4000,-0.4622,14,False
23146,TRIPLE HOOK ANTIQUE IVORY ROSE,95.6800,0.0000,95.6800,,32,False
22603,CHRISTMAS RETROSPOT TREE WOOD,95.5700,75.0100,20.5600,0.2741,95,False
23454,THREE MINI HANGING FRAMES,95.4400,0.0000,95.4400,,22,False
85135C,RED DRAGONFLY HELICOPTER,95.4000,141.9100,-46.5100,-0.3277,12,False
22959,WRAP CHRISTMAS VILLAGE,94.9200,5.4600,89.4600,16.3846,226,False
71053,WHITE METAL LANTERN,94.7400,748.0900,-653.3500,-0.8734,18,False
21974,SET OF 36 PAISLEY FLOWER DOILIES,94.5800,34.1500,60.4300,1.7695,58,False
20982,12 PENCILS TALL TUBE SKULLS,94.5700,53.5500,41.0200,0.7660,103,False
22074,6 RIBBONS SHIMMERING PINKS,94.4400,8.2500,86.1900,10.4473,186,False
23499,SET 12 VINTAGE DOILY CHALK,94.4300,0.0000,94.4300,,218,False
23244,ROUND STORAGE TIN VINTAGE LEAF,94.2900,0.0000,94.2900,,45,False
46776F,WOVEN ROSE GARDEN CUSHION COVER,94.1400,0.0000,94.1400,,22,False
22703,PINK CAT BOWL,94.0500,2.1000,91.9500,43.7857,103,False
23010,CIRCUS PARADE BABY GIFT SET,94.0100,0.0000,94.0100,,7,False
84836,ZINC METAL HEART DECORATION,93.5100,270.0900,-176.5800,-0.6538,69,False
23402,HOME SWEET HOME 3 PEG HANGER,93.4700,0.0000,93.4700,,18,False
82001S,VINYL RECORD FRAME SILVER,93.3100,104.2200,-10.9100,-0.1047,14,False
20963,APPLE BATH SPONGE,93.2700,241.4200,-148.1500,-0.6137,63,False
23181,BULL DOG BOTTLE TOP WALL CLOCK,93.2600,0.0000,93.2600,,10,False
22948,METAL DECORATION NAUGHTY CHILDREN,93.2300,94.1400,-0.9100,-0.0097,83,False
21286,RETROSPOT CANDLE  LARGE,93.2200,15.1800,78.0400,5.1410,158,False
22852,DOG BOWL VINTAGE CREAM,93.0800,0.0000,93.0800,,20,False
21932,SCANDINAVIAN PAISLEY PICNIC BAG,93.0600,41.3100,51.7500,1.2527,51,False
22360,GLASS JAR ENGLISH CONFECTIONERY,92.9700,94.5000,-1.5300,-0.0162,19,False
90200A,PURPLE SWEETHEART BRACELET,92.8000,16.9800,75.8200,4.4653,22,False
22806,SET OF 6 T-LIGHTS WEDDING CAKE,92.7000,35.4000,57.3000,1.6186,66,False
47590B,PINK HAPPY BIRTHDAY BUNTING,92.5400,120.0200,-27.4800,-0.2290,16,False
23029,DRAWER KNOB CRACKLE GLAZE GREEN,92.4000,0.0000,92.4000,,56,False
47593B,SCOTTIE DOGS BABY BIB,92.3100,16.5500,75.7600,4.5776,213,False
22155,STAR DECORATION RUSTIC,92.2800,138.0400,-45.7600,-0.3315,167,False
23129,HEART SHAPED HOLLY WREATH,91.2600,0.0000,91.2600,,18,False
23378,PACK OF 12 50'S CHRISTMAS TISSUES,91.1500,0.0000,91.1500,,201,False
20704,MR ROBOT SOFT TOY,90.2000,0.0000,90.2000,,36,False
22748,POPPY'S PLAYHOUSE KITCHEN,90.1600,228.9900,-138.8300,-0.6063,36,False
22568,FELTCRAFT CUSHION OWL,90.0000,751.4100,-661.4100,-0.8802,24,False
22504,CABIN BAG VINTAGE RETROSPOT,89.8500,209.6500,-119.8000,-0.5714,3,False
22762,CUPBOARD 3 DRAWER MA CAMPAGNE,89.7000,176.5300,-86.8300,-0.4919,6,False
23437,50'S CHRISTMAS GIFT BAG LARGE,89.6400,0.0000,89.6400,,63,False
21922,UNION STRIPE WITH FRINGE  HAMMOCK,89.6400,74.7900,14.8500,0.1986,8,False
84509a,SET OF 4 ENGLISH ROSE PLACEMATS,89.5200,0.0000,89.5200,,12,False
21285,RETROSPOT CANDLE  MEDIUM,89.3100,12.6300,76.6800,6.0713,229,False
22296,HEART IVORY TRELLIS LARGE,89.0600,224.6400,-135.5800,-0.6035,50,False
70006,LOVE HEART POCKET WARMER,89.0500,74.9700,14.0800,0.1878,87,False
23376,PACK OF 12 VINTAGE CHRISTMAS TISSUE,88.8500,0.0000,88.8500,,203,False
22210,WOOD STAMP SET BEST WISHES,88.7500,47.9100,40.8400,0.8524,101,False
23451,SQUARE MINI PORTRAIT FRAME,88.6700,0.0000,88.6700,,41,False
90200D,PINK SWEETHEART BRACELET,88.6500,29.7200,58.9300,1.9828,21,False
22799,SWEETHEART WIRE FRUIT BOWL,88.5000,8.5000,80.0000,9.4118,30,False
22745,POPPY'S PLAYHOUSE BEDROOM,87.9900,222.7000,-134.7100,-0.6049,34,False
22108,PING! MICROWAVE PLATE,87.9700,16.8000,71.1700,4.2363,41,False
22496,SET OF 2 ROUND TINS DUTCH CHEESE,87.6900,2.9500,84.7400,28.7254,111,False
22526,WHEELBARROW FOR CHILDREN,87.6300,0.0000,87.6300,,4,False
23104,IVORY CAFE HANGING LAMP,87.5000,0.0000,87.5000,,7,False
22190,LOCAL CAFE MUG,87.3900,58.6000,28.7900,0.4913,141,False
22096,PINK PAISLEY SQUARE TISSUE BOX,87.3600,7.5200,79.8400,10.6170,224,False
22660,DOORMAT I LOVE LONDON,87.3000,62.1300,25.1700,0.4051,12,False
21452,TOADSTOOL MONEY BOX,87.2300,194.0300,-106.8000,-0.5504,26,False
22595,GINGHAM HEART DECORATION,87.1300,377.7600,-290.6300,-0.7694,97,False
22661,CHARLOTTE BAG DOLLY GIRL DESIGN,87.0600,71.2800,15.7800,0.2214,96,False
22097,SWALLOW SQUARE TISSUE BOX,86.9700,23.7600,63.2100,2.6604,223,False
23578,SNACK TRAY RED GINGHAM,86.4900,0.0000,86.4900,,41,False
22131,FOOD CONTAINER SET 3 LOVE HEART,86.3800,130.2500,-43.8700,-0.3368,32,False
22951,60 CAKE CASES DOLLY GIRL DESIGN,86.3500,101.3300,-14.9800,-0.1478,143,False
23525,WALL ART BUFFALO BILL,86.2100,0.0000,86.2100,,22,False
23346,SPACEBOY BEAKER,85.8900,0.0000,85.8900,,60,False
84991,60 TEATIME FAIRY CAKE CASES,85.8500,264.0300,-178.1800,-0.6748,137,False
23031,DRAWER KNOB CRACKLE GLAZE PINK,85.7800,0.0000,85.7800,,50,False
23271,CHRISTMAS TABLE SILVER CANDLE SPIKE,85.7200,0.0000,85.7200,,84,False
84813,SET OF 4 DIAMOND NAPKIN RINGS,85.5500,63.7400,21.8100,0.3422,29,False
51014A,"FEATHER PEN,HOT PINK",85.5100,23.7200,61.7900,2.6050,173,False
22414,DOORMAT NEIGHBOURHOOD WITCH,85.2200,23.8500,61.3700,2.5732,16,False
23214,JINGLE BELL HEART ANTIQUE GOLD,85.2200,0.0000,85.2200,,39,False
22814,CARD PARTY GAMES,85.0200,21.0700,63.9500,3.0351,223,False
22756,LARGE YELLOW BABUSHKA NOTEBOOK,84.8100,12.5200,72.2900,5.7740,175,False
22675,FRENCH KITCHEN SIGN BLUE METAL,84.7600,20.0800,64.6800,3.2211,62,False
22417,PACK OF 60 SPACEBOY CAKE CASES,84.7500,87.4400,-2.6900,-0.0308,149,False
22216,T-LIGHT HOLDER WHITE LACE,84.5800,16.6000,67.9800,4.0952,190,False
23093,SMALL PARISIENNE HEART PHOTO FRAME,84.4800,0.0000,84.4800,,25,False
22589,CARDHOLDER GINGHAM STAR,84.3200,208.5400,-124.2200,-0.5957,17,False
23457,LARGE PARLOUR PICTURE FRAME,84.1500,0.0000,84.1500,,17,False
21668,RED STRIPE CERAMIC DRAWER KNOB,84.1500,48.3700,35.7800,0.7397,39,False
22295,HEART FILIGREE DOVE LARGE,84.1200,236.3100,-152.1900,-0.6440,48,False
22672,FRENCH BATHROOM SIGN BLUE METAL,84.1100,38.1900,45.9200,1.2024,47,False
22156,HEART DECORATION WITH PEARLS,84.0900,72.8600,11.2300,0.1541,87,False
22078,RIBBON REEL LACE DESIGN,84.0000,56.7200,27.2800,0.4810,40,False
23231,WRAP DOILEY DESIGN,84.0000,0.0000,84.0000,,200,False
84817,DANISH ROSE DECORATIVE PLATE,84.0000,0.0000,84.0000,,211,False
22704,WRAP RED APPLES,84.0000,52.5000,31.5000,0.6000,200,False
23145,ZINC T-LIGHT HOLDER STAR LARGE,83.9600,0.0000,83.9600,,86,False
22956,36 FOIL HEART CAKE CASES,83.7400,219.0200,-135.2800,-0.6177,106,False
21213,PACK OF 72 SKULL CAKE CASES,83.7000,268.4300,-184.7300,-0.6882,142,False
84997b,CHILDRENS CUTLERY RETROSPOT RED,82.9000,211.7500,-128.8500,-0.6085,10,False
22732,3D VINTAGE CHRISTMAS STICKERS,82.6700,105.9100,-23.2400,-0.2194,53,False
46776A,WOVEN BUBBLE GUM CUSHION COVER,82.6000,8.4200,74.1800,8.8100,20,False
84030e,ENGLISH ROSE HOT WATER BOTTLE,82.1700,67.7600,14.4100,0.2127,9,False
17091J,VANILLA INCENSE IN TIN,82.0800,93.6400,-11.5600,-0.1235,216,False
23267,SET OF 4 SANTA PLACE SETTINGS,82.0200,0.0000,82.0200,,54,False
22473,TV DINNER TRAY VINTAGE PAISLEY,81.9000,139.2500,-57.3500,-0.4118,42,False
22818,CARD CHRISTMAS VILLAGE,81.9000,162.5500,-80.6500,-0.4962,195,False
20992,JAZZ HEARTS PURSE NOTEBOOK,81.5800,42.3000,39.2800,0.9286,206,False
23176,ABC TREASURE BOOK BOX,81.4000,0.0000,81.4000,,31,False
85107,CUT GLASS T-LIGHT HOLDER OCTAGON,81.1200,30.6000,50.5200,1.6510,48,False
22779,WOODEN OWLS LIGHT GARLAND,80.7500,950.2900,-869.5400,-0.9150,19,False
22772,PINK DRAWER KNOB ACRYLIC EDWARDIAN,80.6500,140.0800,-59.4300,-0.4243,37,False
79302M,"ART LIGHTS,FUNK MONKEY",80.5000,86.4200,-5.9200,-0.0685,30,False
23005,TRAVEL CARD WALLET I LOVE LONDON,80.4200,0.0000,80.4200,,170,False
23413,VINTAGE COFFEE GRINDER BOX,80.3900,0.0000,80.3900,,17,False
72819,CUPID DESIGN SCENTED CANDLES,80.0000,25.4200,54.5800,2.1471,64,False
84510A,SET OF 4 ENGLISH ROSE COASTERS,79.8800,37.5400,42.3400,1.1279,61,False
22996,TRAVEL CARD WALLET VINTAGE TICKET,79.8700,0.0000,79.8700,,156,False
22564,ALPHABET STENCIL CRAFT,79.8000,66.2500,13.5500,0.2045,59,False
22890,NOVELTY BISCUITS CAKE STAND 3 TIER,79.7200,311.4300,-231.7100,-0.7440,6,False
22209,WOOD STAMP SET HAPPY BIRTHDAY,79.6500,23.1600,56.4900,2.4391,93,False
23436,VINTAGE CHRISTMAS GIFT BAG LARGE,79.5600,0.0000,79.5600,,53,False
22735,RIBBON REEL SOCKS AND MITTENS,79.4100,93.1100,-13.7000,-0.1471,18,False
21730,GLASS STAR FROSTED T-LIGHT HOLDER,79.3200,694.7200,-615.4000,-0.8858,14,False
23331,DECORATIVE WICKER HEART SMALL,79.2000,0.0000,79.2000,,108,False
22513,DOORSTOP FOOTBALL DESIGN,79.1700,22.6200,56.5500,2.5000,58,False
85049G,CHOCOLATE BOX RIBBONS,78.7100,77.5200,1.1900,0.0154,62,False
21284,RETROSPOT CANDLE  SMALL,78.6800,0.0000,78.6800,,172,False
23182,TOILET SIGN OCCUPIED OR VACANT,78.5400,0.0000,78.5400,,53,False
22896,PEG BAG APPLES DESIGN,78.5000,30.4400,48.0600,1.5788,20,False
21034,REX CASH+CARRY JUMBO SHOPPER,77.9000,71.2500,6.6500,0.0933,82,False
21065,BOOM BOX SPEAKER GIRLS,77.7100,17.8200,59.8900,3.3608,23,False
23008,DOLLY GIRL BABY GIFT SET,77.0600,0.0000,77.0600,,6,False
23372,SET 36 COLOUR PENCILS DOLLY GIRL,76.9800,0.0000,76.9800,,49,False
23022,SMALL BONNE JAM JAR  T-LIGHT HOLDER,76.9600,0.0000,76.9600,,37,False
22780,LIGHT GARLAND BUTTERFILES PINK,76.5000,719.2900,-642.7900,-0.8936,18,False
21591,COSY HOUR CIGAR BOX MATCHES,76.2500,123.7500,-47.5000,-0.3838,61,False
85178,VICTORIAN SEWING KIT,75.6100,187.5500,-111.9400,-0.5969,45,False
23296,SET OF 6 TEA TIME BAKING CASES,75.5300,0.0000,75.5300,,49,False
22361,GLASS JAR DAISY FRESH COTTON WOOL,75.4900,38.4100,37.0800,0.9654,15,False
22068,BLACK PIRATE TREASURE CHEST,75.3900,36.0400,39.3500,1.0918,171,False
22375,AIRLINE BAG VINTAGE JET SET BROWN,75.2400,106.0700,-30.8300,-0.2907,12,False
22588,CARD HOLDER GINGHAM HEART,75.2100,243.6800,-168.4700,-0.6914,19,False
15039,SANDALWOOD FAN,75.0500,14.4100,60.6400,4.2082,47,False
23557,LANDMARK FRAME BAKER STREET,74.9600,0.0000,74.9600,,5,False
23017,APOTHECARY MEASURING JAR,74.8800,0.0000,74.8800,,3,False
23330,DECORATIVE WICKER HEART MEDIUM,74.8400,0.0000,74.8400,,56,False
23334,IVORY WICKER HEART SMALL,74.7600,0.0000,74.7600,,98,False
23075,PARLOUR CERAMIC WALL HOOK,74.7000,0.0000,74.7000,,18,False
23469,CARD HOLDER LOVE BIRD SMALL,74.6500,0.0000,74.6500,,13,False
21704,BAG 250g SWIRLY MARBLES,74.6000,104.8700,-30.2700,-0.2886,74,False
23053,RECYCLED ACAPULCO MAT PINK,74.5100,0.0000,74.5100,,7,False
72349b,SET/6 PURPLE BUTTERFLY T-LIGHTS,74.3400,37.8900,36.4500,0.9620,18,False
22972,CHILDREN'S SPACEBOY MUG,74.2300,198.6600,-124.4300,-0.6263,43,False
22343,PARTY PIZZA DISH RED RETROSPOT,74.1300,10.2000,63.9300,6.2676,375,False
15036,ASSORTED COLOURS SILK FAN,74.0700,73.2400,0.8300,0.0113,69,False
22448,PIN CUSHION BABUSHKA RED,73.9500,13.4000,60.5500,4.5187,39,False
21900,"KEY FOB , SHED",73.5500,89.5500,-16.0000,-0.1787,83,False
21243,PINK  SPOTTY PLATE,73.5500,35.4900,38.0600,1.0724,35,False
22378,WALL TIDY RETROSPOT,73.5300,79.1000,-5.5700,-0.0704,17,False
23546,WRAP PAISLEY PARK,73.5000,0.0000,73.5000,,175,False
23545,WRAP RED VINTAGE DOILY,73.5000,0.0000,73.5000,,175,False
21669,BLUE STRIPE CERAMIC DRAWER KNOB,73.3900,131.8900,-58.5000,-0.4436,43,False
23099,FRENCH CARRIAGE LANTERN,73.1300,0.0000,73.1300,,9,False
22965,3 TRADITIONAl BISCUIT CUTTERS  SET,73.0100,86.1100,-13.1000,-0.1521,28,False
22591,CARDHOLDER GINGHAM CHRISTMAS TREE,72.9300,10.2000,62.7300,6.1500,11,False
21584,RETROSPOT SMALL TUBE MATCHES,72.6000,112.2000,-39.6000,-0.3529,44,False
22488,NATURAL SLATE RECTANGLE CHALKBOARD,72.5300,59.6400,12.8900,0.2161,37,False
21329,DINOSAURS  WRITING SET,72.4800,81.6900,-9.2100,-0.1127,32,False
23453,OVAL  MINI PORTRAIT FRAME,72.1500,0.0000,72.1500,,37,False
22853,CAT BOWL VINTAGE CREAM,71.8900,3.2500,68.6400,21.1200,19,False
23079,TOADSTOOL BEDSIDE LIGHT,71.6000,0.0000,71.6000,,8,False
22163,HEART STRING MEMO HOLDER HANGING,71.4200,37.8600,33.5600,0.8864,50,False
21535,RED RETROSPOT SMALL MILK JUG,71.4000,0.0000,71.4000,,28,False
22374,AIRLINE BAG VINTAGE JET SET RED,71.2900,72.1600,-0.8700,-0.0121,13,False
72351B,SET/6 PINK  BUTTERFLY T-LIGHTS,71.2600,73.5500,-2.2900,-0.0311,32,False
22841,ROUND CAKE TIN VINTAGE GREEN,71.2200,103.8100,-32.5900,-0.3139,6,False
23115,RED APPLES CHOPPING BOARD,71.0800,0.0000,71.0800,,12,False
21135,VICTORIAN  METAL POSTCARD SPRING,70.9800,76.0500,-5.0700,-0.0667,42,False
22598,CHRISTMAS MUSICAL ZINC TREE,70.9200,3.4000,67.5200,19.8588,98,False
22124,SET OF 2 TEA TOWELS PING MICROWAVE,70.8700,10.0400,60.8300,6.0588,58,False
21624,VINTAGE UNION JACK DOORSTOP,70.8600,71.4000,-0.5400,-0.0076,10,False
22639,SET OF 4 NAPKIN CHARMS HEARTS,70.7500,56.0200,14.7300,0.2629,79,False
22121,NOEL WOODEN BLOCK LETTERS,70.5900,279.4800,-208.8900,-0.7474,9,False
21015,DARK BIRD HOUSE TREE DECORATION,70.3400,21.7600,48.5800,2.2325,142,False
46776D,WOVEN SUNSET CUSHION COVER,70.2100,0.0000,70.2100,,17,False
21625,VINTAGE UNION JACK APRON,70.1900,182.2900,-112.1000,-0.6150,7,False
23479,WIRE EGG BASKET,69.9100,0.0000,69.9100,,8,False
84596B,SMALL DOLLY MIX DESIGN ORANGE BOWL,69.9000,8.7600,61.1400,6.9795,143,False
84596F,SMALL MARSHMALLOWS PINK BOWL,69.8900,5.0100,64.8800,12.9501,142,False
82581,TOILET METAL SIGN,69.7500,22.7200,47.0300,2.0700,123,False
22120,WELCOME  WOODEN BLOCK LETTERS,69.7100,69.6500,0.0600,0.0009,6,False
22539,MINI JIGSAW DOLLY GIRL,69.3200,41.7100,27.6100,0.6620,348,False
22057,CERAMIC PLATE STRAWBERRY DESIGN,68.6400,23.8400,44.8000,1.8792,176,False
23418,LAVENDER TOILETTE BOTTLE,68.6100,0.0000,68.6100,,32,False
72802A,ROSE SCENT CANDLE IN JEWELLED BOX,68.5800,119.0000,-50.4200,-0.4237,18,False
84031B,CHARLIE LOLA BLUE HOT WATER BOTTLE,68.4200,160.9600,-92.5400,-0.5749,34,False
35961,FOLKART ZINC HEART CHRISTMAS DEC,68.3600,112.8300,-44.4700,-0.3941,74,False
20979,36 PENCILS TUBE RED RETROSPOT,68.1500,71.2500,-3.1000,-0.0435,40,False
16225,RATTLE SNAKE EGGS,68.1300,20.1600,47.9700,2.3795,105,False
23342,MINT DINER WALL CLOCK,68.0000,0.0000,68.0000,,8,False
16016,LARGE CHINESE STYLE SCISSOR,68.0000,18.7000,49.3000,2.6364,80,False
22650,CERAMIC PIRATE CHEST MONEY BANK,67.8100,77.7700,-9.9600,-0.1281,29,False
37448,CERAMIC CAKE DESIGN SPOTTED MUG,67.7300,104.3000,-36.5700,-0.3506,37,False
46776B,WOVEN BERRIES CUSHION COVER,67.7200,16.8400,50.8800,3.0214,16,False
22115,METAL SIGN EMPIRE TEA,67.6700,67.9000,-0.2300,-0.0034,73,False
22372,AIRLINE BAG VINTAGE WORLD CHAMPION,67.3700,59.3800,7.9900,0.1346,13,False
23148,MINIATURE ANTIQUE ROSE HOOK IVORY,67.2300,0.0000,67.2300,,81,False
22978,PANTRY ROLLING PIN,67.2200,0.0000,67.2200,,11,False
85227,SET OF 6 3D KIT CARDS FOR KIDS,67.0900,78.3700,-11.2800,-0.1439,67,False
22468,BABUSHKA LIGHTS STRING OF 10,67.0800,290.5300,-223.4500,-0.7691,8,False
23373,VINTAGE CHRISTMAS PAPER GIFT BAG,67.0000,0.0000,67.0000,,58,False
21906,PHARMACIE FIRST AID TIN,66.8700,250.5200,-183.6500,-0.7331,7,False
82551,LAUNDRY 15C METAL SIGN,66.6500,76.2400,-9.5900,-0.1258,39,False
84997d,CHILDRENS CUTLERY POLKADOT PINK,66.3200,160.9300,-94.6100,-0.5879,8,False
85061W,WHITE JEWELLED HEART DECORATION,66.2300,64.5200,1.7100,0.0265,77,False
23399,HOME SWEET HOME HANGING HEART,66.0700,0.0000,66.0700,,43,False
21975,PACK OF 60 DINOSAUR CAKE CASES,66.0000,92.5300,-26.5300,-0.2867,106,False
21238,RED RETROSPOT CUP,65.9600,77.8800,-11.9200,-0.1531,62,False
22081,RIBBON REEL FLORA + FAUNA,65.9500,37.7500,28.2000,0.7470,35,False
22306,SILVER MUG BONE CHINA TREE OF LIFE,65.7200,126.3700,-60.6500,-0.4799,62,False
23228,FILIGREE HEART BIRD WHITE,65.6900,0.0000,65.6900,,39,False
84580,MOUSE TOY WITH PINK T-SHIRT,65.6500,89.0100,-23.3600,-0.2624,17,False
22587,FELTCRAFT HAIRBAND RED AND BLUE,65.6000,56.7900,8.8100,0.1551,68,False
23135,SMALL ZINC HEART WALL ORGANISER,65.5100,0.0000,65.5100,,19,False
84006,MAGIC TREE -PAPER FLOWERS,65.4500,98.0400,-32.5900,-0.3324,77,False
21317,GLASS SPHERE CANDLE STAND MEDIUM,65.4000,0.0000,65.4000,,12,False
21703,BAG 125g SWIRLY MARBLES,65.3800,93.3200,-27.9400,-0.2994,142,False
21201,TROPICAL  HONEYCOMB PAPER GARLAND,65.3200,38.2100,27.1100,0.7095,19,False
48173C,DOORMAT BLACK FLOCK,65.2900,147.0000,-81.7100,-0.5559,7,False
23253,16 PIECE CUTLERY SET PANTRY DESIGN,65.1900,0.0000,65.1900,,3,False
23132,SMALL IVORY HEART WALL ORGANISER,65.1700,0.0000,65.1700,,9,False
22746,POPPY'S PLAYHOUSE LIVINGROOM,65.1700,134.4700,-69.3000,-0.5154,27,False
22219,LOVEBIRD HANGING DECORATION WHITE,65.0400,130.0600,-65.0200,-0.4999,60,False
17012D,ORIGAMI ROSE INCENSE/CANDLE SET,65.0400,5.0200,60.0200,11.9562,50,False
23225,CHERUB HEART DECORATION SILVER,65.0300,0.0000,65.0300,,61,False
22753,SMALL YELLOW BABUSHKA NOTEBOOK,64.7800,30.3200,34.4600,1.1365,252,False
23495,SET OF 3 PANTRY WOODEN SPOONS,64.7600,0.0000,64.7600,,46,False
22478,BIRDHOUSE GARDEN MARKER,64.7600,8.7700,55.9900,6.3843,46,False
47563A,RETRO LONGBOARD IRONING BOARD COVER,64.6800,15.5700,49.1100,3.1541,24,False
21670,BLUE SPOT CERAMIC DRAWER KNOB,64.6300,114.3800,-49.7500,-0.4350,23,False
85179A,GREEN BITTY LIGHT CHAIN,64.5800,23.2700,41.3100,1.7752,26,False
72799C,PINK PILLAR CANDLE SILVER FLOCK,64.5700,0.0000,64.5700,,59,False
22731,3D CHRISTMAS STAMPS STICKERS,64.5300,107.5300,-43.0000,-0.3999,42,False
23398,HANGING HEART BONHEUR,64.5100,0.0000,64.5100,,73,False
23190,BUNDLE OF 3 SCHOOL EXERCISE BOOKS,64.3500,0.0000,64.3500,,39,False
23336,EGG FRYING PAN PINK,64.3300,0.0000,64.3300,,26,False
23088,ZINC HEART FLOWER T-LIGHT HOLDER,64.2800,0.0000,64.2800,,34,False
23419,HOME SWEET HOME BOTTLE,64.2700,0.0000,64.2700,,24,False
22606,WOODEN SKITTLES GARDEN SET,63.8000,31.9000,31.9000,1.0000,4,False
23147,SINGLE ANTIQUE ROSE HOOK IVORY,63.8000,0.0000,63.8000,,44,False
22794,SWEETHEART WIRE MAGAZINE RACK,63.6000,127.8900,-64.2900,-0.5027,8,False
46776C,WOVEN FROST CUSHION COVER,63.5900,8.4200,55.1700,6.5523,15,False
22283,6 EGG HOUSE PAINTED WOOD,63.4900,95.8600,-32.3700,-0.3377,7,False
84950,ASSORTED COLOUR T-LIGHT HOLDER,63.3600,1052.5800,-989.2200,-0.9398,84,False
21872,GLAMOROUS  MUG,63.2900,38.4400,24.8500,0.6465,49,False
23143,ZINC WIRE KITCHEN ORGANISER,63.2000,0.0000,63.2000,,16,False
22398,MAGNETS PACK OF 4 SWALLOWS,63.1800,86.2700,-23.0900,-0.2676,162,False
21991,BOHEMIAN COLLAGE STATIONERY SET,63.1500,38.5300,24.6200,0.6390,36,False
22167,OVAL WALL MIRROR DIAMANTE,63.0100,38.8000,24.2100,0.6240,7,False
22045,SPACEBOY GIFT WRAP,63.0000,42.0000,21.0000,0.5000,150,False
21495,SKULLS AND CROSSBONES WRAP,63.0000,21.0000,42.0000,2.0000,150,False
16161P,WRAP ENGLISH ROSE,63.0000,10.5000,52.5000,5.0000,150,False
23482,PEARLISED IVORY HEART LARGE,62.7000,0.0000,62.7000,,38,False
21650,ASSORTED TUTTI FRUTTI BRACELET,62.6600,7.2200,55.4400,7.6787,94,False
23459,DOLLY CABINET 2 DRAWERS,62.5000,0.0000,62.5000,,5,False
23027,DRAWER KNOB VINTAGE GLASS HEXAGON,62.4000,0.0000,62.4000,,30,False
84707A,SILVER JEWELLED MIRROR TRINKET TRAY,62.4000,39.8000,22.6000,0.5678,32,False
15056bl,EDWARDIAN PARASOL BLACK,62.3000,76.3200,-14.0200,-0.1837,5,False
23113,PANTRY CHOPPING BOARD,62.0700,0.0000,62.0700,,9,False
22200,FRYING PAN PINK POLKADOT,62.0400,97.6900,-35.6500,-0.3649,44,False
22335,HEART DECORATION PAINTED ZINC,61.4000,61.2900,0.1100,0.0018,64,False
84568,GIRLS ALPHABET IRON ON PATCHES,61.3200,29.2400,32.0800,1.0971,146,False
20932,PINK POT PLANT CANDLE,61.1700,0.0000,61.1700,,39,False
22437,SET OF 9 BLACK SKULL BALLOONS,61.1300,44.0400,17.0900,0.3881,71,False
22974,CHILDRENS DOLLY GIRL MUG,61.0100,172.0800,-111.0700,-0.6455,33,False
21673,WHITE SPOT BLUE CERAMIC DRAWER KNOB,60.8400,235.1200,-174.2800,-0.7412,28,False
22955,36 FOIL STAR CAKE CASES,60.7600,67.2100,-6.4500,-0.0960,60,False
23455,SMALL PARLOUR PICTURE FRAME,60.6900,0.0000,60.6900,,21,False
22982,PANTRY PASTRY BRUSH,60.6500,0.0000,60.6500,,34,False
23224,CHERUB HEART DECORATION GOLD,60.3200,0.0000,60.3200,,64,False
23335,EGG FRYING PAN IVORY,60.2300,0.0000,60.2300,,26,False
21905,MORE BUTTER METAL SIGN,60.1400,12.6000,47.5400,3.7730,74,False
22733,3D TRADITIONAL CHRISTMAS STICKERS,60.0000,114.2800,-54.2800,-0.4750,42,False
90057,DIAMANTE RING ASSORTED IN BOX.,60.0000,0.0000,60.0000,,48,False
23527,WALL ART ANIMALS AND NATURE,60.0000,0.0000,60.0000,,16,False
20846,ZINC HEART LATTICE T-LIGHT HOLDER,59.8400,42.6700,17.1700,0.4024,44,False
22308,TEA COSY BLUE STRIPE,59.8000,30.3600,29.4400,0.9697,14,False
22773,GREEN DRAWER KNOB ACRYLIC EDWARDIAN,59.7600,110.0700,-50.3100,-0.4571,42,False
23473,WOODLAND SMALL RED FELT HEART,59.7600,0.0000,59.7600,,72,False
23380,PACK OF 12 VINTAGE DOILY TISSUES,59.7300,0.0000,59.7300,,143,False
90161D,ANT COPPER PINK BOUDICCA BRACELET,59.5200,10.1800,49.3400,4.8468,12,False
22481,BLACK TEA TOWEL CLASSIC DESIGN,59.1300,36.2500,22.8800,0.6312,141,False
22345,PARTY PIZZA DISH BLUE POLKADOT,59.1300,13.5200,45.6100,3.3735,243,False
21313,GLASS HEART T-LIGHT HOLDER,58.9400,132.4900,-73.5500,-0.5551,62,False
84661A,WHITE SQUARE TABLE CLOCK,58.9000,0.0000,58.9000,,64,False
21899,"KEY FOB , GARAGE DESIGN",58.8800,71.3500,-12.4700,-0.1748,74,False
22348,TEA BAG PLATE RED RETROSPOT,58.8800,120.2300,-61.3500,-0.5103,50,False
21982,PACK OF 12 SUKI TISSUES,58.7000,96.0500,-37.3500,-0.3889,118,False
21327,SKULLS WRITING SET,58.4400,86.8800,-28.4400,-0.3273,29,False
85168B,BLACK BAROQUE CARRIAGE CLOCK,58.0300,0.0000,58.0300,,7,False
23074,EMBOSSED HEART TRINKET BOX,57.9400,0.0000,57.9400,,18,False
22999,TRAVEL CARD WALLET VINTAGE LEAF,57.8300,0.0000,57.8300,,125,False
22514,CHILDS GARDEN SPADE BLUE,57.8200,21.0000,36.8200,1.7533,14,False
23492,VINTAGE JINGLE BELLS WREATH,57.7500,0.0000,57.7500,,7,False
21976,PACK OF 60 MUSHROOM CAKE CASES,57.7300,110.7600,-53.0300,-0.4788,92,False
21812,GARLAND WITH HEARTS AND BELLS,57.7100,129.7800,-72.0700,-0.5553,14,False
23223,CHRISTMAS TREE HANGING SILVER,57.7100,0.0000,57.7100,,57,False
21558,SKULL LUNCH BOX WITH CUTLERY,57.5300,83.7900,-26.2600,-0.3134,15,False
21390,FILIGRIS HEART WITH BUTTERFLY,57.4600,37.5000,19.9600,0.5323,45,False
20983,12 PENCILS TALL TUBE RED RETROSPOT,57.2400,38.2500,18.9900,0.4965,60,False
20675,BLUE POLKADOT BOWL,57.2200,111.3300,-54.1100,-0.4860,39,False
21739,COSY SLIPPER SHOES SMALL GREEN,57.0700,44.2500,12.8200,0.2897,23,False
23565,EGG CUP MILKMAID HELGA,57.0600,0.0000,57.0600,,35,False
21714,CITRONELLA CANDLE GARDEN POT,56.5400,6.2700,50.2700,8.0175,41,False
23058,CHRISTMAS HANGING SNOWFLAKE,56.4000,0.0000,56.4000,,64,False
22208,WOOD STAMP SET THANK YOU,56.3200,58.2300,-1.9100,-0.0328,56,False
23470,CARD HOLDER LOVE BIRD LARGE,56.2100,0.0000,56.2100,,8,False
22676,FRENCH BLUE METAL DOOR SIGN 1,56.1800,23.7900,32.3900,1.3615,43,False
23220,REINDEER HEART DECORATION GOLD,56.0800,0.0000,56.0800,,56,False
23506,MINI PLAYING CARDS SPACEBOY,55.7800,0.0000,55.7800,,125,False
22994,TRAVEL CARD WALLET RETROSPOT,55.7500,0.0000,55.7500,,122,False
21356,TOAST ITS - FAIRY FLOWER,55.6100,53.8800,1.7300,0.0321,67,False
85176,SEWING SUSAN 21 NEEDLE SET,55.4100,31.7400,23.6700,0.7457,45,False
21615,4 LAVENDER BOTANICAL DINNER CANDLES,55.4000,22.5000,32.9000,1.4622,24,False
21167,WHITE SAGE INCENSE,55.2300,12.6500,42.5800,3.3660,241,False
22364,GLASS JAR DIGESTIVE BISCUITS,55.1700,26.5800,28.5900,1.0756,11,False
21561,DINOSAUR LUNCH BOX WITH CUTLERY,55.1200,17.8500,37.2700,2.0880,15,False
22642,SET OF 4 NAPKIN CHARMS STARS,54.9500,10.2000,44.7500,4.3873,59,False
90175D,TIGRIS EYE CHUNKY CHARM BRACELET,54.9000,17.9000,37.0000,2.0670,6,False
20839,FRENCH PAISLEY CUSHION COVER,54.8900,45.6600,9.2300,0.2021,33,False
90200E,GREEN SWEETHEART BRACELET,54.8500,16.9800,37.8700,2.2303,13,False
23004,TRAVEL CARD WALLET PANTRY,54.8500,0.0000,54.8500,,114,False
23227,FILIGREE HEART BUTTERFLY WHITE,54.8400,0.0000,54.8400,,40,False
21373,MIRRORED WALL ART SNOWFLAKES,54.7500,0.0000,54.7500,,73,False
35004B,SET OF 3 BLACK FLYING DUCKS,54.5000,122.5000,-68.0000,-0.5551,10,False
23114,VINTAGE LEAF CHOPPING BOARD,54.4500,0.0000,54.4500,,11,False
21328,BALLOONS  WRITING SET,54.3400,207.0000,-152.6600,-0.7375,22,False
22651,GENTLEMAN SHIRT REPAIR KIT,54.1300,72.0600,-17.9300,-0.2488,49,False
22129,PARTY CONES CANDY TREE DECORATION,54.1200,5.1000,49.0200,9.6118,22,False
21916,SET 12 RETRO WHITE CHALK STICKS,54.0100,49.9800,4.0300,0.0806,94,False
22747,POPPY'S PLAYHOUSE BATHROOM,53.7600,94.5200,-40.7600,-0.4312,21,False
21819,GLITTER CHRISTMAS STAR,53.7400,42.4600,11.2800,0.2657,126,False
20674,GREEN POLKADOT BOWL,53.5500,35.0300,18.5200,0.5287,38,False
23042,PAPER LANTERN 7 POINT SNOW STAR,53.1800,0.0000,53.1800,,6,False
21901,"KEY FOB , BACK DOOR",53.0300,75.5400,-22.5100,-0.2980,65,False
84820,DANISH ROSE TRINKET TRAYS,52.9800,0.0000,52.9800,,54,False
85184C,S/4 VALENTINE DECOUPAGE HEART BOX,52.8800,41.3000,11.5800,0.2804,16,False
22930,BAKING MOULD HEART MILK CHOCOLATE,52.8500,189.4500,-136.6000,-0.7210,16,False
22945,CHRISTMAS METAL TAGS ASSORTED,52.8000,249.5700,-196.7700,-0.7884,42,False
22962,JAM JAR WITH PINK LID,52.6400,221.0400,-168.4000,-0.7619,50,False
23272,TREE T-LIGHT HOLDER WILLIE WINKIE,52.6000,0.0000,52.6000,,78,False
23435,3 RAFFIA RIBBONS VINTAGE CHRISTMAS,52.5100,0.0000,52.5100,,65,False
21500,PINK POLKADOT WRAP,52.5000,67.5000,-15.0000,-0.2222,125,False
23523,WALL ART TREASURE AHOY,52.5000,0.0000,52.5000,,14,False
23547,WRAP FLOWER SHOP,52.5000,0.0000,52.5000,,125,False
21820,GLITTER HEART GARLAND WITH BELLS,52.5000,135.3600,-82.8600,-0.6121,14,False
22647,CERAMIC LOVE HEART MONEY BANK,52.4300,3.3600,49.0700,14.6042,127,False
23551,PACK OF 12 PAISLEY PARK TISSUES,52.2300,0.0000,52.2300,,117,False
23078,ICE CREAM PEN LIP GLOSS,52.1400,0.0000,52.1400,,33,False
23564,EGG CUP MILKMAID INGRID,52.0200,0.0000,52.0200,,30,False
21507,"ELEPHANT, BIRTHDAY CARD,",52.0000,34.9500,17.0500,0.4878,116,False
21094,SET/6 RED SPOTTY PAPER PLATES,51.9400,381.5200,-329.5800,-0.8639,62,False
22426,ENAMEL WASH BOWL CREAM,51.9100,61.9400,-10.0300,-0.1619,9,False
20832,RED FLOCK LOVE HEART PHOTO FRAME,51.8400,11.7000,40.1400,3.4308,72,False
35471D,SET OF 3 BIRD LIGHT PINK FEATHER,51.8200,20.0600,31.7600,1.5833,102,False
85129D,BEADED CRYSTAL HEART PINK SMALL,51.6600,7.5200,44.1400,5.8697,21,False
22439,6 ROCKET BALLOONS,51.5000,25.3500,26.1500,1.0316,70,False
17012F,ORIGAMI SANDLEWOOD INCENSE/CAND SET,51.3100,12.5500,38.7600,3.0884,49,False
22914,BLUE COAT RACK PARIS FASHION,51.2800,140.8400,-89.5600,-0.6359,8,False
21123,SET/10 IVORY POLKADOT PARTY CANDLES,51.1900,37.5000,13.6900,0.3651,47,False
23107,WHITE HEARTS WIRE PLANT POT HOLDER,51.0300,0.0000,51.0300,,37,False
23533,WALL ART GARDEN HAVEN,51.0000,0.0000,51.0000,,20,False
21537,RED RETROSPOT PUDDING BOWL,51.0000,187.8800,-136.8800,-0.7286,12,False
22567,20 DOLLY PEGS RETROSPOT,50.7700,306.2600,-255.4900,-0.8342,34,False
22406,MONEY BOX KINGS CHOICE DESIGN,50.7600,26.2600,24.5000,0.9330,93,False
46000S,POLYESTER FILLER PAD 40x40cm,50.7500,21.7500,29.0000,1.3333,35,False
84536A,ENGLISH ROSE NOTEBOOK A7 SIZE,50.7000,53.5300,-2.8300,-0.0529,109,False
23359,SET OF 12 T-LIGHTS VINTAGE DOILY,50.7000,0.0000,50.7000,,26,False
20782,CAMOUFLAGE EAR MUFF HEADPHONES,50.6000,98.9800,-48.3800,-0.4888,6,False
70007,HI TEC ALPINE HAND WARMER,50.5900,163.9200,-113.3300,-0.6914,49,False
22282,12 EGG HOUSE PAINTED WOOD,50.4600,76.4700,-26.0100,-0.3401,3,False
84968D,SET OF 16 VINTAGE RED CUTLERY,50.4600,25.5000,24.9600,0.9788,3,False
84968E,SET OF 16 VINTAGE BLACK CUTLERY,50.4600,0.0000,50.4600,,3,False
22983,CARD BILLBOARD FONT,50.3400,79.8500,-29.5100,-0.3696,114,False
22997,TRAVEL CARD WALLET UNION JACK,50.3100,0.0000,50.3100,,111,False
20931,BLUE POT PLANT CANDLE,50.2900,22.8600,27.4300,1.1999,19,False
22797,CHEST OF DRAWERS GINGHAM HEART,50.2400,169.7000,-119.4600,-0.7039,2,False
22085,PAPER CHAIN KIT SKULLS,50.1900,20.6500,29.5400,1.4305,11,False
23073,GEORGIAN TRINKET BOX,50.0000,0.0000,50.0000,,4,False
23427,STOOL HOME SWEET HOME,50.0000,0.0000,50.0000,,4,False
23020,GLASS  SONGBIRD STORAGE JAR,50.0000,0.0000,50.0000,,4,False
22805,BLUE DRAWER KNOB ACRYLIC EDWARDIAN,49.8900,156.4100,-106.5200,-0.6810,26,False
23043,PAPER LANTERN 9 POINT HOLLY STAR L,49.8400,0.0000,49.8400,,4,False
23000,TRAVEL CARD WALLET TRANSPORT,49.8000,0.0000,49.8000,,101,False
23051,RECYCLED ACAPULCO MAT BLUE,49.7600,0.0000,49.7600,,4,False
23466,TUSCAN VILLA DOVECOTE BIRD FEEDER,49.7600,0.0000,49.7600,,4,False
23054,RECYCLED ACAPULCO MAT LAVENDER,49.7600,0.0000,49.7600,,4,False
22222,CAKE PLATE LOVEBIRD WHITE,49.7400,44.5500,5.1900,0.1165,6,False
22425,ENAMEL COLANDER CREAM,49.7400,60.4800,-10.7400,-0.1776,6,False
23347,I LOVE LONDON BEAKER,49.7200,0.0000,49.7200,,33,False
23164,REGENCY CAKE SLICE,49.6800,0.0000,49.6800,,7,False
23339,EGG FRYING PAN BLUE,49.6800,0.0000,49.6800,,16,False
22227,HANGING HEART MIRROR DECORATION,49.6500,82.9400,-33.2900,-0.4014,69,False
22516,CHILDS GARDEN RAKE BLUE,49.5600,6.3100,43.2500,6.8542,12,False
21706,FOLDING UMBRELLA RED/WHITE POLKADOT,49.5600,65.7000,-16.1400,-0.2457,9,False
22279,POCKET BAG BLUE PAISLEY RED SPOT,49.4800,3.7500,45.7300,12.1947,27,False
85062,PEARL CRYSTAL PUMPKIN T-LIGHT HLDR,49.4400,146.2700,-96.8300,-0.6620,28,False
22566,FELTCRAFT HAIRBAND PINK AND PURPLE,49.2400,46.6300,2.6100,0.0560,46,False
84988,SET OF 72 PINK HEART PAPER DOILIES,49.0500,142.9800,-93.9300,-0.6569,24,False
22434,BALLOON PUMP WITH 10 BALLOONS,48.9800,56.5500,-7.5700,-0.1339,24,False
22540,MINI JIGSAW CIRCUS PARADE,48.9700,53.8000,-4.8300,-0.0898,251,False
35964,FOLKART CLIP ON STARS,48.8900,1.6600,47.2300,28.4518,85,False
23222,CHRISTMAS TREE HANGING GOLD,48.7900,0.0000,48.7900,,53,False
23516,EMBROIDERED RIBBON REEL SOPHIE,48.7500,0.0000,48.7500,,13,False
35004G,SET OF 3 GOLD FLYING DUCKS,48.7500,25.4000,23.3500,0.9193,25,False
23423,PANTRY 3 HOOK ROLLING PIN HANGER,48.6300,0.0000,48.6300,,10,False
22586,FELTCRAFT HAIRBAND PINK AND BLUE,48.6000,32.1000,16.5000,0.5140,48,False
23219,LAUREL STAR ANTIQUE SILVER,48.5900,0.0000,48.5900,,35,False
22070,SMALL RED RETROSPOT MUG IN BOX,48.5500,48.7500,-0.2000,-0.0041,8,False
84828,JUNGLE POPSICLES ICE LOLLY HOLDERS,48.4700,26.3500,22.1200,0.8395,32,False
22350,ILLUSTRATED CAT BOWL,48.4500,63.5100,-15.0600,-0.2371,19,False
20985,HEART CALCULATOR,48.4300,22.5200,25.9100,1.1505,31,False
23496,PANTRY KITCHEN THERMOMETER,48.3900,0.0000,48.3900,,30,False
22106,MIRROR MOSAIC HURRICANE LAMP,48.2200,15.1800,33.0400,2.1765,9,False
23539,WALL ART LOVES' SECRET,48.1600,0.0000,48.1600,,7,False
23474,WOODLAND SMALL BLUE FELT HEART,48.0200,0.0000,48.0200,,54,False
23269,SET OF 2 CERAMIC CHRISTMAS TREES,47.9900,0.0000,47.9900,,26,False
22610,PENS ASSORTED FUNNY FACE,47.8800,38.9000,8.9800,0.2308,252,False
22147,FELTCRAFT BUTTERFLY HEARTS,47.8500,440.1600,-392.3100,-0.8913,33,False
23511,EMBROIDERED RIBBON REEL EMILY,47.7200,0.0000,47.7200,,19,False
85136A,YELLOW SHARK HELICOPTER,47.7000,139.8300,-92.1300,-0.6589,6,False
84600,NEW BAROQUE JEWELLERY BOX,47.7000,0.0000,47.7000,,6,False
22309,TEA COSY RED  STRIPE,47.6100,45.5400,2.0700,0.0455,13,False
22421,LIPSTICK PEN FUSCHIA,47.5900,44.6600,2.9300,0.0656,85,False
23086,ZINC  STAR T-LIGHT HOLDER,47.3800,0.0000,47.3800,,35,False
85173,SET/6 FROG PRINCE T-LIGHT CANDLES,47.2700,10.1200,37.1500,3.6709,44,False
23117,POPPY FIELDS CHOPPING BOARD,47.2200,0.0000,47.2200,,6,False
22643,SET OF 4 NAPKIN CHARMS LEAVES,47.0500,10.2000,36.8500,3.6127,49,False
16237,SLEEPING CAT ERASERS,46.9500,101.3400,-54.3900,-0.5367,223,False
23304,SET 4 PICNIC CUTLERY CHERRY,46.8000,0.0000,46.8000,,24,False
23305,SET 4 PICNIC CUTLERY BLUEBERRY,46.8000,0.0000,46.8000,,24,False
47310M,SMALL POP BOX FUNKY MONKEY,46.7900,1.2500,45.5400,36.4320,35,False
22534,MAGIC DRAWING SLATE SPACEBOY,46.6200,108.2600,-61.6400,-0.5694,111,False
90200B,BLACK SWEETHEART BRACELET,46.5500,8.5000,38.0500,4.4765,11,False
85180B,PINK HEARTS LIGHT CHAIN,46.5000,0.0000,46.5000,,10,False
23365,SET 12 COLOUR PENCILS LOVE LONDON,46.5000,0.0000,46.5000,,66,False
21918,SET 12 KIDS COLOUR  CHALK STICKS,46.4200,56.7900,-10.3700,-0.1826,95,False
37446,MINI CAKE STAND WITH HANGING CAKES,46.4000,150.9800,-104.5800,-0.6927,32,False
21003,ROSE DU SUD CUSHION COVER,46.3200,0.0000,46.3200,,8,False
23484,HEART TRELLIS TRIPLE T-LIGHT HOLDER,46.2800,0.0000,46.2800,,12,False
72598,SET/12 TAPER CANDLES,46.2600,27.7300,18.5300,0.6682,48,False
22678,FRENCH BLUE METAL DOOR SIGN 3,46.1800,20.0600,26.1200,1.3021,35,False
85040A,S/4 PINK FLOWER CANDLES IN BOWL,46.1400,6.7200,39.4200,5.8661,22,False
20829,GLITTER HANGING BUTTERFLY STRING,46.0600,44.1100,1.9500,0.0442,20,False
22130,PARTY CONE CHRISTMAS DECORATION,45.9000,235.9700,-190.0700,-0.8055,54,False
22918,HERB MARKER PARSLEY,45.8600,24.5500,21.3100,0.8680,60,False
22916,HERB MARKER THYME,45.8600,22.6000,23.2600,1.0292,60,False
22815,CARD PSYCHEDELIC APPLES,45.7800,32.7900,12.9900,0.3962,109,False
23060,HEART BEADED TRELLIS DECORATION,45.7600,0.0000,45.7600,,22,False
21786,POLKADOT RAIN HAT,45.7600,138.2600,-92.5000,-0.6690,82,False
90175A,WHITE GLASS CHUNKY CHARM BRACELET,45.7500,8.9500,36.8000,4.1117,5,False
85039B,S/4 IVORY MINI ROSE CANDLE IN BOWL,45.6600,9.9600,35.7000,3.5843,28,False
90198A,VINTAGE ROSE BEAD BRACELET RASPBERR,45.6500,4.2400,41.4100,9.7665,11,False
21260,FIRST AID TIN,45.6300,201.5000,-155.8700,-0.7735,13,False
84923,PINK BUTTERFLY HANDBAG W BOBBLES,45.4300,54.7300,-9.3000,-0.1699,11,False
23467,VINTAGE ZINC PLANTER,45.4000,0.0000,45.4000,,12,False
20705,MRS ROBOT SOFT TOY,45.3500,0.0000,45.3500,,13,False
21351,CINAMMON & ORANGE WREATH,45.3300,208.3500,-163.0200,-0.7824,7,False
23694,PAISLEY PARK CARD,45.3000,0.0000,45.3000,,102,False
37340,MULTICOLOUR SPRING FLOWER MUG,45.3000,20.3400,24.9600,1.2271,40,False
11001,ASSTD DESIGN RACING CAR PEN,45.1800,94.5600,-49.3800,-0.5222,22,False
23409,PHOTO FRAME LINEN AND LACE LARGE,45.0000,0.0000,45.0000,,12,False
84805B,BLUE CLIMBING HYDRANGA ART FLOWER,45.0000,0.0000,45.0000,,36,False
21374,MIRRORED WALL ART SKULLS,45.0000,15.0000,30.0000,2.0000,36,False
22100,SKULLS SQUARE TISSUE BOX,44.9700,21.3000,23.6700,1.1113,110,False
23183,MOTHER'S KITCHEN SPOON REST,44.7600,0.0000,44.7600,,6,False
21534,DAIRY MAID LARGE MILK JUG,44.5500,25.0200,19.5300,0.7806,9,False
22313,OFFICE MUG WARMER PINK,44.5400,109.1500,-64.6100,-0.5919,30,False
84661C,PINK SQUARE TABLE CLOCK,44.4600,0.0000,44.4600,,51,False
22346,PARTY PIZZA DISH GREEN POLKADOT,44.4600,10.2000,34.2600,3.3588,234,False
22716,CARD CIRCUS PARADE,44.4100,42.4400,1.9700,0.0464,95,False
84658,WHITE STITCHED CUSHION COVER,44.3800,90.3500,-45.9700,-0.5088,6,False
84884A,ANT WHITE WIRE HEART SPIRAL,44.3700,56.4400,-12.0700,-0.2139,13,False
22030,SWALLOWS GREETING CARD,44.2300,40.3200,3.9100,0.0970,77,False
22668,PINK BABY BUNTING,44.0300,23.6400,20.3900,0.8625,13,False
85032B,BLOSSOM IMAGES GIFT WRAP SET,43.9100,0.0000,43.9100,,57,False
23502,PLAYING CARDS VINTAGE DOILY,43.7500,0.0000,43.7500,,35,False
21124,SET/10 BLUE SPOTTY PARTY CANDLES,43.7500,70.0100,-26.2600,-0.3751,35,False
22445,PENCIL CASE LIFE IS BEAUTIFUL,43.7000,59.0100,-15.3100,-0.2594,10,False
21557,SET OF 6 FUNKY BEAKERS,43.6500,70.1700,-26.5200,-0.3779,11,False
22027,TEA PARTY BIRTHDAY CARD,43.6400,35.3400,8.3000,0.2349,100,False
22405,MONEY BOX POCKET MONEY DESIGN,43.6100,28.7700,14.8400,0.5158,99,False
23291,DOLLY GIRL CHILDRENS CUP,43.5100,0.0000,43.5100,,29,False
47590A,BLUE HAPPY BIRTHDAY BUNTING,43.3800,319.8200,-276.4400,-0.8644,6,False
20981,12 PENCILS TALL TUBE WOODLAND,43.3500,36.4300,6.9200,0.1900,51,False
22344,PARTY PIZZA DISH PINK POLKADOT,43.3200,11.8600,31.4600,2.6526,228,False
22963,JAM JAR WITH GREEN LID,43.2200,217.6400,-174.4200,-0.8014,38,False
84971S,SMALL HEART FLOWERS HOOK,43.2100,87.2300,-44.0200,-0.5046,87,False
22547,MINI JIGSAW DINOSAUR,43.1100,22.2800,20.8300,0.9349,181,False
21846,PINK DIAMANTE PEN IN GIFT BOX,43.0600,95.5800,-52.5200,-0.5495,6,False
85032C,CURIOUS IMAGES GIFT WRAP SET,42.9800,0.0000,42.9800,,42,False
22920,HERB MARKER BASIL,42.9300,25.5600,17.3700,0.6796,57,False
23037,CANDLE HOLDER SILVER MADELINE,42.8900,0.0000,42.8900,,25,False
21471,STRAWBERRY RAFFIA FOOD COVER,42.7700,30.0000,12.7700,0.4257,13,False
22638,SET OF 4 NAPKIN CHARMS CROWNS,42.6600,22.9500,19.7100,0.8588,54,False
23226,FILIGREE HEART DAISY WHITE,42.5000,0.0000,42.5000,,34,False
23068,ALUMINIUM STAMPED HEART,42.3300,0.0000,42.3300,,17,False
20840,FRENCH FLORAL CUSHION COVER,42.1700,9.3200,32.8500,3.5247,41,False
22428,ENAMEL FIRE BUCKET CREAM,42.1600,153.9600,-111.8000,-0.7262,4,False
22201,FRYING PAN BLUE POLKADOT,42.0400,0.0000,42.0400,,28,False
72351A,SET/6 TURQUOISE BUTTERFLY T-LIGHTS,42.0000,35.7100,6.2900,0.1761,20,False
16156S,WRAP PINK FAIRY CAKES,42.0000,42.0000,0.0000,0.0000,100,False
21499,BLUE POLKADOT WRAP,42.0000,137.5000,-95.5000,-0.6945,100,False
22711,WRAP CIRCUS PARADE,42.0000,0.0000,42.0000,,100,False
22986,GINGHAM ROSE WRAP,42.0000,21.0000,21.0000,1.0000,100,False
23230,WRAP ALPHABET DESIGN,42.0000,0.0000,42.0000,,100,False
22708,WRAP DOLLY GIRL,42.0000,21.0000,21.0000,1.0000,100,False
22706,WRAP COWBOYS,42.0000,21.0000,21.0000,1.0000,100,False
23697,A PRETTY THANK YOU CARD,41.9800,0.0000,41.9800,,98,False
22902,TOTE BAG I LOVE LONDON,41.7900,142.8200,-101.0300,-0.7074,17,False
22917,HERB MARKER ROSEMARY,41.6300,22.3100,19.3200,0.8660,55,False
23515,EMBROIDERED RIBBON REEL DAISY,41.5700,0.0000,41.5700,,19,False
23048,SET OF 10 LANTERNS FAIRY LIGHT STAR,41.4800,0.0000,41.4800,,8,False
84997a,CHILDRENS CUTLERY POLKADOT GREEN,41.4500,0.0000,41.4500,,5,False
23136,IVORY WIRE SWEETHEART LETTER TRAY,41.2500,0.0000,41.2500,,11,False
21466,RED FLOWER CROCHET FOOD COVER,41.1700,37.5000,3.6700,0.0979,9,False
21470,FLOWER VINE RAFFIA FOOD COVER,41.1700,60.1200,-18.9500,-0.3152,9,False
23528,WALL ART SPACEBOY,41.0900,0.0000,41.0900,,7,False
21509,COWBOYS AND INDIANS BIRTHDAY CARD,41.0900,44.7700,-3.6800,-0.0822,91,False
23415,HOME SWEET HOME HOOK,40.9500,0.0000,40.9500,,105,False
21866,UNION JACK FLAG LUGGAGE TAG,40.9300,83.3900,-42.4600,-0.5092,25,False
85039A,SET/4 RED MINI ROSE CANDLE IN BOWL,40.8100,24.9000,15.9100,0.6390,25,False
22932,BAKING MOULD TOFFEE CUP CHOCOLATE,40.8000,169.0500,-128.2500,-0.7587,16,False
21788,KIDS RAIN MAC BLUE,40.8000,20.4000,20.4000,1.0000,48,False
21385,IVORY HANGING DECORATION  HEART,40.5900,78.6500,-38.0600,-0.4839,45,False
22937,BAKING MOULD CHOCOLATE CUPCAKES,40.5200,127.5000,-86.9800,-0.6822,14,False
21579,LOLITA  DESIGN  COTTON TOTE BAG,40.5000,27.5600,12.9400,0.4695,18,False
16008,SMALL FOLDING SCISSOR(POINTED EDGE),40.3200,0.0000,40.3200,,336,False
46000M,POLYESTER FILLER PAD 45x45cm,40.3000,31.0000,9.3000,0.3000,26,False
22410,MONEY BOX HOUSEKEEPING DESIGN,40.2600,0.0000,40.2600,,82,False
21985,PACK OF 12 HEARTS DESIGN TISSUES,40.2300,40.9800,-0.7500,-0.0183,93,False
22968,ROSE COTTAGE KEEPSAKE BOX,39.9200,727.1600,-687.2400,-0.9451,2,False
23462,ROCOCO WALL MIRROR WHITE,39.9000,0.0000,39.9000,,2,False
90119,METALIC LEAVES BAG CHARMS,39.9000,0.0000,39.9000,,16,False
23432,PRETTY HANGING QUILTED HEARTS,39.8400,0.0000,39.8400,,48,False
23150,IVORY SWEETHEART SOAP DISH,39.8200,0.0000,39.8200,,15,False
85136C,RED SHARK HELICOPTER,39.7500,81.5800,-41.8300,-0.5127,5,False
90161B,ANT COPPER TURQ BOUDICCA BRACELET,39.6900,15.2700,24.4200,1.5992,8,False
21707,FOLDING UMBRELLA BLACKBLUE POLKADOT,39.6000,0.0000,39.6000,,8,False
85049e,SCANDINAVIAN REDS RIBBONS,39.4800,97.4400,-57.9600,-0.5948,12,False
22682,FRENCH BLUE METAL DOOR SIGN 7,39.4000,2.5100,36.8900,14.6972,32,False
23016,GLASS TWIST BON BON JAR,39.2500,0.0000,39.2500,,5,False
37447,CERAMIC CAKE DESIGN SPOTTED PLATE,39.0500,78.6800,-39.6300,-0.5037,25,False
22307,GOLD MUG BONE CHINA TREE OF LIFE,39.0300,126.3700,-87.3400,-0.6911,30,False
21365,MIRRORED WALL ART STARS,39.0000,23.6100,15.3900,0.6518,52,False
84356,POMPOM CURTAIN,39.0000,0.0000,39.0000,,20,False
85199L,LARGE HANGING IVORY & RED WOOD BIRD,39.0000,59.1300,-20.1300,-0.3404,60,False
23002,TRAVEL CARD WALLET SKULLS,38.9700,0.0000,38.9700,,84,False
22640,SET OF 4 NAPKIN CHARMS 3 KEYS,38.9300,7.6500,31.2800,4.0889,44,False
21981,PACK OF 12 WOODLAND TISSUES,38.8000,68.5100,-29.7100,-0.4337,68,False
21680,WOODLAND  STICKERS,38.7500,60.2700,-21.5200,-0.3571,41,False
72800C,4 PINK DINNER CANDLE SILVER FLOCK,38.7100,0.0000,38.7100,,49,False
72800B,4 PURPLE FLOCK DINNER CANDLES,38.7100,35.7000,3.0100,0.0843,49,False
22995,TRAVEL CARD WALLET SUKI,38.4000,0.0000,38.4000,,68,False
21577,SAVE THE PLANET COTTON TOTE BAG,38.3000,98.9800,-60.6800,-0.6131,11,False
22931,BAKING MOULD HEART WHITE CHOCOLATE,38.2500,189.4500,-151.2000,-0.7981,15,False
22376,AIRLINE BAG VINTAGE JET SET WHITE,38.0400,89.0700,-51.0300,-0.5729,8,False
23101,SILVER STARS TABLE DECORATION,38.0300,0.0000,38.0300,,36,False
84804B,BLUE DELPHINIUM ARTIFICIAL FLOWER,37.9200,0.0000,37.9200,,48,False
20831,GOLD PHOTO FRAME,37.9200,0.0000,37.9200,,48,False
22331,WOODLAND PARTY BAG + STICKER SET,37.9100,123.9300,-86.0200,-0.6941,19,False
22677,FRENCH BLUE METAL DOOR SIGN 2,37.5500,15.0600,22.4900,1.4934,31,False
22431,WATERING CAN BLUE ELEPHANT,37.5300,70.8200,-33.2900,-0.4701,16,False
20956,PORCELAIN T-LIGHT HOLDERS ASSORTED,37.5000,73.9200,-36.4200,-0.4927,30,False
21131,GOLD STANDING GNOME,37.5000,0.0000,37.5000,,30,False
22349,DOG BOWL CHASING BALL DESIGN,37.4600,56.3700,-18.9100,-0.3355,9,False
22614,PACK OF 12 SPACEBOY TISSUES,37.4600,41.0000,-3.5400,-0.0863,78,False
22071,SMALL WHITE RETROSPOT MUG IN BOX,37.4600,48.8700,-11.4100,-0.2335,9,False
84806A,PINK CANDYSTUFT ARTIFICIAL FLOWER,37.4400,0.0000,37.4400,,96,False
21716,BOYS VINTAGE TIN SEASIDE BUCKET,37.4100,93.8700,-56.4600,-0.6015,9,False
20764,ABSTRACT CIRCLES SKETCHBOOK,37.3800,15.0000,22.3800,1.4920,7,False
84509A,SET OF 4 ENGLISH ROSE PLACEMATS,37.3800,45.3600,-7.9800,-0.1759,7,False
22101,MIRROR MOSAIC VOTIVE HOLDER,37.2000,57.0100,-19.8100,-0.3475,16,False
85170D,SET/6 PINK BIRD T-LIGHT CANDLES,37.1700,14.7300,22.4400,1.5234,9,False
85179C,PINK BITTY LIGHT CHAIN,37.1400,0.0000,37.1400,,21,False
22919,HERB MARKER MINT,37.0800,13.7900,23.2900,1.6889,48,False
21239,PINK  POLKADOT CUP,37.0500,64.4000,-27.3500,-0.4247,39,False
22511,RETROSPOT BABUSHKA DOORSTOP,37.0400,30.0000,7.0400,0.2347,30,False
22389,PAPERWEIGHT SAVE THE PLANET,37.0000,30.6000,6.4000,0.2092,48,False
35646,VINTAGE BEAD PINK EVENING BAG,36.9000,25.4700,11.4300,0.4488,15,False
21980,PACK OF 12 RED RETROSPOT TISSUES,36.8600,58.5200,-21.6600,-0.3701,90,False
51014C,"FEATHER PEN,COAL BLACK",36.6800,84.9200,-48.2400,-0.5681,76,False
21162,TOXIC AREA  DOOR HANGER,36.5600,4.8100,31.7500,6.6008,64,False
22613,PACK OF 20 SPACEBOY NAPKINS,36.4800,9.3100,27.1700,2.9184,42,False
22913,RED COAT RACK PARIS FASHION,36.4300,50.6200,-14.1900,-0.2803,5,False
22447,PIN CUSHION BABUSHKA BLUE,36.3500,16.8200,19.5300,1.1611,19,False
23661,MILK MAIDS MUG,36.3300,0.0000,36.3300,,13,False
23270,SET OF 2 CERAMIC PAINTED HEARTS,36.2900,0.0000,36.2900,,23,False
90184B,AMETHYST CHUNKY BEAD BRACELET W STR,36.2000,44.7500,-8.5500,-0.1911,4,False
23532,WALL ART WORK REST AND PLAY,36.1400,0.0000,36.1400,,14,False
23289,DOLLY GIRL CHILDRENS BOWL,36.0500,0.0000,36.0500,,24,False
20996,JAZZ HEARTS ADDRESS BOOK,35.9800,18.4900,17.4900,0.9459,186,False
22975,SPACEBOY CHILDRENS EGG CUP,35.8900,108.8500,-72.9600,-0.6703,20,False
20717,STRAWBERRY SHOPPER BAG,35.8100,59.7200,-23.9100,-0.4004,18,False
22395,PAPERWEIGHT VINTAGE PAISLEY,35.7700,15.1800,20.5900,1.3564,80,False
22545,MINI JIGSAW BUNNIES,35.7600,12.8900,22.8700,1.7742,168,False
21818,GLITTER CHRISTMAS HEART,35.5200,166.6000,-131.0800,-0.7868,84,False
23660,HENRIETTA HEN MUG,35.5000,0.0000,35.5000,,14,False
22921,HERB MARKER CHIVES,35.4500,16.4600,18.9900,1.1537,47,False
22831,WHITE BROCANTE SOAP DISH,35.4000,11.8100,23.5900,1.9975,12,False
21693,SMALL HAMMERED SILVER CANDLEPOT,35.4000,109.1800,-73.7800,-0.6758,12,False
23377,PACK OF 12 DOLLY GIRL TISSUES,35.3400,0.0000,35.3400,,50,False
22789,T-LIGHT HOLDER SWEETHEART HANGING,35.3300,24.0200,11.3100,0.4709,17,False
22609,PENS ASSORTED SPACEBALL,35.1900,9.9600,25.2300,2.5331,117,False
22565,FELTCRAFT HAIRBANDS PINK AND WHITE,35.1500,33.0700,2.0800,0.0629,23,False
21265,PINK GOOSE FEATHER TREE 60CM,35.1000,11.8200,23.2800,1.9695,18,False
21249,WOODLAND  HEIGHT CHART STICKERS,35.0700,70.8600,-35.7900,-0.5051,9,False
22976,CIRCUS PARADE CHILDRENS EGG CUP,34.9600,111.3100,-76.3500,-0.6859,27,False
23061,VINTAGE EMBOSSED HEART,34.9200,0.0000,34.9200,,26,False
85232D,SET/3 DECOUPAGE STACKING TINS,34.7700,35.1900,-0.4200,-0.0119,5,False
20665,RED RETROSPOT PURSE,34.7400,109.2200,-74.4800,-0.6819,6,False
90161C,ANT COPPER LIME BOUDICCA BRACELET,34.7100,0.0000,34.7100,,7,False
23381,PACK OF 12 VINTAGE LEAF TISSUES,34.6700,0.0000,34.6700,,81,False
22333,RETROSPOT PARTY BAG + STICKER SET,34.6500,186.5700,-151.9200,-0.8143,21,False
85114B,IVORY ENCHANTED FOREST PLACEMAT,34.5900,114.9900,-80.4000,-0.6992,15,False
22310,IVORY KNITTED MUG COSY,34.5800,150.3000,-115.7200,-0.7699,14,False
23161,REGENCY CAKE FORK,34.4400,0.0000,34.4400,,14,False
23375,50'S CHRISTMAS PAPER GIFT BAG,34.4000,0.0000,34.4000,,38,False
22608,PENS ASSORTED FUNKY JEWELED,34.3800,1.6600,32.7200,19.7108,141,False
22402,MAGNETS PACK OF 4 VINTAGE COLLAGE,34.0500,17.5100,16.5400,0.9446,59,False
85049H,URBAN BLACK RIBBONS,34.0300,12.5100,21.5200,1.7202,41,False
84609,TALL ROCOCO CANDLE HOLDER,34.0000,16.9800,17.0200,1.0024,4,False
46775D,SUNSET COLOUR CHUNKY KNITTED THROW,33.9000,11.0200,22.8800,2.0762,2,False
84509B,SET OF 4 FAIRY CAKE PLACEMATS,33.7500,33.8700,-0.1200,-0.0035,9,False
35001G,HAND OPEN SHAPE GOLD,33.7500,146.6300,-112.8800,-0.7698,27,False
22277,COSMETIC BAG VINTAGE ROSE PAISLEY,33.3900,96.6500,-63.2600,-0.6545,13,False
22494,EMERGENCY FIRST AID TIN,33.2700,120.0500,-86.7800,-0.7229,15,False
20659,ECONOMY LUGGAGE TAG,33.2300,1.2500,31.9800,25.5840,14,False
84884a,ANT WHITE WIRE HEART SPIRAL,33.1600,50.8200,-17.6600,-0.3475,4,False
22729,ALARM CLOCK BAKELIKE ORANGE,33.1600,352.3800,-319.2200,-0.9059,4,False
22696,WICKER WREATH LARGE,33.1500,102.0200,-68.8700,-0.6751,17,False
16258A,SWIRLY CIRCULAR RUBBERS IN BAG,33.1500,3.3600,29.7900,8.8661,161,False
35967,FOLK ART METAL STAR T-LIGHT HOLDER,33.1400,19.0800,14.0600,0.7369,46,False
21240,BLUE POLKADOT CUP,33.0100,57.4800,-24.4700,-0.4257,37,False
22366,DOORMAT AIRMAIL,33.0000,150.5400,-117.5400,-0.7808,4,False
23049,RECYCLED ACAPULCO MAT RED,33.0000,0.0000,33.0000,,4,False
22329,ROUND CONTAINER SET OF 5 RETROSPOT,32.9200,18.4500,14.4700,0.7843,12,False
21288,STRIPEY CHOCOLATE NESTING BOXES,32.9000,29.5200,3.3800,0.1145,10,False
23178,JAM CLOCK MAGNET,32.8300,0.0000,32.8300,,19,False
23544,WALL ART MID CENTURY MODERN,32.6500,0.0000,32.6500,,5,False
85019A,ROMANTIC IMAGES NOTEBOOK SET,32.5000,17.0000,15.5000,0.9118,26,False
22808,SET OF 6 T-LIGHTS EASTER CHICKS,32.5000,20.6500,11.8500,0.5738,26,False
22084,PAPER CHAIN KIT EMPIRE,32.4500,266.6600,-234.2100,-0.8783,11,False
21262,WHITE GOOSE FEATHER CHRISTMAS TREE,32.4500,192.9600,-160.5100,-0.8318,11,False
23180,MUM'S KITCHEN CLOCK,32.2400,0.0000,32.2400,,14,False
21902,"KEY FOB , FRONT  DOOR",32.2100,48.1000,-15.8900,-0.3304,39,False
23417,BATHROOM HOOK,32.1500,0.0000,32.1500,,75,False
22363,GLASS JAR MARMALADE,32.0100,5.9100,26.1000,4.4162,7,False
21576,LETS GO SHOPPING COTTON TOTE BAG,31.9600,25.3100,6.6500,0.2627,13,False
22530,MAGIC DRAWING SLATE DOLLY GIRL,31.9200,85.2200,-53.3000,-0.6254,76,False
22817,CARD SUKI BIRTHDAY,31.9200,6.7400,25.1800,3.7359,76,False
22161,HEART DECORATION RUSTIC HANGING,31.8700,84.4500,-52.5800,-0.6226,145,False
84279P,CHERRY BLOSSOM  DECORATIVE FLASK,31.5800,40.4100,-8.8300,-0.2185,6,False
23475,WOODLAND SMALL PINK FELT HEART,31.5400,0.0000,31.5400,,38,False
22046,TEA PARTY  WRAPPING PAPER,31.5000,0.0000,31.5000,,75,False
22819,"BIRTHDAY CARD, RETRO SPOT",31.5000,13.4800,18.0200,1.3368,75,False
22710,WRAP I LOVE LONDON,31.5000,10.5000,21.0000,2.0000,75,False
21850,BLUE  DIAMANTE PEN IN GIFT BOX,31.4300,54.2200,-22.7900,-0.4203,5,False
22980,PANTRY SCRUBBING BRUSH,31.2900,0.0000,31.2900,,13,False
21832,CHOCOLATE CALCULATOR,31.2900,169.1400,-137.8500,-0.8150,13,False
21679,SKULLS  STICKERS,31.2400,54.2400,-23.0000,-0.4240,34,False
22680,FRENCH BLUE METAL DOOR SIGN 5,31.2200,30.0000,1.2200,0.0407,24,False
84212,"ASSORTED FLOWER COLOUR ""LEIS""",31.2000,0.6500,30.5500,47.0000,48,False
35598D,PINK/WHITE CHRISTMAS TREE 60CM,31.2000,46.9700,-15.7700,-0.3357,48,False
21828,EIGHT PIECE SNAKE  SET,31.1300,17.5600,13.5700,0.7728,22,False
72122,COFFEE SCENT PILLAR CANDLE,31.1100,0.9500,30.1600,31.7474,21,False
22674,FRENCH TOILET SIGN BLUE METAL,31.0100,22.5100,8.5000,0.3776,19,False
84880,WHITE WIRE EGG HOLDER,30.7900,380.2700,-349.4800,-0.9190,3,False
22098,BOUDOIR SQUARE TISSUE BOX,30.7800,26.3100,4.4700,0.1699,63,False
84581,DOG TOY WITH PINK CROCHET SKIRT,30.7600,20.1300,10.6300,0.5281,8,False
79191C,RETRO PLASTIC ELEPHANT TRAY,30.6000,1.7000,28.9000,17.0000,36,False
22305,COFFEE MUG PINK PAISLEY DESIGN,30.6000,61.2000,-30.6000,-0.5000,12,False
23508,MINI PLAYING CARDS DOLLY GIRL,30.5700,0.0000,30.5700,,64,False
85014A,BLACK/BLUE POLKADOT UMBRELLA,30.3100,226.9200,-196.6100,-0.8664,4,False
21042,RED SPOTTY APRON,30.3100,143.6200,-113.3100,-0.7890,4,False
21504,SKULLS GREETING CARD,30.2400,25.2000,5.0400,0.2000,72,False
23521,WALL ART CAT AND BIRD,30.2000,0.0000,30.2000,,6,False
85231B,CINAMMON SET OF 9 T-LIGHTS,30.1100,91.2400,-61.1300,-0.6700,29,False
84805A,CREAM CLIMBING HYDRANGA ART FLOWER,30.0000,0.0000,30.0000,,24,False
23481,PEARLISED IVORY HEART SMALL,30.0000,0.0000,30.0000,,24,False
22399,MAGNETS PACK OF 4 CHILDHOOD MEMORY,30.0000,60.0000,-30.0000,-0.5000,24,False
21126,SET OF 6 GIRLS CELEBRATION CANDLES,30.0000,18.7600,11.2400,0.5991,24,False
22254,FELT TOADSTOOL LARGE,30.0000,15.0000,15.0000,1.0000,24,False
23153,ZINC SWEETHEART WIRE LETTER RACK,29.9600,0.0000,29.9600,,7,False
23529,WALL ART DOLLY GIRL,29.9600,0.0000,29.9600,,7,False
21761,WOOD AND GLASS MEDICINE CABINET,29.9500,59.9000,-29.9500,-0.5000,1,False
22770,MIRROR CORNICE,29.9000,29.9000,0.0000,0.0000,2,False
90206C,CRYSTAL DIAMANTE STAR BROOCH,29.8800,5.0900,24.7900,4.8703,6,False
23463,VINTAGE ZINC WATERING CAN,29.8500,0.0000,29.8500,,3,False
37449,CERAMIC CAKE STAND + HANGING CAKES,29.8500,339.3100,-309.4600,-0.9120,3,False
21344,MOROCCAN BEATEN METAL DISH,29.8500,0.0000,29.8500,,3,False
23487,SWEET HEART CAKE CARRIER,29.8500,0.0000,29.8500,,3,False
23471,SIX DRAWER OFFICE TIDY,29.8500,0.0000,29.8500,,3,False
23299,FOOD COVER WITH BEADS SET 2,29.8400,0.0000,29.8400,,4,False
84509c,SET OF 4 POLKADOT PLACEMATS,29.8400,22.8600,6.9800,0.3053,4,False
21718,RED METAL BEACH SPADE,29.8400,20.0200,9.8200,0.4905,20,False
23464,VINTAGE ZINC WATERING CAN SMALL,29.8000,0.0000,29.8000,,5,False
21381,MINI WOODEN HAPPY BIRTHDAY GARLAND,29.7800,66.7000,-36.9200,-0.5535,10,False
23411,TRELLIS COAT RACK,29.7000,0.0000,29.7000,,6,False
22671,FRENCH LAUNDRY SIGN BLUE METAL,29.6500,24.7500,4.9000,0.1980,13,False
23096,PETIT TRAY CHIC,29.6400,0.0000,29.6400,,12,False
22903,CALENDAR FAMILY FAVOURITES,29.6400,2.9500,26.6900,9.0475,15,False
85049g,CHOCOLATE BOX RIBBONS,29.5200,0.0000,29.5200,,12,False
16014,SMALL CHINESE STYLE SCISSOR,29.4000,325.8800,-296.4800,-0.9098,70,False
22786,CUSHION COVER PINK UNION JACK,29.4000,45.8800,-16.4800,-0.3592,16,False
21051,RIBBONS PURSE,29.3300,8.4200,20.9100,2.4834,13,False
84707B,PINK JEWELLED MIRROR TRINKET TRAY,29.2500,9.9500,19.3000,1.9397,15,False
21264,WHITE GOOSE FEATHER TREE 60CM,29.2500,0.0000,29.2500,,15,False
21415,CLAM SHELL SMALL,29.2300,16.8100,12.4200,0.7388,37,False
22436,12 COLOURED PARTY BALLOONS,29.2000,24.7000,4.5000,0.1822,44,False
23456,MEDIUM PARLOUR PICTURE FRAME,29.0500,0.0000,29.0500,,7,False
23286,BLUE VINTAGE SPOT BEAKER,29.0500,0.0000,29.0500,,25,False
22232,JIGSAW TOADSTOOLS 3 PIECE,28.9100,0.0000,28.9100,,49,False
35095A,BLUE VICTORIAN FABRIC OVAL BOX,28.7800,3.3600,25.4200,7.5655,49,False
22204,MILK PAN BLUE POLKADOT,28.7500,0.0000,28.7500,,23,False
22673,FRENCH GARDEN SIGN BLUE METAL,28.7500,36.2700,-7.5200,-0.2073,23,False
51014L,"FEATHER PEN,LIGHT PINK",28.6800,20.4000,8.2800,0.4059,60,False
22390,PAPERWEIGHT CHILDHOOD MEMORIES,28.6400,15.3000,13.3400,0.8719,50,False
21508,VINTAGE KID DOLLY CARD,28.5200,25.4600,3.0600,0.1202,64,False
21371,MIRRORED WALL ART POPPIES,28.5000,0.0000,28.5000,,38,False
21086,SET/6 RED SPOTTY PAPER CUPS,28.2900,156.2800,-127.9900,-0.8190,39,False
21378,SMALL TALL CAMPHOR WOOD TOADSTOOL,28.1500,0.0000,28.1500,,35,False
22233,JIGSAW RABBIT AND BIRDHOUSE,28.0700,3.3000,24.7700,7.5061,43,False
22679,FRENCH BLUE METAL DOOR SIGN 4,28.0300,2.5100,25.5200,10.1673,20,False
23416,CHAMBRE HOOK,27.9800,0.0000,27.9800,,42,False
20767,BLUE PAISLEY JOURNAL,27.7700,5.1000,22.6700,4.4451,9,False
21989,PACK OF 20 SKULL PAPER NAPKINS,27.5600,19.4300,8.1300,0.4184,26,False
84509G,SET OF 4 FAIRY CAKE PLACEMATS,27.5000,15.0000,12.5000,0.8333,22,False
72232,FENG SHUI PILLAR CANDLE,27.3600,20.9000,6.4600,0.3091,144,False
82616C,MIDNIGHT GLAMOUR SCARF KNITTING KIT,27.3000,10.9200,16.3800,1.5000,17,False
22491,PACK OF 12 COLOURED PENCILS,27.1300,106.8200,-79.6900,-0.7460,31,False
21774,DECORATIVE CATS BATHROOM BOTTLE,27.0600,63.9400,-36.8800,-0.5768,11,False
23514,EMBROIDERED RIBBON REEL SALLY,27.0400,0.0000,27.0400,,13,False
23408,PHOTO FRAME LINEN AND LACE SMALL,27.0400,0.0000,27.0400,,13,False
23512,EMBROIDERED RIBBON REEL ROSIE,27.0100,0.0000,27.0100,,12,False
23337,EGG FRYING PAN MINT,26.9800,0.0000,26.9800,,11,False
22531,MAGIC DRAWING SLATE CIRCUS PARADE,26.8800,78.3300,-51.4500,-0.6568,64,False
21917,SET 12 KIDS  WHITE CHALK STICKS,26.8700,18.1100,8.7600,0.4837,63,False
22546,MINI JIGSAW PURDEY,26.6900,5.1000,21.5900,4.2333,127,False
23614,SET 10 CARDS 12 DAYS WRAP  17058,26.6400,0.0000,26.6400,,8,False
21441,BLUE BIRDHOUSE DECORATION,26.6000,11.8600,14.7400,1.2428,140,False
21442,GREEN BIRDHOUSE DECORATION,26.6000,1.6600,24.9400,15.0241,140,False
22911,PAPER CHAIN KIT LONDON,26.5500,53.1000,-26.5500,-0.5000,9,False
22863,SOAP DISH BROCANTE,26.5500,129.8100,-103.2600,-0.7955,9,False
23123,COCKTAIL SWORDS 50 PIECES,26.5000,0.0000,26.5000,,30,False
22512,DOORSTOP RACING CAR DESIGN,26.4600,7.6200,18.8400,2.4724,26,False
85114C,RED ENCHANTED FOREST PLACEMAT,26.3900,41.3700,-14.9800,-0.3621,15,False
21204,DAISIES  HONEYCOMB GARLAND,26.3900,3.3600,23.0300,6.8542,15,False
22342,HOME GARLAND PAINTED ZINC,26.3200,10.0800,16.2400,1.6111,8,False
22936,BAKING MOULD ROSE WHITE CHOCOLATE,26.2600,29.2500,-2.9900,-0.1022,6,False
22935,BAKING MOULD ROSE MILK CHOCOLATE,26.2600,227.2500,-200.9900,-0.8844,6,False
21469,POLKA DOT RAFFIA FOOD COVER,26.2500,30.0000,-3.7500,-0.1250,7,False
23520,EMBROIDERED RIBBON REEL RUBY,26.2500,0.0000,26.2500,,7,False
21439,BASKET OF TOADSTOOLS,26.2100,42.5500,-16.3400,-0.3840,20,False
21913,VINTAGE SEASIDE JIGSAW PUZZLES,26.2100,120.7200,-94.5100,-0.7829,6,False
85049C,ROMANTIC PINKS RIBBONS,26.1700,47.5100,-21.3400,-0.4492,19,False
22498,WOODEN REGATTA BUNTING,26.1400,5.9500,20.1900,3.3933,4,False
22416,SET OF 36 DOILIES SPACEBOY DESIGN,26.1000,2.9800,23.1200,7.7584,18,False
20986,BLUE CALCULATOR RULER,26.0900,53.8900,-27.8000,-0.5159,17,False
21158,MOODY GIRL DOOR HANGER,26.0300,35.1900,-9.1600,-0.2603,37,False
23517,EMBROIDERED RIBBON REEL REBECCA,26.0200,0.0000,26.0200,,8,False
90082A,DIAMANTE BOW BROOCH GREEN COLOUR,26.0000,31.7500,-5.7500,-0.1811,4,False
85172,HYACINTH BULB T-LIGHT CANDLES,25.9200,67.2000,-41.2800,-0.6143,48,False
21220,SET/4 BADGES DOGS,25.8900,10.0400,15.8500,1.5787,12,False
22897,OVEN MITT APPLES DESIGN,25.8200,23.3600,2.4600,0.1053,14,False
90210C,RED   ACRYLIC FACETED BANGLE,25.8000,2.9600,22.8400,7.7162,22,False
22211,WOOD STAMP SET FLOWERS,25.5800,8.2500,17.3300,2.1006,16,False
84796A,PINK HAWAIIAN PICNIC HAMPER FOR 2,25.5000,0.0000,25.5000,,2,False
21640,ASSORTED TUTTI FRUTTI  FOB NOTEBOOK,25.5000,4.1700,21.3300,5.1151,30,False
21531,RED RETROSPOT SUGAR JAM BOWL,25.5000,129.4500,-103.9500,-0.8030,10,False
22582,PACK OF 6 SWEETIE GIFT BOXES,25.3600,55.9400,-30.5800,-0.5467,9,False
21983,PACK OF 12 BLUE PAISLEY TISSUES,25.3200,47.1500,-21.8300,-0.4630,56,False
22231,JIGSAW TREE WITH BIRDHOUSE,25.2100,21.7500,3.4600,0.1591,29,False
47599B,BLUE PARTY BAGS,25.2000,157.5000,-132.3000,-0.8400,12,False
21354,TOAST ITS - BEST MUM,25.2000,68.8600,-43.6600,-0.6340,24,False
47599A,PINK PARTY BAGS,25.2000,161.7100,-136.5100,-0.8442,12,False
90116,FRUIT SALAD BAG CHARM,25.2000,5.0200,20.1800,4.0199,14,False
85020,ROUND PINK HEART MIRROR,25.2000,25.2100,-0.0100,-0.0004,12,False
22042,CHRISTMAS CARD SINGING ANGEL,25.2000,22.4300,2.7700,0.1235,60,False
17012C,ORIGAMI LAVENDER INCENSE/CANDL SET,25.0500,12.5500,12.5000,0.9960,20,False
23287,RED VINTAGE SPOT BEAKER,25.0100,0.0000,25.0100,,23,False
85163B,BLACK BAROQUE WALL CLOCK,24.9600,0.0000,24.9600,,1,False
23025,DRAWER KNOB VINTAGE GLASS BALL,24.9600,0.0000,24.9600,,12,False
90191,SILVER LARIAT 40CM,24.9600,0.0000,24.9600,,2,False
84968e,SET OF 16 VINTAGE BLACK CUTLERY,24.9600,0.0000,24.9600,,1,False
22761,CHEST 7 DRAWER MA CAMPAGNE,24.9500,112.7500,-87.8000,-0.7787,1,False
23513,EMBROIDERED RIBBON REEL SUSIE,24.9300,0.0000,24.9300,,11,False
22223,CAKE PLATE LOVEBIRD PINK,24.8100,10.1700,14.6400,1.4395,4,False
22324,BLUE POLKADOT KIDS BAG,24.7800,40.2400,-15.4600,-0.3842,6,False
84708B,PINK JEWELLED PHOTO FRAME,24.7500,0.0000,24.7500,,5,False
23151,ZINC SWEETHEART SOAP DISH,24.7100,0.0000,24.7100,,26,False
22214,CANDLE PLATE LACE WHITE,24.7100,0.0000,24.7100,,26,False
20866,BLUE ROSE FABRIC MIRROR,24.6400,6.2700,18.3700,2.9298,11,False
22543,MINI JIGSAW BAKE A CAKE,24.5800,22.2800,2.3000,0.1032,126,False
21944,KITTENS DESIGN FLANNEL,24.5300,6.6400,17.8900,2.6943,47,False
22536,MAGIC DRAWING SLATE PURDEY,24.3600,391.1100,-366.7500,-0.9377,58,False
22822,CREAM WALL PLANTER HEART SHAPED,24.3600,149.5700,-125.2100,-0.8371,3,False
23507,MINI PLAYING CARDS BUFFALO BILL,24.3000,0.0000,24.3000,,52,False
23141,TRIPLE WIRE HOOK PINK HEART,24.0900,0.0000,24.0900,,21,False
21629,SQUARE FLOOR CUSHION VINTAGE RED,23.8500,15.9000,7.9500,0.5000,3,False
84843,WHITE SOAP RACK WITH 2 BOTTLES,23.8000,0.0000,23.8000,,4,False
84951B,SET OF 4 BLACK LOVEBIRD COASTERS,23.7900,0.0000,23.7900,,28,False
23360,SET 8 CANDLES VINTAGE DOILY,23.6300,0.0000,23.6300,,11,False
21867,PINK UNION JACK  LUGGAGE TAG,23.4700,16.2600,7.2100,0.4434,12,False
22479,DAISY GARDEN MARKER,23.4300,6.2600,17.1700,2.7428,11,False
22148,EASTER CRAFT 4 CHICKS,23.4000,0.0000,23.4000,,12,False
23039,T-LIGHT HOLDER SILVER HEART HANDLE,23.4000,0.0000,23.4000,,12,False
23303,SET 4 PICNIC CUTLERY FONDANT,23.4000,0.0000,23.4000,,12,False
21949,SET OF 6 STRAWBERRY CHOPSTICKS,23.3900,60.1000,-36.7100,-0.6108,10,False
23034,DRAWER KNOB CERAMIC BLACK,23.3100,0.0000,23.3100,,11,False
23433,HANGING QUILTED PATCHWORK APPLES,23.2400,0.0000,23.2400,,28,False
21873,IF YOU CAN'T STAND THE HEAT MUG,23.1600,70.8600,-47.7000,-0.6732,12,False
22284,HEN HOUSE DECORATION,23.0900,23.1600,-0.0700,-0.0030,13,False
22285,"DECORATION HEN ON NEST, HANGING",23.0900,26.5200,-3.4300,-0.1293,13,False
21207,SKULL AND CROSSBONES  GARLAND,23.0600,29.8200,-6.7600,-0.2267,14,False
85114c,RED ENCHANTED FOREST PLACEMAT,23.0300,10.0800,12.9500,1.2847,7,False
20777,CHRYSANTHEMUM NOTEBOOK,22.8200,6.6600,16.1600,2.4264,14,False
20768,GREEN FERN JOURNAL,22.8100,7.6500,15.1600,1.9817,8,False
21194,PINK  HONEYCOMB PAPER FAN,22.7500,0.0000,22.7500,,35,False
22529,MAGIC DRAWING SLATE GO TO THE FAIR,22.6800,11.5800,11.1000,0.9585,54,False
22713,CARD I LOVE LONDON,22.6500,39.5300,-16.8800,-0.4270,51,False
22132,RED LOVE HEART SHAPE CUP,22.5300,18.3000,4.2300,0.2311,21,False
21689,SILVER VANILLA  FLOWER CANDLE POT,22.5000,3.7500,18.7500,5.0000,6,False
23252,VINTAGE RED ENAMEL TRIM JUG,22.5000,0.0000,22.5000,,6,False
21465,PINK FLOWER CROCHET FOOD COVER,22.5000,7.5000,15.0000,2.0000,6,False
22135,MINI LADLE LOVE HEART PINK,22.4800,22.4300,0.0500,0.0022,34,False
85059,FRENCH ENAMEL WATER BASIN,22.4200,3.7500,18.6700,4.9787,4,False
23119,PACK OF 6 LARGE FRUIT STRAWS,22.4100,0.0000,22.4100,,27,False
21370,MIRRORED WALL ART FOXY,22.3600,12.7000,9.6600,0.7606,7,False
22396,MAGNETS PACK OF 4 RETRO PHOTO,22.3500,21.2700,1.0800,0.0508,52,False
22093,MOTORING TISSUE BOX,22.2300,27.5100,-5.2800,-0.1919,57,False
22094,RED RETROSPOT TISSUE BOX,22.2300,46.2700,-24.0400,-0.5196,57,False
23087,ZINC  HEART T-LIGHT HOLDER,22.1400,0.0000,22.1400,,9,False
22510,GINGHAM BABUSHKA DOORSTOP,22.1200,30.0000,-7.8800,-0.2627,28,False
21420,OYSTER TRINKET BOX,22.1200,0.0000,22.1200,,28,False
10125,MINI FUNKY DESIGN TAPES,22.1000,39.8700,-17.7700,-0.4457,26,False
23522,WALL ART DOG AND BALL,22.0400,0.0000,22.0400,,14,False
84519B,CARROT CHARLIE+LOLA COASTER SET,22.0400,5.9000,16.1400,2.7356,14,False
21789,KIDS RAIN MAC PINK,22.0300,24.5700,-2.5400,-0.1034,25,False
84661B,BLACK SQUARE TABLE CLOCK,21.7700,5.0600,16.7100,3.3024,17,False
21636,MADRAS NOTEBOOK MEDIUM,21.7500,0.0000,21.7500,,29,False
90056,CHUNKY CRACKED GLAZE NECKLACE IVORY,21.6400,11.0500,10.5900,0.9584,2,False
20733,GOLD MINI TAPE MEASURE,21.6000,25.5000,-3.9000,-0.1529,26,False
20780,BLACK EAR MUFF HEADPHONES,21.5800,83.2900,-61.7100,-0.7409,2,False
22821,GIFT BAG PSYCHEDELIC APPLES,21.5500,23.4000,-1.8500,-0.0791,29,False
21263,GREEN GOOSE FEATHER TREE 60CM,21.4500,11.8200,9.6300,0.8147,11,False
84051,ASS COLOUR GLOWING TIARAS,21.2500,3.4000,17.8500,5.2500,25,False
84969,BOX OF 6 ASSORTED COLOUR TEASPOONS,21.0400,165.4500,-144.4100,-0.8728,4,False
22705,WRAP GREEN PEARS,21.0000,52.5000,-31.5000,-0.6000,50,False
16161U,WRAP SUKI AND FRIENDS,21.0000,21.0000,0.0000,0.0000,50,False
23548,WRAP MAGIC FOREST,21.0000,0.0000,21.0000,,50,False
22047,EMPIRE GIFT WRAP,21.0000,0.0000,21.0000,,50,False
22099,CARAVAN SQUARE TISSUE BOX,21.0000,28.7700,-7.7700,-0.2701,22,False
22985,"WRAP, BILLBOARD FONTS DESIGN",21.0000,21.0000,0.0000,0.0000,50,False
82616B,FRAPPUCINO SCARF KNITTING KIT,20.9700,14.3100,6.6600,0.4654,10,False
23567,EGG CUP HENRIETTA HEN PINK,20.9700,0.0000,20.9700,,10,False
90086,CRYSTAL FROG PHONE CHARM,20.9500,2.5100,18.4400,7.3466,61,False
90014A,SILVER/MOP ORBIT NECKLACE,20.8000,0.0000,20.8000,,2,False
84970s,HANGING HEART ZINC T-LIGHT HOLDER,20.8000,23.4300,-2.6300,-0.1122,10,False
23442,12 HANGING EGGS HAND PAINTED,20.8000,0.0000,20.8000,,10,False
84519A,TOMATO CHARLIE+LOLA COASTER SET,20.7900,23.6100,-2.8200,-0.1194,13,False
23070,EDWARDIAN HEART PHOTO FRAME,20.7400,0.0000,20.7400,,4,False
22517,CHILDS GARDEN RAKE PINK,20.7200,8.4200,12.3000,1.4608,6,False
21865,PINK UNION JACK  PASSPORT COVER,20.7200,16.8200,3.9000,0.2319,6,False
22377,BOTTLE BAG RETROSPOT,20.7200,11.3700,9.3500,0.8223,6,False
23538,WALL ART VINTAGE HEART,20.6900,0.0000,20.6900,,3,False
46776E,WOVEN CANDY CUSHION COVER,20.6500,8.4200,12.2300,1.4525,5,False
20997,ROSE DU SUD CUSHION COVER,20.6500,0.0000,20.6500,,5,False
90201B,BLACK ENAMEL FLOWER RING,20.6000,5.9200,14.6800,2.4797,7,False
22362,GLASS JAR PEACOCK BATH SALTS,20.4300,50.1500,-29.7200,-0.5926,5,False
84625A,PINK NEW BAROQUECANDLESTICK CANDLE,20.4000,94.4900,-74.0900,-0.7841,24,False
22255,FELT TOADSTOOL  SMALL,20.4000,27.9700,-7.5700,-0.2706,24,False
21224,SET/4 SKULL BADGES,20.3700,42.5400,-22.1700,-0.5212,21,False
21248,DOOR HANGER  MUM + DADS ROOM,20.3000,0.0000,20.3000,,14,False
22067,CHOC TRUFFLE GOLD TRINKET POT,20.2800,56.2200,-35.9400,-0.6393,52,False
22133,PINK LOVE HEART SHAPE CUP,20.1900,26.8400,-6.6500,-0.2478,21,False
20794,BLUE  TILE HOOK,20.1200,5.0600,15.0600,2.9763,6,False
79190A,RETRO PLASTIC 70'S TRAY,20.0700,0.4200,19.6500,46.7857,39,False
21060,PARTY INVITES BALLOON GIRL,20.0500,10.2000,9.8500,0.9657,19,False
21967,PACK OF 12 SKULL TISSUES,20.0500,72.8600,-52.8100,-0.7248,39,False
85131D,BEADED CRYSTAL HEART PINK ON STICK,19.9800,17.0000,2.9800,0.1753,18,False
21675,BUTTERFLIES STICKERS,19.9800,33.8000,-13.8200,-0.4089,18,False
23046,PAPER LANTERN 9 POINT DELUXE STAR,19.9500,0.0000,19.9500,,3,False
90180B,PURPLE AMETHYST NECKLACE W TASSEL,19.9300,0.0000,19.9300,,2,False
23626,SET 10 CARDS DINKY TREE 17076,19.9200,0.0000,19.9200,,8,False
85127,SMALL SQUARE CUT GLASS CANDLESTICK,19.9200,54.9900,-35.0700,-0.6378,2,False
46118,FUNKY MONKEY CUSHION COVER,19.9200,8.4700,11.4500,1.3518,8,False
22894,TABLECLOTH RED APPLES DESIGN,19.9000,59.5000,-39.6000,-0.6655,2,False
21125,SET 6 FOOTBALL CELEBRATION CANDLES,19.8800,48.7600,-28.8800,-0.5923,13,False
21068,VINTAGE BILLBOARD LOVE/HATE MUG,19.8400,360.7800,-340.9400,-0.9450,12,False
90208,PAIR OF PINK FLOWER CLUSTER SLIDE,19.8400,5.0800,14.7600,2.9055,8,False
21808,"CHRISTMAS GARLAND STARS,TREES",19.8300,48.7500,-28.9200,-0.5932,6,False
21622,VINTAGE UNION JACK CUSHION COVER,19.8000,133.6500,-113.8500,-0.8519,4,False
21198,WHITE HEART CONFETTI IN TUBE,19.8000,0.0000,19.8000,,12,False
21196,ROUND WHITE CONFETTI IN TUBE,19.8000,0.0000,19.8000,,12,False
21199,PINK  HEART CONFETTI IN TUBE,19.8000,0.0000,19.8000,,12,False
21197,MULTICOLOUR  CONFETTI IN TUBE,19.8000,21.4500,-1.6500,-0.0769,12,False
84912B,GREEN ROSE WASHBAG,19.7400,65.4000,-45.6600,-0.6982,6,False
21200,MULTICOLOUR HONEYCOMB PAPER GARLAND,19.7400,4.9500,14.7900,2.9879,6,False
79051A,SMOKEY GREY COLOUR D.O.F. GLASS,19.7400,5.2000,14.5400,2.7962,54,False
23160,REGENCY TEA SPOON,19.6800,0.0000,19.6800,,8,False
21984,PACK OF 12 PINK PAISLEY TISSUES,19.5100,45.0200,-25.5100,-0.5666,41,False
21084,SET/6 COLLAGE PAPER CUPS,19.3200,0.0000,19.3200,,68,False
22681,FRENCH BLUE METAL DOOR SIGN 6,19.2800,3.7600,15.5200,4.1277,13,False
22028,PENNY FARTHING BIRTHDAY CARD,19.2700,18.5200,0.7500,0.0405,41,False
22024,RAINY LADIES BIRTHDAY CARD,19.2100,27.7500,-8.5400,-0.3077,35,False
90010A,MIDNIGHT BLUE GLASS/SILVER BRACELET,19.1400,8.9500,10.1900,1.1385,2,False
22267,EASTER DECORATION EGG BUNNY,19.1100,0.0000,19.1100,,49,False
22400,MAGNETS PACK OF 4 HOME SWEET HOME,18.9600,15.0000,3.9600,0.2640,38,False
79190B,RETRO PLASTIC POLKA TRAY,18.9000,0.0000,18.9000,,45,False
23400,SHELF WITH 4 HOOKS HOME SWEET HOME,18.7500,0.0000,18.7500,,3,False
23379,PACK OF 12 RED APPLE TISSUES,18.7400,0.0000,18.7400,,30,False
21888,BINGO SET,18.6700,195.8400,-177.1700,-0.9047,3,False
47578A,ENGLISH ROSE SMALL SCENTED FLOWER,18.6300,0.0000,18.6300,,21,False
84913B,MINT GREEN ROSE TOWEL,18.6000,53.7600,-35.1600,-0.6540,4,False
22851,SET 20 NAPKINS FAIRY CAKES DESIGN,18.5600,31.7800,-13.2200,-0.4160,20,False
22276,WASH BAG VINTAGE ROSE PAISLEY,18.5400,191.4600,-172.9200,-0.9032,6,False
84976,RECTANGULAR SHAPED MIRROR,18.4300,3.3600,15.0700,4.4851,17,False
90181B,AMETHYST GLASS/SHELL/PEARL NECKLACE,18.3000,18.6800,-0.3800,-0.0203,2,False
23122,PARTY CHARMS 50 PIECES,18.2500,0.0000,18.2500,,19,False
21292,SMALL STRIPES CHOCOLATE GIFT BAG,18.2400,23.8000,-5.5600,-0.2336,96,False
85015,SET OF 12  VINTAGE POSTCARD SET,18.2000,37.8900,-19.6900,-0.5197,28,False
23106,ZINC HEARTS PLANT POT HOLDER,18.1700,0.0000,18.1700,,23,False
23249,VINTAGE RED ENAMEL TRIM PLATE,18.1500,0.0000,18.1500,,11,False
23282,FOLDING BUTTERFLY MIRROR IVORY,18.1100,0.0000,18.1100,,12,False
22104,MIRROR MOSAIC CANDLE PLATE,17.9300,6.6400,11.2900,1.7003,11,False
21055,TOOL BOX SOFT TOY,17.9000,193.2200,-175.3200,-0.9074,2,False
22320,BIRDS MOBILE VINTAGE DESIGN,17.8500,17.8500,0.0000,0.0000,3,False
20769,DAISY JOURNAL,17.8500,10.2000,7.6500,0.7500,7,False
90030B,RED KUKUI COCONUT SEED NECKLACE,17.8200,0.0000,17.8200,,13,False
21683,MEDIUM MEDINA STAMPED METAL BOWL,17.7000,44.2600,-26.5600,-0.6001,6,False
22967,SET 3 SONG BIRD PAPER EGGS ASSORTED,17.7000,0.0000,17.7000,,6,False
21694,SMALL REGAL  SILVER CANDLEPOT,17.7000,53.1000,-35.4000,-0.6667,6,False
90195A,PURPLE GEMSTONE BRACELET,17.7000,8.9500,8.7500,0.9777,6,False
22089,PAPER BUNTING VINTAGE PAISLEY,17.7000,20.6500,-2.9500,-0.1429,6,False
21380,WOODEN HAPPY BIRTHDAY GARLAND,17.7000,50.1600,-32.4600,-0.6471,6,False
21425,SKULLS STORAGE BOX LARGE,17.7000,0.0000,17.7000,,6,False
22714,CARD BIRTHDAY COWBOY,17.5500,16.8200,0.7300,0.0434,33,False
75049L,LARGE CIRCULAR MIRROR MOBILE,17.5000,2.5100,14.9900,5.9721,14,False
21446,12 RED ROSE PEG PLACE SETTINGS,17.5000,11.2700,6.2300,0.5528,14,False
85104,SILVER GLASS T-LIGHT SET,17.5000,23.6000,-6.1000,-0.2585,14,False
84826,ASSTD DESIGN 3D PAPER STICKERS,17.4800,51.0000,-33.5200,-0.6573,92,False
23636,SET 10 CARDS WISHING TREE 17116,17.4600,0.0000,17.4600,,6,False
22583,PACK OF 6 HANDBAG GIFT BOXES,17.4300,43.1900,-25.7600,-0.5964,4,False
23603,SET 10 CARD KRAFT REINDEER 17084,17.4300,0.0000,17.4300,,7,False
22269,EGG CUP NATURAL CHICKEN,17.4000,0.0000,17.4000,,34,False
90214Y,"LETTER ""Y"" BLING KEY RING",17.4000,0.8500,16.5500,19.4706,60,False
23518,EMBROIDERED RIBBON REEL RACHEL,17.3400,0.0000,17.3400,,6,False
21026,SPACE OWL,17.2200,8.7700,8.4500,0.9635,7,False
72801d,4 SKY BLUE DINNER CANDLES,17.2200,0.0000,17.2200,,7,False
22477,WATERING CAN GARDEN MARKER,17.2200,26.2800,-9.0600,-0.3447,7,False
20669,RED HEART LUGGAGE TAG,17.2200,33.8100,-16.5900,-0.4907,7,False
21773,DECORATIVE ROSE BATHROOM BOTTLE,17.2200,35.0800,-17.8600,-0.5091,7,False
35648,VINTAGE BEAD PINK PURSE,17.1600,11.8200,5.3400,0.4518,12,False
84596G,SMALL CHOCOLATES PINK BOWL,17.1300,5.4100,11.7200,2.1664,32,False
22420,LIPSTICK PEN BABY PINK,17.1200,5.1000,12.0200,2.3569,31,False
22615,PACK OF 12 CIRCUS PARADE TISSUES,16.8300,42.6100,-25.7800,-0.6050,33,False
22440,BALLOON WATER BOMB PACK OF 35,16.8000,26.4600,-9.6600,-0.3651,40,False
79160,HEART SHAPE WIRELESS DOORBELL,16.8000,2.1000,14.7000,7.0000,8,False
22537,MAGIC DRAWING SLATE DINOSAUR,16.8000,15.5600,1.2400,0.0797,40,False
16235,RECYCLED PENCIL WITH RABBIT ERASER,16.8000,19.6900,-2.8900,-0.1468,56,False
21379,CAMPHOR WOOD PORTOBELLO MUSHROOM,16.7400,13.7700,2.9700,0.2157,27,False
20795,LARGE BLUE PROVENCAL CERAMIC BALL,16.7300,0.0000,16.7300,,7,False
90016B,GOLD/M.O.P PENDANT ORBIT NECKLACE,16.6400,0.0000,16.6400,,2,False
23465,TUSCAN VILLA BIRD FEEDER,16.6300,0.0000,16.6300,,1,False
21942,SKULLS DESIGN FLANNEL,16.6200,21.5800,-4.9600,-0.2298,14,False
23021,GLASS BONNE JAM JAR,16.6000,0.0000,16.6000,,4,False
23067,HANGING ENGRAVED METAL HEART,16.6000,0.0000,16.6000,,4,False
90013C,GREEN VINTAGE EARRINGS,16.6000,12.7200,3.8800,0.3050,4,False
16238,PARTY TIME PENCIL ERASERS,16.5900,18.8500,-2.2600,-0.1199,61,False
21116,OWL DOORSTOP,16.5800,151.9100,-135.3300,-0.8909,2,False
22885,NUMBER TILE VINTAGE FONT 6,16.5200,0.0000,16.5200,,4,False
84915,HAND TOWEL PINK FLOWER AND DAISY,16.5200,32.1600,-15.6400,-0.4863,4,False
20619,TROPICAL PASSPORT COVER,16.5200,4.2100,12.3100,2.9240,4,False
22688,DOORMAT PEACE ON EARTH BLUE,16.5000,243.9000,-227.4000,-0.9323,2,False
23019,SMALL APOTHECARY MEASURING JAR,16.5000,0.0000,16.5000,,2,False
22341,LOVE GARLAND PAINTED ZINC,16.4500,23.1600,-6.7100,-0.2897,5,False
85114b,IVORY ENCHANTED FOREST PLACEMAT,16.4500,0.0000,16.4500,,5,False
21868,POTTING SHED TEA MUG,16.4500,199.1400,-182.6900,-0.9174,5,False
85071B,RED CHARLIE+LOLA PERSONAL DOORSIGN,16.3800,36.4800,-20.1000,-0.5510,42,False
84559A,3D SHEET OF DOG STICKERS,16.3000,28.8500,-12.5500,-0.4350,10,False
85183A,CHARLIE & LOLA WASTEPAPER BIN BLUE,16.2500,0.0000,16.2500,,13,False
23137,ZINC WIRE SWEETHEART LETTER TRAY,16.2500,0.0000,16.2500,,13,False
90019C,SILVER BLACK ORBIT BRACELET,16.2000,11.0200,5.1800,0.4701,3,False
22116,METAL SIGN HIS DINNER IS SERVED,16.1500,41.3200,-25.1700,-0.6091,13,False
21222,SET/4 BADGES BEETLES,16.0100,5.0200,10.9900,2.1892,7,False
23288,GREEN VINTAGE SPOT BEAKER,16.0100,0.0000,16.0100,,17,False
22280,POCKET BAG PINK PAISELY BROWN SPOT,16.0100,3.7500,12.2600,3.2693,7,False
21209,MULTICOLOUR HONEYCOMB FAN,15.9900,1.6500,14.3400,8.6909,41,False
22981,PANTRY APPLE CORER,15.9700,0.0000,15.9700,,10,False
22984,CARD GINGHAM ROSE,15.9500,10.0800,5.8700,0.5823,37,False
21519,GIN & TONIC DIET GREETING CARD,15.9500,45.4200,-29.4700,-0.6488,37,False
21986,PACK OF 12 PINK POLKADOT TISSUES,15.9000,19.2700,-3.3700,-0.1749,34,False
23510,MINI PLAYING CARDS GYMKHANA,15.8600,0.0000,15.8600,,28,False
22433,WATERING CAN GREEN DINOSAUR,15.8300,51.3200,-35.4900,-0.6915,7,False
21418,STARFISH SOAP DISH,15.8000,0.0000,15.8000,,20,False
84679,CLASSICAL ROSE TABLE LAMP,15.8000,0.0000,15.8000,,4,False
23116,VEGETABLE GARDEN CHOPPING BOARD,15.7400,0.0000,15.7400,,2,False
23186,FRENCH STYLE STORAGE JAR CAFE,15.6600,0.0000,15.6600,,54,False
21666,RIDGED GLASS T-LIGHT HOLDER,15.6000,1.6600,13.9400,8.3976,24,False
21128,GOLD FISHING GNOME,15.6000,12.7200,2.8800,0.2264,8,False
22043,CHRISTMAS CARD SCREEN PRINT,15.4800,9.7700,5.7100,0.5844,50,False
21159,MOODY BOY  DOOR HANGER,15.3800,17.4000,-2.0200,-0.1161,32,False
22391,PAPERWEIGHT HOME SWEET HOME,15.2100,0.0000,15.2100,,39,False
22535,MAGIC DRAWING SLATE BUNNIES,15.1200,3.3700,11.7500,3.4866,36,False
17084R,ASSORTED INCENSE PACK,15.1200,230.4000,-215.2800,-0.9344,72,False
21715,GIRLS VINTAGE TIN SEASIDE BUCKET,15.0200,30.5600,-15.5400,-0.5085,4,False
20761,BLUE PAISLEY SKETCHBOOK,15.0000,26.4900,-11.4900,-0.4337,4,False
22252,BIRDCAGE DECORATION TEALIGHT HOLDER,15.0000,15.0000,0.0000,0.0000,12,False
21456,2 PICTURE BOOK EGGS EASTER CHICKS,15.0000,0.0000,15.0000,,12,False
21369,MIRRORED WALL ART SPLODGES,15.0000,11.3700,3.6300,0.3193,12,False
22774,RED DRAWER KNOB ACRYLIC EDWARDIAN,15.0000,220.2200,-205.2200,-0.9319,12,False
23478,WOODLAND LARGE PINK FELT HEART,15.0000,0.0000,15.0000,,12,False
21804,WHITE CHRISTMAS GARLAND STARS TREES,15.0000,60.2400,-45.2400,-0.7510,4,False
85183B,CHARLIE & LOLA WASTEPAPER BIN FLORA,15.0000,67.5000,-52.5000,-0.7778,12,False
37495,FAIRY CAKE BIRTHDAY CANDLE SET,15.0000,75.0000,-60.0000,-0.8000,4,False
23036,T-LIGHT HOLDER SILVER PETIT FOUR,15.0000,0.0000,15.0000,,12,False
47585A,PINK FAIRY CAKE CUSHION COVER,15.0000,0.0000,15.0000,,4,False
90022,EDWARDIAN DROP EARRINGS JET BLACK,14.9600,11.4300,3.5300,0.3088,4,False
90163A,PINK ROSEBUD & PEARL NECKLACE,14.9600,0.0000,14.9600,,2,False
21628,TRIANGULAR POUFFE VINTAGE,14.9500,29.9000,-14.9500,-0.5000,1,False
90158,ST TROPEZ NECKLACE,14.9400,10.1800,4.7600,0.4676,3,False
90003C,MIDNIGHT BLUE PAIR HEART HAIR SLIDE,14.9200,3.8100,11.1100,2.9160,4,False
90013A,MIDNIGHT BLUE VINTAGE EARRINGS,14.9200,11.4300,3.4900,0.3053,4,False
84509C,SET OF 4 POLKADOT PLACEMATS,14.9200,7.6200,7.3000,0.9580,2,False
90161A,ANT COPPER RED BOUDICCA BRACELET,14.8800,15.2700,-0.3900,-0.0255,3,False
90192,JADE DROP EARRINGS W FILIGREE,14.8800,10.1800,4.7000,0.4617,3,False
21677,HEARTS  STICKERS,14.8800,48.1700,-33.2900,-0.6911,12,False
21849,SILVER DIAMANTE PEN IN GIFT BOX,14.8500,118.5700,-103.7200,-0.8748,3,False
21208,PASTEL COLOUR HONEYCOMB FAN,14.8200,3.3600,11.4600,3.4107,38,False
21947,SET OF 6 HEART CHOPSTICKS,14.8000,21.2700,-6.4700,-0.3042,7,False
22117,METAL SIGN HER DINNER IS SERVED,14.7500,11.8100,2.9400,0.2489,5,False
22810,SET OF 6 T-LIGHTS SNOWMEN,14.7500,327.5500,-312.8000,-0.9550,5,False
21383,PACK OF 12 STICKY BUNNIES,14.7000,10.4000,4.3000,0.4135,18,False
37450,CERAMIC CAKE BOWL + HANGING CAKES,14.6400,76.7400,-62.1000,-0.8092,4,False
22515,CHILDS GARDEN SPADE PINK,14.5600,25.2300,-10.6700,-0.4229,5,False
90183A,AMBER DROP EARRINGS W LONG BEADS,14.5500,2.9600,11.5900,3.9155,5,False
15044A,PINK PAPER PARASOL,14.5300,0.0000,14.5300,,3,False
22266,EASTER DECORATION HANGING BUNNY,14.4400,0.0000,14.4400,,76,False
21386,IVORY HANGING DECORATION  EGG,14.4400,0.0000,14.4400,,76,False
21063,PARTY INVITES JAZZ HEARTS,14.3800,30.6000,-16.2200,-0.5301,16,False
22685,FRENCH BLUE METAL DOOR SIGN 0,14.3600,10.0300,4.3300,0.4317,11,False
22684,FRENCH BLUE METAL DOOR SIGN 9,14.3600,8.7700,5.5900,0.6374,11,False
22532,MAGIC DRAWING SLATE LEAP FROG,14.2800,24.3700,-10.0900,-0.4140,34,False
16168M,FUNKY MONKEY GIFT BAG MEDIUM,14.2300,12.6300,1.6000,0.1267,29,False
21090,SET/6 COLLAGE PAPER PLATES,14.1000,3.4000,10.7000,3.1471,26,False
22408,MONEY BOX CONFECTIONERY DESIGN,14.0400,15.0000,-0.9600,-0.0640,36,False
21367,MIRRORED WALL ART GENTS,13.9600,15.2200,-1.2600,-0.0828,13,False
21927,BLUE/CREAM STRIPE CUSHION COVER,13.7500,30.0000,-16.2500,-0.5417,11,False
90087,CRYSTAL SEA HORSE PHONE CHARM,13.6800,1.6600,12.0200,7.2410,72,False
90058B,CRYSTAL STUD EARRINGS ASSORTED COL,13.6800,0.0000,13.6800,,36,False
85032A,ROMANTIC IMAGES GIFT WRAP SET,13.6600,0.0000,13.6600,,18,False
22977,DOLLY GIRL CHILDRENS EGG CUP,13.5500,82.5500,-69.0000,-0.8359,6,False
21988,PACK OF 6 SKULL PAPER PLATES,13.5300,27.7300,-14.2000,-0.5121,15,False
20781,GOLD EAR MUFF HEADPHONES,13.2900,16.4700,-3.1800,-0.1931,5,False
22843,BISCUIT TIN VINTAGE GREEN,13.2900,33.7500,-20.4600,-0.6062,1,False
21528,DAIRY MAID TRADITIONAL TEAPOT,13.2900,41.3700,-28.0800,-0.6788,1,False
22842,BISCUIT TIN VINTAGE RED,13.2900,168.7500,-155.4600,-0.9212,1,False
22334,DINOSAUR PARTY BAG + STICKER SET,13.2000,26.4000,-13.2000,-0.5000,8,False
22332,SKULLS PARTY BAG + STICKER SET,13.2000,16.5000,-3.3000,-0.2000,8,False
85114A,BLACK ENCHANTED FOREST PLACEMAT,13.2000,197.3400,-184.1400,-0.9331,8,False
22261,FELT EGG COSY WHITE RABBIT,13.0400,10.8100,2.2300,0.2063,8,False
21809,CHRISTMAS HANGING TREE WITH BELL,12.8700,52.6100,-39.7400,-0.7554,33,False
20936,FORKED CACTUS CANDLE,12.8300,23.6100,-10.7800,-0.4566,3,False
21270,ANTIQUE CREAM CUTLERY CUPBOARD,12.7500,0.0000,12.7500,,1,False
17107D,"FLOWER FAIRY,5 SUMMER B'DRAW LINERS",12.7500,12.7500,0.0000,0.0000,5,False
21366,MIRRORED WALL ART PHOTO FRAMES,12.7500,63.5700,-50.8200,-0.7994,3,False
84968A,SET OF 16 VINTAGE ROSE CUTLERY,12.7500,51.0000,-38.2500,-0.7500,1,False
21464,DISCO BALL ROTATOR BATTERY OPERATED,12.7500,85.0000,-72.2500,-0.8500,3,False
21881,CUTE CATS TAPE,12.6900,8.4500,4.2400,0.5018,15,False
21684,SMALL MEDINA STAMPED METAL BOWL,12.6600,17.7300,-5.0700,-0.2860,13,False
21377,SMALL CAMPHOR WOOD FIELD  MUSHROOM,12.6500,18.2700,-5.6200,-0.3076,25,False
20772,GARDEN PATH JOURNAL,12.6100,15.2200,-2.6100,-0.1715,4,False
21427,SKULLS STORAGE BOX SMALL,12.6000,23.9600,-11.3600,-0.4741,6,False
90125B,AQUA BERTIE GLASS BEAD BAG CHARM,12.6000,0.0000,12.6000,,6,False
22152,PLACE SETTING WHITE STAR,12.6000,35.2800,-22.6800,-0.6429,30,False
84993A,75 GREEN PETIT FOUR CASES,12.5900,12.1800,0.4100,0.0337,29,False
22091,EMPIRE TISSUE BOX,12.5700,17.5400,-4.9700,-0.2834,11,False
46000U,POLYESTER FILLER PAD 30CMx30CM,12.5000,0.0000,12.5000,,10,False
21114,LAVENDER SCENTED FABRIC HEART,12.5000,87.2700,-74.7700,-0.8568,10,False
23069,EDWARDIAN PHOTO FRAME,12.5000,0.0000,12.5000,,2,False
90114,SUMMER DAISIES BAG CHARM,12.4800,5.0200,7.4600,1.4861,5,False
23026,DRAWER KNOB VINTAGE GLASS STAR,12.4800,0.0000,12.4800,,6,False
84970l,SINGLE HEART ZINC T-LIGHT HOLDER,12.4800,21.3000,-8.8200,-0.4141,6,False
23139,SINGLE WIRE HOOK PINK HEART,12.4800,0.0000,12.4800,,32,False
21758,VINTAGE SHELLS PRINT,12.4600,38.1600,-25.7000,-0.6735,1,False
85014b,RED RETROSPOT UMBRELLA,12.4600,25.4400,-12.9800,-0.5102,1,False
90199B,5 STRAND GLASS NECKLACE AMETHYST,12.4600,6.3700,6.0900,0.9560,2,False
15056p,EDWARDIAN PARASOL PINK,12.4600,38.1600,-25.7000,-0.6735,1,False
90145,SILVER HOOP EARRINGS WITH FLOWER,12.4600,5.9500,6.5100,1.0941,2,False
23131,MISTLETOE HEART WREATH CREAM,12.4500,0.0000,12.4500,,3,False
90018A,SILVER M.O.P ORBIT DROP EARRINGS,12.4500,8.4800,3.9700,0.4682,3,False
90120C,GREEN MURANO TWIST BRACELET,12.4500,4.2400,8.2100,1.9363,3,False
85131B,BEADED CRYSTAL HEART GREEN ON STICK,12.4500,23.8000,-11.3500,-0.4769,15,False
72133,COLUMBIAN CANDLE RECTANGLE,12.4200,7.5000,4.9200,0.6560,8,False
23422,PANTRY HOOK BALLOON WHISK,12.4200,0.0000,12.4200,,4,False
22105,MIRROR MOSAIC GOBLET CANDLE HOLDER,12.3900,4.2100,8.1800,1.9430,3,False
21253,SET OF PICTURE FRAME  STICKERS,12.3700,29.5200,-17.1500,-0.5810,3,False
21987,PACK OF 6 SKULL PAPER CUPS,12.3600,11.0500,1.3100,0.1186,16,False
85194S,HANGING SPRING FLOWER EGG SMALL,12.3500,0.0000,12.3500,,65,False
35971,ROSE FOLKART HEART DECORATIONS,12.3400,46.2800,-33.9400,-0.7334,6,False
79066K,RETRO MOD TRAY,12.3300,19.4700,-7.1400,-0.3667,9,False
35649,VINTAGE BEAD COSMETIC BAG,12.3000,0.0000,12.3000,,5,False
21948,SET OF 6 CAKE CHOPSTICKS,12.3000,26.3200,-14.0200,-0.5327,5,False
21070,VINTAGE BILLBOARD MUG,12.3000,25.0400,-12.7400,-0.5088,5,False
85177,BASKET OF FLOWERS SEWING KIT,12.2600,16.8400,-4.5800,-0.2720,8,False
23285,PINK VINTAGE SPOT BEAKER,12.2600,0.0000,12.2600,,8,False
21147,JINGLE BELLS TREE DECORATION,12.2400,26.3800,-14.1400,-0.5360,7,False
35095B,RED VICTORIAN FABRIC OVAL BOX,12.0600,3.3600,8.7000,2.5893,17,False
84360,TABLE LAMP WHITE SHADE WOOD BASE,11.9000,11.9000,0.0000,0.0000,2,False
22281,EASTER TREE YELLOW BIRDS,11.9000,0.0000,11.9000,,2,False
21389,IVORY HANGING DECORATION  BIRD,11.9000,3.3200,8.5800,2.5843,14,False
79191B,RETRO PLASTIC POLKA TRAY,11.9000,5.9100,5.9900,1.0135,14,False
21061,PARTY INVITES FOOTBALL,11.9000,30.6000,-18.7000,-0.6111,14,False
22683,FRENCH BLUE METAL DOOR SIGN 8,11.9000,7.5200,4.3800,0.5824,10,False
21700,BIG DOUGHNUT FRIDGE MAGNETS,11.9000,113.6900,-101.7900,-0.8953,14,False
22523,CHILDS GARDEN FORK PINK,11.8300,2.5100,9.3200,3.7131,13,False
21937,STRAWBERRY   PICNIC BAG,11.8000,53.1400,-41.3400,-0.7779,4,False
21945,STRAWBERRIES  DESIGN FLANNEL,11.8000,33.4400,-21.6400,-0.6471,8,False
90179B,PURPLE FINE BEAD NECKLACE W TASSEL,11.7700,0.0000,11.7700,,2,False
22031,BOTANICAL LAVENDER BIRTHDAY CARD,11.7400,5.0400,6.7000,1.3294,26,False
90164A,PINK ROSEBUD PEARL BRACELET,11.7000,0.0000,11.7000,,6,False
22318,FIVE HEART HANGING DECORATION,11.6900,118.0300,-106.3400,-0.9010,3,False
22359,GLASS JAR KINGS CHOICE,11.6900,47.2400,-35.5500,-0.7525,3,False
22026,BANQUET BIRTHDAY  CARD,11.6800,5.0400,6.6400,1.3175,20,False
22927,GREEN GIANT GARDEN THERMOMETER,11.6300,184.2700,-172.6400,-0.9369,1,False
90130B,TURQ STONE/CRYSTAL EARRINGS,11.6000,5.9200,5.6800,0.9595,4,False
90170,DAISY HAIR BAND,11.5500,1.6900,9.8600,5.8343,7,False
22260,FELT EGG COSY BLUE RABBIT,11.4100,17.5300,-6.1200,-0.3491,7,False
17084P,DRAGONS BLOOD INCENSE,11.3400,0.4300,10.9100,25.3721,27,False
22893,MINI CAKE STAND T-LIGHT HOLDER,11.3400,24.4100,-13.0700,-0.5354,27,False
21698,MOCK LOBSTER FRIDGE MAGNET,11.3100,8.3000,3.0100,0.3627,29,False
22228,BUNNY WOODEN PAINTED WITH BIRD,11.3100,0.0000,11.3100,,29,False
84920,PINK FLOWER FABRIC PONY,11.2500,18.7500,-7.5000,-0.4000,3,False
23152,IVORY SWEETHEART WIRE LETTER RACK,11.2500,0.0000,11.2500,,3,False
21467,CHERRY CROCHET FOOD COVER,11.2100,15.0000,-3.7900,-0.2527,2,False
90003E,GREEN PAIR HEART HAIR SLIDES,11.1900,3.8100,7.3800,1.9370,3,False
21219,SET/4 BADGES BALLOON GIRL,11.0900,25.0500,-13.9600,-0.5573,5,False
85169A,IVORY LOVE BIRD CANDLE,11.0900,37.5100,-26.4200,-0.7043,5,False
84509E,SET OF 4 CAROUSEL PLACEMATS,11.0600,0.0000,11.0600,,14,False
21726,MULTI HEARTS  STICKERS,11.0500,25.4200,-14.3700,-0.5653,13,False
47421,ASSORTED COLOUR LIZARD SUCTION HOOK,10.9200,10.0800,0.8400,0.0833,26,False
37413,ICON MUG REVOLUTIONARY,10.9200,0.0000,10.9200,,28,False
90019B,GOLD M.O.P ORBIT BRACELET,10.8000,5.5100,5.2900,0.9601,2,False
17021,NAMASTE SWAGAT INCENSE,10.8000,144.6000,-133.8000,-0.9253,36,False
15058C,ICE CREAM DESIGN GARDEN PARASOL,10.7900,0.0000,10.7900,,1,False
21879,HEARTS GIFT TAPE,10.7300,3.3200,7.4100,2.2319,15,False
21642,ASSORTED TUTTI FRUTTI PEN,10.5800,9.1900,1.3900,0.1513,18,False
84926D,LA PALMIERA TILE COASTER,10.5800,5.0000,5.5800,1.1160,29,False
16169M,WRAP DAISY CARPET,10.5000,0.0000,10.5000,,25,False
16156L,"WRAP, CAROUSEL",10.5000,0.0000,10.5000,,25,False
22048,BIRTHDAY BANQUET GIFT WRAP,10.5000,10.5000,0.0000,0.0000,25,False
23550,WRAP ALPHABET POSTER,10.5000,0.0000,10.5000,,25,False
16236,KITTY PENCIL ERASERS,10.5000,5.1600,5.3400,1.0349,46,False
22707,WRAP MONSTER FUN,10.5000,0.0000,10.5000,,25,False
23233,WRAP POPPIES  DESIGN,10.5000,0.0000,10.5000,,25,False
22050,PINK PAISLEY ROSE GIFT WRAP,10.5000,10.5000,0.0000,0.0000,25,False
23549,WRAP BIRD GARDEN,10.5000,0.0000,10.5000,,25,False
22709,WRAP WEDDING DAY,10.5000,0.0000,10.5000,,25,False
22038,BOTANICAL LAVENDER GIFT WRAP,10.5000,0.0000,10.5000,,25,False
90214L,"LETTER ""L"" BLING KEY RING",10.4400,2.5500,7.8900,3.0941,36,False
21713,CITRONELLA CANDLE FLOWERPOT,10.4300,33.6200,-23.1900,-0.6898,4,False
21880,RED RETROSPOT TAPE,10.3600,22.7500,-12.3900,-0.5446,17,False
47580,TEA TIME DES TEA COSY,10.2000,96.6600,-86.4600,-0.8945,4,False
90085,CRYSTAL STILETTO PHONE CHARM,10.2000,1.6600,8.5400,5.1446,12,False
21062,PARTY INVITES SPACEMAN,10.2000,20.4000,-10.2000,-0.5000,12,False
20755,BLUE PAISLEY POCKET BOOK,10.2000,9.2700,0.9300,0.1003,12,False
84598,BOYS ALPHABET IRON ON PATCHES,10.0800,10.3200,-0.2400,-0.0233,24,False
85203,HANGING WOOD AND FELT BUTTERFLY,10.0800,3.3600,6.7200,2.0000,24,False
22025,RING OF ROSES BIRTHDAY CARD,10.0200,9.2900,0.7300,0.0786,18,False
21926,RED/CREAM STRIPE CUSHION COVER,10.0000,0.0000,10.0000,,8,False
90210B,CLEAR ACRYLIC FACETED BANGLE,10.0000,5.9000,4.1000,0.6949,10,False
22938,CUPCAKE LACE PAPER SET 6,9.9800,109.2000,-99.2200,-0.9086,4,False
23611,SET 10 CARDS RED RIDING HOOD 17214,9.9600,0.0000,9.9600,,4,False
23621,SET 10 CARDS DAVID'S MADONNA 17074,9.9600,0.0000,9.9600,,4,False
21708,FOLDING UMBRELLA CREAM POLKADOT,9.9600,9.9000,0.0600,0.0061,1,False
90187B,GREEN DROP EARRINGS W BEAD CLUSTER,9.9600,3.3900,6.5700,1.9381,3,False
23431,NATURAL HANGING QUILTED HEARTS,9.9600,0.0000,9.9600,,12,False
84711B,PINK OVAL SHAPE TRINKET BOX,9.9500,0.0000,9.9500,,1,False
84711A,SILVER OVAL SHAPE TRINKET BOX,9.9500,19.9000,-9.9500,-0.5000,1,False
37475,SET/4 COLOURFUL MIXING BOWLS,9.9500,0.0000,9.9500,,1,False
90197B,BLACK GLASS BRACELET W HEART CHARMS,9.9300,0.0000,9.9300,,2,False
22262,FELT EGG COSY CHICKEN,9.9200,25.8300,-15.9100,-0.6160,8,False
18097C,WHITE TALL PORCELAIN T-LIGHT HOLDER,9.9200,124.9100,-114.9900,-0.9206,2,False
90174,BUTTERFLY HAIR BAND,9.9200,0.0000,9.9200,,4,False
23218,LAUREL STAR ANTIQUE GOLD,9.9200,0.0000,9.9200,,6,False
90081A,LILY BROOCH AMETHYST COLOUR,9.9000,4.9500,4.9500,1.0000,2,False
90073,VINTAGE ENAMEL & CRYSTAL EARRINGS,9.9000,5.0900,4.8100,0.9450,2,False
16218,CARTOON  PENCIL SHARPENERS,9.9000,6.3900,3.5100,0.5493,105,False
22430,ENAMEL WATERING CAN CREAM,9.9000,64.8900,-54.9900,-0.8474,2,False
23023,RIDGED BONNE JAM JAR T-LIGHT HOLDER,9.9000,0.0000,9.9000,,6,False
84821,DANISH ROSE DELUXE COASTER,9.8800,0.0000,9.8800,,52,False
85025B,EAU DE NILE HEART SHAPE PHOTO FRAME,9.8800,3.3600,6.5200,1.9405,4,False
47559b,TEA TIME OVEN GLOVE,9.8700,57.1200,-47.2500,-0.8272,3,False
21775,DECORATIVE FLORE BATHROOM BOTTLE,9.8400,20.0800,-10.2400,-0.5100,4,False
21025,SPACE FROG,9.8400,18.7700,-8.9300,-0.4758,4,False
21555,CERAMIC STRAWBERRY TRINKET TRAY,9.8400,15.3000,-5.4600,-0.3569,4,False
22403,MAGNETS PACK OF 4 VINTAGE LABELS,9.7500,20.0200,-10.2700,-0.5130,25,False
22394,PAPERWEIGHT KINGS CHOICE,9.7500,5.0600,4.6900,0.9269,25,False
84804A,CREAM DELPHINIUM ARTIFICIAL FLOWER,9.4800,0.0000,9.4800,,12,False
21884,CAKES AND BOWS GIFT  TAPE,9.4300,8.9500,0.4800,0.0536,13,False
35923,CANDY HEART HANGING DECORATION,9.3600,0.0000,9.3600,,24,False
84806B,WHITE CANDYSTUFT ARTIFICIAL FLOWER,9.3600,0.0000,9.3600,,24,False
22407,MONEY BOX FIRST ADE DESIGN,9.3600,0.0000,9.3600,,24,False
90184C,BLACK CHUNKY BEAD BRACELET W STRAP,9.1500,9.3400,-0.1900,-0.0203,1,False
90010E,AMBER GLASS/SILVER BRACELET,9.1500,37.3600,-28.2100,-0.7551,1,False
85180A,RED HEARTS LIGHT CHAIN,9.1300,0.0000,9.1300,,1,False
22538,MINI JIGSAW GO TO THE FAIR,9.1200,1.7000,7.4200,4.3647,48,False
21883,STARS GIFT TAPE,9.1000,42.9700,-33.8700,-0.7882,14,False
21878,PACK OF 6 SANDCASTLE FLAGS ASSORTED,9.0000,5.0600,3.9400,0.7787,6,False
21368,MIRRORED WALL ART LADIES,9.0000,0.0000,9.0000,,12,False
21630,FLOOR CUSHION ELEPHANT CARNIVAL,8.9500,64.2100,-55.2600,-0.8606,1,False
84674,FLYING PIG WATERING CAN,8.7400,17.7000,-8.9600,-0.5062,2,False
22933,BAKING MOULD EASTER EGG MILK CHOC,8.7400,35.4000,-26.6600,-0.7531,2,False
90168,2 DAISIES HAIR COMB,8.7000,2.9600,5.7400,1.9392,3,False
90182C,BLACK 3 BEAD DROP EARRINGS,8.7000,0.0000,8.7000,,3,False
84987,SET OF 36 TEATIME PAPER DOILIES,8.7000,28.2000,-19.5000,-0.6915,6,False
90134,OLD ROSE COMBO BEAD NECKLACE,8.7000,2.9600,5.7400,1.9392,3,False
90177B,DROP DIAMANTE EARRINGS BLACK DIAMON,8.7000,0.0000,8.7000,,3,False
72801C,4 ROSE PINK DINNER CANDLES,8.6700,15.0000,-6.3300,-0.4220,5,False
22820,GIFT BAG BIRTHDAY,8.6300,7.8000,0.8300,0.1064,13,False
90198B,VINTAGE ROSE BEAD BRACELET BLACK,8.5000,4.2500,4.2500,1.0000,2,False
72783,BLACK SIL'T SQU CANDLE PLATE,8.4000,0.0000,8.4000,,4,False
90214C,"LETTER ""C"" BLING KEY RING",8.3700,9.7500,-1.3800,-0.1415,27,False
90024B,NEW BAROQUE B'FLY NECKLACE RED,8.3200,0.0000,8.3200,,1,False
90016C,SILVER/BLACK PENDANT ORBIT NECKLACE,8.3200,0.0000,8.3200,,1,False
90018B,GOLD M.O.P ORBIT DROP EARRINGS,8.3000,8.4800,-0.1800,-0.0212,2,False
90120B,BLUE MURANO TWIST BRACELET,8.3000,4.2400,4.0600,0.9575,2,False
79144B,PAINTED LIGHTBULB STAR+ MOON,8.3000,3.3600,4.9400,1.4702,10,False
23045,PAPER LANTERN 5 POINT STAR MOON,8.2900,0.0000,8.2900,,1,False
21851,LILAC DIAMANTE PEN IN GIFT BOX,8.2900,66.8500,-58.5600,-0.8760,1,False
23179,CLOCK MAGNET MUM'S KITCHEN,8.2900,0.0000,8.2900,,3,False
85095,THREE CANVAS LUGGAGE TAGS,8.2600,1.9500,6.3100,3.2359,2,False
72812,LARGE ZINC GLASS CANDLEHOLDER,8.2600,0.0000,8.2600,,2,False
22883,NUMBER TILE VINTAGE FONT 4,8.2600,4.2100,4.0500,0.9620,2,False
22875,NUMBER TILE COTTAGE GARDEN 7,8.2600,4.2100,4.0500,0.9620,2,False
85170C,SET/6 EAU DE NIL BIRD T-LIGHTS,8.2600,16.8200,-8.5600,-0.5089,2,False
23324,RUSTIC STRAWBERRY JAM POT LARGE,8.2600,0.0000,8.2600,,2,False
84859A,SILVER DISCO HANDBAG,8.2600,0.0000,8.2600,,2,False
20622,VIPPASSPORT COVER,8.2600,12.6300,-4.3700,-0.3460,2,False
22702,BLACK AND WHITE CAT BOWL,8.2600,4.2000,4.0600,0.9667,2,False
22872,NUMBER TILE COTTAGE GARDEN 4,8.2600,0.0000,8.2600,,2,False
48188,DOORMAT WELCOME PUPPIES,8.2500,136.1100,-127.8600,-0.9394,1,False
21530,DAIRY MAID TOASTRACK,8.1600,8.8600,-0.7000,-0.0790,4,False
84926E,FLOWERS TILE COASTER,8.1200,0.0000,8.1200,,28,False
90214K,"LETTER ""K"" BLING KEY RING",8.0800,2.9500,5.1300,1.7390,26,False
16045,POPART WOODEN PENCILS ASST,8.0000,0.0000,8.0000,,200,False
23509,MINI PLAYING CARDS FUN FAIR,7.9500,0.0000,7.9500,,16,False
90146,FINE SILVER NECKLACE W PASTEL FLOWE,7.9000,0.0000,7.9000,,1,False
90036C,"FLOWER GLASS GARLAND NECKL.36""BLUE",7.9000,0.0000,7.9000,,1,False
90143,SILVER BRACELET W PASTEL FLOWER,7.9000,15.5700,-7.6700,-0.4926,1,False
21358,TOAST ITS - HAPPY BIRTHDAY,7.8900,22.5100,-14.6200,-0.6495,9,False
85094,CANDY SPOT EGG WARMER RABBIT,7.8500,2.5100,5.3400,2.1275,11,False
20974,12 PENCILS SMALL TUBE SKULL,7.8000,161.3300,-153.5300,-0.9517,12,False
84927F,PSYCHEDELIC TILE HOOK,7.8000,4.2100,3.5900,0.8527,20,False
22812,PACK 3 BOXES CHRISTMAS PANNETONE,7.8000,411.4400,-403.6400,-0.9810,4,False
90214A,"LETTER ""A"" BLING KEY RING",7.7900,5.1000,2.6900,0.5275,25,False
85071C,"CHARLIE+LOLA""EXTREMELY BUSY"" SIGN",7.6900,15.3000,-7.6100,-0.4974,8,False
22023,EMPIRE BIRTHDAY CARD,7.5300,19.3700,-11.8400,-0.6113,15,False
21059,PARTY INVITES DINOSAURS,7.5100,20.4000,-12.8900,-0.6319,7,False
21376,LARGE  TALL CAMPHOR WOOD TOADSTOOL,7.5000,5.4500,2.0500,0.3761,6,False
23574,PACKING CHARGE,7.5000,0.0000,7.5000,,1,False
17191A,ROSE FLOWER CANDLE+INCENSE 16X16CM,7.5000,0.0000,7.5000,,2,False
20766,GARDEN PATH SKETCHBOOK,7.5000,18.8700,-11.3700,-0.6025,2,False
21803,CHRISTMAS TREE STAR DECORATION,7.5000,117.0500,-109.5500,-0.9359,12,False
90176E,DIAMANTE NECKLACE GREEN,7.4800,0.0000,7.4800,,1,False
90163B,WHITE ROSEBUD & PEARL NECKLACE,7.4800,0.0000,7.4800,,1,False
90149,SILVER FLOWR PINK SHELL NECKLACE,7.4800,0.0000,7.4800,,1,False
90164B,WHITE  ROSEBUD PEARL BRACELET,7.4800,0.0000,7.4800,,1,False
90155,RESIN NECKLACE W PASTEL BEADS,7.4800,0.0000,7.4800,,1,False
23616,SET 10 CARDS JINGLE BELLS 17217,7.4700,0.0000,7.4700,,3,False
23216,LAUREL HEART ANTIQUE GOLD,7.4600,0.0000,7.4600,,5,False
22354,RETROSPOT PADDED SEAT CUSHION,7.4600,108.7500,-101.2900,-0.9314,1,False
21793,CLASSIC FRENCH STYLE BASKET BROWN,7.4600,0.0000,7.4600,,1,False
21821,GLITTER STAR GARLAND WITH BELLS,7.4600,68.4600,-61.0000,-0.8910,1,False
84875B,GREEN SQUARE COMPACT MIRROR,7.4600,15.0000,-7.5400,-0.5027,1,False
84952B,BLACK LOVE BIRD T-LIGHT HOLDER,7.4600,86.2500,-78.7900,-0.9135,1,False
20765,CHRYSANTHEMUM SKETCHBOOK,7.4600,18.7500,-11.2900,-0.6021,1,False
90188,DROP EARRINGS W FLOWER & LEAF,7.4400,0.0000,7.4400,,3,False
90165B,WHITE ROSEBUD  PEARL EARRINGS,7.4400,0.0000,7.4400,,3,False
21648,ASSORTED TUTTI FRUTTI SMALL PURSE,7.3800,82.7100,-75.3300,-0.9108,3,False
84247E,PACK/12 XMAS FUN CARD,7.3800,11.8000,-4.4200,-0.3746,3,False
84510c,SET OF 4 POLKADOT COASTERS,7.3800,2.5100,4.8700,1.9402,3,False
21028,NINJA RABBIT BLACK,7.3800,2.5100,4.8700,1.9402,3,False
84951A,SET OF 4 PISTACHIO LOVEBIRD COASTER,7.3800,0.0000,7.3800,,3,False
22559,SEASIDE FLYING DISC,7.3800,3.7600,3.6200,0.9628,3,False
22251,BIRDHOUSE DECORATION MAGIC GARDEN,7.3800,17.5100,-10.1300,-0.5785,3,False
17084N,FAIRY DREAMS INCENSE,7.3500,2.1500,5.2000,2.4186,30,False
23306,SET OF 36 DOILIES PANTRY DESIGN,7.2900,0.0000,7.2900,,3,False
90214P,"LETTER ""P"" BLING KEY RING",7.2500,2.5500,4.7000,1.8431,25,False
90214S,"LETTER ""S"" BLING KEY RING",7.2500,6.3000,0.9500,0.1508,25,False
90214G,"LETTER ""G"" BLING KEY RING",7.2500,3.4000,3.8500,1.1324,25,False
90214E,"LETTER ""E"" BLING KEY RING",7.2500,5.1000,2.1500,0.4216,25,False
90040C,MURANO STYLE GLASS BRACELET GOLD,7.2300,3.8100,3.4200,0.8976,2,False
47471,RAINBOW PEGS PHOTO CLIP STRING,7.1400,3.4400,3.7000,1.0756,6,False
22230,JIGSAW TREE WITH WATERING CAN,7.1000,0.0000,7.1000,,6,False
90160C,TURQ+RED BOUDICCA LARGE BRACELET,7.0700,7.2200,-0.1500,-0.0208,1,False
90160A,PURPLE BOUDICCA LARGE BRACELET,7.0700,0.0000,7.0700,,1,False
84535B,FAIRY CAKES NOTEBOOK A6 SIZE,6.9800,16.8200,-9.8400,-0.5850,7,False
85230B,CINNAMON SCENTED VOTIVE CANDLE,6.9600,20.8800,-13.9200,-0.6667,24,False
85212,MINI PAINTED GARDEN DECORATION,6.9600,6.6400,0.3200,0.0482,24,False
85230G,ORANGE VOTIVE CANDLE,6.9600,13.9200,-6.9600,-0.5000,24,False
85230A,OPIUM SCENTED VOTIVE CANDLE,6.9600,0.0000,6.9600,,24,False
84926A,WAKE UP COCKEREL TILE COASTER,6.9600,12.5100,-5.5500,-0.4436,24,False
90214D,"LETTER ""D"" BLING KEY RING",6.9600,2.5500,4.4100,1.7294,24,False
84251G,"GREETING CARD, OVERCROWDED POOL.",6.8400,0.8500,5.9900,7.0471,36,False
21454,PAINTED PINK RABBIT,6.7300,0.0000,6.7300,,7,False
16219,HOUSE SHAPE PENCIL SHARPENER,6.7100,1.7000,5.0100,2.9471,22,False
90027D,GLASS BEAD HOOP EARRINGS AMETHYST,6.6400,0.0000,6.6400,,2,False
90204,PAIR OF ENAMEL BUTTERFLY HAIRCLIP,6.6400,3.3500,3.2900,0.9821,2,False
90059A,DIAMANTE HAIR GRIP PACK/2 CRYSTAL,6.6000,3.3800,3.2200,0.9527,4,False
16216,LETTER SHAPE PENCIL SHARPENER,6.6000,0.0000,6.6000,,110,False
21244,BLUE POLKADOT PLATE,6.5800,169.6200,-163.0400,-0.9612,2,False
23138,SINGLE WIRE HOOK IVORY HEART,6.5800,0.0000,6.5800,,2,False
22136,LOVE HEART SOCK HANGER,6.5800,18.4500,-11.8700,-0.6434,2,False
21000,ROSE DU SUD COSMETICS BAG,6.5800,14.3300,-7.7500,-0.5408,2,False
21719,LOVELY BONBON STICKER SHEET,6.5200,28.8200,-22.3000,-0.7738,4,False
72134,COLUMBIAN  CUBE CANDLE,6.5200,1.6600,4.8600,2.9277,4,False
20686,DOLLY MIXTURE CHILDREN'S UMBRELLA,6.5000,56.6000,-50.1000,-0.8852,2,False
84827,ASS DES PHONE SPONGE CRAFT STICKER,6.3900,41.6000,-35.2100,-0.8464,71,False
90082B,DIAMANTE BOW BROOCH RED COLOUR,6.3500,50.8000,-44.4500,-0.8750,1,False
85130C,BEADED CRYSTAL HEART BLUE  LARGE,6.3200,0.0000,6.3200,,8,False
85130D,BEADED CRYSTAL HEART PINK LARGE,6.3200,8.2500,-1.9300,-0.2339,8,False
21638,ASSORTED TUTTI FRUTTI NOTEBOOK,6.3000,54.6700,-48.3700,-0.8848,3,False
79190D,RETRO PLASTIC DAISY TRAY,6.3000,0.4200,5.8800,14.0000,15,False
84192,ASSORTED COLOUR METAL CAT,6.2500,15.0000,-8.7500,-0.5833,5,False
21894,POTTING SHED SEED ENVELOPES,6.2500,41.3300,-35.0800,-0.8488,5,False
21375,LARGE CAMPHOR WOOD FIELD MUSHROOM,6.2500,27.4900,-21.2400,-0.7726,5,False
22066,LOVE HEART TRINKET POT,6.2400,0.0000,6.2400,,16,False
85169C,EAU DE NIL LOVE BIRD CANDLE,6.2100,2.5100,3.7000,1.4741,4,False
84510C,SET OF 4 POLKADOT COASTERS,6.1700,2.5100,3.6600,1.4582,3,False
20654,FIRST CLASS LUGGAGE TAG,6.1700,0.0000,6.1700,,3,False
71270,PHOTO CLIP LINE,6.1700,6.2500,-0.0800,-0.0128,3,False
90093,CLEAR CRYSTAL STAR PHONE CHARM,6.0800,0.0000,6.0800,,32,False
90179C,BLACK FINE BEAD NECKLACE W TASSEL,5.9500,5.9500,0.0000,0.0000,1,False
20758,ABSTRACT CIRCLES POCKET BOOK,5.9500,0.0000,5.9500,,7,False
21844,RED RETROSPOT MUG,5.9000,171.1800,-165.2800,-0.9655,2,False
84429A,MEDIUM PINK BUDDHA HEAD,5.9000,11.8200,-5.9200,-0.5008,2,False
15044C,PURPLE PAPER PARASOL,5.9000,14.7700,-8.8700,-0.6005,2,False
15044D,RED PAPER PARASOL,5.9000,5.9100,-0.0100,-0.0017,2,False
22452,MEASURING TAPE BABUSHKA PINK,5.9000,200.2000,-194.3000,-0.9705,2,False
90211A,DIAMOND LAS VEGAS NECKLACE 45CM,5.8200,17.8200,-12.0000,-0.6734,1,False
90179A,AMBER FINE BEAD NECKLACE W TASSEL,5.8200,0.0000,5.8200,,1,False
21058,PARTY INVITES WOODLAND,5.8100,15.2600,-9.4500,-0.6193,5,False
90202A,PURPLE ENAMEL FLOWER HAIR TIE,5.8000,0.0000,5.8000,,2,False
90202C,GREEN ENAMEL FLOWER HAIR TIE,5.8000,2.9600,2.8400,0.9595,2,False
90201C,RED ENAMEL FLOWER RING,5.8000,0.0000,5.8000,,2,False
90201A,PURPLE ENAMEL FLOWER RING,5.8000,0.0000,5.8000,,2,False
90183B,AMETHYST DROP EARRINGS W LONG BEADS,5.8000,2.9600,2.8400,0.9595,2,False
90202D,PINK ENAMEL FLOWER HAIR TIE,5.8000,0.0000,5.8000,,2,False
21106,CREAM SLICE FLANNEL CHOCOLATE SPOT,5.7900,29.5000,-23.7100,-0.8037,1,False
21112,"SWISS ROLL TOWEL, PINK  SPOTS",5.7900,47.2400,-41.4500,-0.8774,1,False
21695,SMALL SILVER FLOWER CANDLE POT,5.7900,35.4000,-29.6100,-0.8364,1,False
20661,BLUE SPOTTY PURSE,5.7900,2.9500,2.8400,0.9627,1,False
47369B,BLUE GREEN EMBROIDERY COSMETIC BAG,5.7900,2.9500,2.8400,0.9627,1,False
47369A,PINK GREEN EMBROIDERY COSMETIC BAG,5.7900,14.7600,-8.9700,-0.6077,1,False
84558a,3D DOG PICTURE PLAYING CARDS,5.7900,5.9100,-0.1200,-0.0203,1,False
79191D,RETRO PLASTIC DAISY TRAY,5.7400,0.0000,5.7400,,4,False
21287,SCENTED VELVET LOUNGE CANDLE,5.7000,33.7500,-28.0500,-0.8311,15,False
21401,BLUE PUDDING SPOON,5.5200,3.3700,2.1500,0.6380,36,False
85111,SILVER GLITTER FLOWER VOTIVE HOLDER,5.5000,15.0000,-9.5000,-0.6333,4,False
84926F,PSYCHEDELIC TILE COASTER,5.5000,0.0000,5.5000,,4,False
90214N,"LETTER ""N"" BLING KEY RING",5.4300,2.5500,2.8800,1.1294,15,False
90019A,SILVER M.O.P ORBIT BRACELET,5.4000,11.0200,-5.6200,-0.5100,1,False
90138,WHITE/PINK MINI CRYSTALS NECKLACE,5.4000,5.5100,-0.1100,-0.0200,1,False
21088,SET/6 FRUIT SALAD PAPER CUPS,5.3900,0.0000,5.3900,,25,False
16011,ANIMAL STICKERS,5.2500,9.6600,-4.4100,-0.4565,25,False
16012,FOOD/DRINK SPONGE STICKERS,5.2500,5.0400,0.2100,0.0417,25,False
20735,BLACK MINI TAPE MEASURE,5.1000,47.0400,-41.9400,-0.8916,6,False
21455,PAINTED YELLOW WOODEN DAISY,5.1000,0.0000,5.1000,,6,False
20771,CHRYSANTHEMUM  JOURNAL,5.1000,5.1000,0.0000,0.0000,2,False
72780,BLACK SILOUETTE CANDLE PLATE,5.1000,0.0000,5.1000,,6,False
85071A,BLUE CHARLIE+LOLA PERSONAL DOORSIGN,5.0700,17.7000,-12.6300,-0.7136,13,False
22718,CARD CAT AND TREE,5.0400,26.9000,-21.8600,-0.8126,12,False
21355,TOAST ITS - I LOVE YOU,5.0000,90.0300,-85.0300,-0.9445,4,False
85225,BLING KEY RING STAND,5.0000,0.0000,5.0000,,5,False
21925,UNION STRIPE CUSHION COVER,5.0000,15.0000,-10.0000,-0.6667,4,False
72801D,S/4 SKY BLUE DINNER CANDLES,5.0000,15.0000,-10.0000,-0.6667,4,False
23625,SET 6 CARDS SPARKLY REINDEER 17262,4.9900,0.0000,4.9900,,1,False
84536B,FAIRY CAKES NOTEBOOK A7 SIZE,4.9900,20.3100,-15.3200,-0.7543,7,False
90206A,GOLD DIAMANTE STAR BROOCH,4.9800,0.0000,4.9800,,1,False
23640,SET 10 CARDS SCOTTIE DOG 17211,4.9800,0.0000,4.9800,,2,False
90141B,IVORY PENDANT TRIPLE SHELL NECKLACE,4.9800,5.0900,-0.1100,-0.0216,1,False
90122C,TURQUOISE CRYSTAL+GLASS BRACELET,4.9800,0.0000,4.9800,,1,False
90133,TEAL/FUSCHIA COL BEAD NECKLACE,4.9800,0.0000,4.9800,,1,False
23654,SET 10 CARD SNOWMAN 16965,4.9800,0.0000,4.9800,,2,False
23645,SET 10 CHRISTMAS CARDS HOHOHO 16956,4.9800,0.0000,4.9800,,2,False
79144C,PAINTED LIGHTBULB RAINBOW DESIGN,4.9800,2.5200,2.4600,0.9762,6,False
23155,KNICKERBOCKERGLORY MAGNET ASSORTED,4.9800,0.0000,4.9800,,6,False
23102,SILVER HEARTS TABLE DECORATION,4.9800,0.0000,4.9800,,6,False
21578,WOODLAND DESIGN  COTTON TOTE BAG,4.9600,27.5600,-22.6000,-0.8200,1,False
20867,PINK ROSE FABRIC MIRROR,4.9600,55.0400,-50.0800,-0.9099,3,False
21580,RABBIT  DESIGN  COTTON TOTE BAG,4.9600,18.0000,-13.0400,-0.7244,1,False
84931B,BLUE SCOTTIE DOG W FLOWER PATTERN,4.9600,0.0000,4.9600,,1,False
21426,WOODLAND STORAGE BOX SMALL,4.9600,2.1000,2.8600,1.3619,1,False
21581,SKULLS  DESIGN  COTTON TOTE BAG,4.9600,39.3700,-34.4100,-0.8740,1,False
22315,200 RED + WHITE BENDY STRAWS,4.9600,68.7500,-63.7900,-0.9279,3,False
90054,CRACKED GLAZE EARRINGS RED,4.9600,5.0900,-0.1300,-0.0255,2,False
90081C,LILY BROOCH OLIVE COLOUR,4.9500,5.0900,-0.1400,-0.0275,1,False
47566B,TEA TIME PARTY BUNTING,4.9500,150.9600,-146.0100,-0.9672,1,False
21682,LARGE MEDINA STAMPED METAL BOWL,4.9500,39.6000,-34.6500,-0.8750,1,False
21709,FOLDING UMBRELLA CHOCOLATE POLKADOT,4.9500,9.9000,-4.9500,-0.5000,1,False
23537,WALL ART I LOVE LONDON,4.9500,0.0000,4.9500,,1,False
90059E,DIAMANTE HAIR GRIP PACK/2 RUBY,4.9500,6.6400,-1.6900,-0.2545,3,False
84569A,PACK 3 IRON ON DOG PATCHES,4.9200,20.0200,-15.1000,-0.7542,2,False
85169B,BLACK LOVE BIRD CANDLE,4.9200,68.7700,-63.8500,-0.9285,2,False
72801c,4 ROSE PINK DINNER CANDLES,4.9200,0.0000,4.9200,,2,False
90118,PINK DAISY BAG CHARM,4.9200,0.0000,4.9200,,2,False
20775,DAISY NOTEBOOK,4.8900,5.0100,-0.1200,-0.0240,3,False
22321,BIRD DECORATION RED RETROSPOT,4.8900,36.4300,-31.5400,-0.8658,3,False
21722,SWEET PUDDING STICKER SHEET,4.8900,16.0300,-11.1400,-0.6949,3,False
23038,T-LIGHT HOLDER SILVER SAUCER,4.8900,0.0000,4.8900,,3,False
20615,BLUE POLKADOT PASSPORT COVER,4.8800,33.6600,-28.7800,-0.8550,2,False
90089,PINK CRYSTAL SKULL PHONE CHARM,4.7500,1.6600,3.0900,1.8614,25,False
22533,MAGIC DRAWING SLATE BAKE A CAKE,4.6200,60.5500,-55.9300,-0.9237,11,False
23120,PACK OF 6 SMALL FRUIT STRAWS,4.5200,0.0000,4.5200,,9,False
16054,POPART RECT PENCIL SHARPENER ASST,4.3200,0.0000,4.3200,,36,False
90214O,"LETTER ""O"" BLING KEY RING",4.3100,0.0000,4.3100,,13,False
90214J,"LETTER ""J"" BLING KEY RING",4.3100,5.0500,-0.7400,-0.1465,13,False
84922,PINK BUTTERFLY WASHBAG,4.2500,0.0000,4.2500,,1,False
17012A,ORIGAMI VANILLA INCENSE/CANDLE SET,4.2500,10.0400,-5.7900,-0.5767,5,False
22497,SET OF 2 TINS VINTAGE BATHROOM,4.2500,97.5100,-93.2600,-0.9564,1,False
23121,PACK OF 6 COCKTAIL PARASOL STRAWS,4.2000,0.0000,4.2000,,10,False
21896,POTTING SHED TWINE,4.2000,31.5700,-27.3700,-0.8670,2,False
23635,SET 10 CARDS CHRISTMAS HOLLY  17259,4.1600,0.0000,4.1600,,1,False
23006,TRAVEL CARD WALLET FLOWER MEADOW,4.1600,0.0000,4.1600,,6,False
90166,PINK & WHITE ROSEBUD RING,4.1500,4.2400,-0.0900,-0.0212,1,False
23044,PAPER LANTERN 9 POINT HOLLY STAR S,4.1500,0.0000,4.1500,,1,False
90185B,AMETHYST DIAMANTE EXPANDABLE RING,4.1500,4.2500,-0.1000,-0.0235,1,False
90072,RUBY DROP CHANDELIER EARRINGS,4.1500,0.0000,4.1500,,1,False
20617,FIRST CLASS PASSPORT COVER,4.1300,4.2100,-0.0800,-0.0190,1,False
22889,NUMBER TILE VINTAGE FONT No,4.1300,4.2100,-0.0800,-0.0190,1,False
23157,SET OF 6 NATIVITY MAGNETS,4.1300,0.0000,4.1300,,1,False
84859B,BLUE DISCO HANDBAG,4.1300,0.0000,4.1300,,1,False
35924,HANGING FAIRY CAKE DECORATION,4.1300,8.4100,-4.2800,-0.5089,1,False
21293,MIRRORED DOVE WALL DECORATION,4.1300,0.0000,4.1300,,1,False
47591b,SCOTTIES CHILDRENS APRON,4.1300,0.0000,4.1300,,1,False
22888,NUMBER TILE VINTAGE FONT 9,4.1300,0.0000,4.1300,,1,False
22881,NUMBER TILE VINTAGE FONT 2,4.1300,0.0000,4.1300,,1,False
21001,ROSE DU SUD WASHBAG,4.1300,31.2100,-27.0800,-0.8677,1,False
20711,JUMBO BAG TOYS,4.1300,463.8700,-459.7400,-0.9911,1,False
21724,PANDA AND BUNNIES STICKER SHEET,4.1100,38.1300,-34.0200,-0.8922,3,False
90083,CRYSTAL CZECH CROSS PHONE CHARM,3.9100,0.0000,3.9100,,13,False
22882,NUMBER TILE VINTAGE FONT 3,3.9000,4.2100,-0.3100,-0.0736,2,False
22541,MINI JIGSAW LEAP FROG,3.8900,0.8500,3.0400,3.5765,7,False
90214I,"LETTER ""I"" BLING KEY RING",3.7700,1.7000,2.0700,1.2176,13,False
90214R,"LETTER ""R"" BLING KEY RING",3.7700,4.2500,-0.4800,-0.1129,13,False
90214F,"LETTER ""F"" BLING KEY RING",3.7700,1.7000,2.0700,1.2176,13,False
90214H,"LETTER ""H"" BLING KEY RING",3.7700,4.2500,-0.4800,-0.1129,13,False
84924A,WAKE UP COCKEREL CALENDAR SIGN,3.7500,22.5000,-18.7500,-0.8333,1,False
20762,GREEN FERN SKETCHBOOK,3.7500,22.7400,-18.9900,-0.8351,1,False
22409,MONEY BOX BISCUITS DESIGN,3.7500,35.0200,-31.2700,-0.8929,3,False
20763,DAISY SKETCHBOOK,3.7500,11.3700,-7.6200,-0.6702,1,False
85096,HILDA CANDY SPOT RABBIT,3.7500,7.6200,-3.8700,-0.5079,1,False
22316,200 BENDY SKULL STRAWS,3.7500,17.5000,-13.7500,-0.7857,3,False
90039A,FIRE POLISHED GLASS BRACELET RED,3.7300,0.0000,3.7300,,1,False
90038B,GLASS AND PAINTED BEADS BRACELET OL,3.7300,0.0000,3.7300,,1,False
90039D,FIRE POLISHED GLASS BRACELET GREEN,3.7300,0.0000,3.7300,,1,False
90041,PEARL AND CHERRY QUARTZ BRACLET,3.7300,0.0000,3.7300,,1,False
90039C,FIRE POLISHED GLASS BRACELET BLACK,3.7300,3.8100,-0.0800,-0.0210,1,False
82613B,"METAL SIGN,CUPCAKE SINGLE HOOK",3.7100,16.3100,-12.6000,-0.7725,2,False
20652,BLUE POLKADOT LUGGAGE TAG,3.7100,7.5200,-3.8100,-0.5066,2,False
21221,SET/4 BADGES CUTE CREATURES,3.7100,11.2700,-7.5600,-0.6708,2,False
21946,PARTY TIME DESIGN FLANNEL,3.5800,0.0000,3.5800,,6,False
90214V,"LETTER ""V"" BLING KEY RING",3.4800,2.1000,1.3800,0.6571,12,False
90214U,"LETTER ""U"" BLING KEY RING",3.4800,0.0000,3.4800,,12,False
90214Z,"LETTER ""Z"" BLING KEY RING",3.4800,0.8500,2.6300,3.0941,12,False
90214W,"LETTER ""W"" BLING KEY RING",3.4800,0.0000,3.4800,,12,False
90214M,"LETTER ""M"" BLING KEY RING",3.4800,6.3500,-2.8700,-0.4520,12,False
90214B,"LETTER ""B"" BLING KEY RING",3.4800,4.6500,-1.1700,-0.2516,12,False
90214T,"LETTER ""T"" BLING KEY RING",3.4800,0.0000,3.4800,,12,False
84849D,HOT BATHS SOAP HOLDER,3.3800,21.9700,-18.5900,-0.8462,2,False
23644,SET 10 CARDS CHRISTMAS TREE 16955,3.3300,0.0000,3.3300,,1,False
90059F,DIAMANTE HAIR GRIP PACK/2 LT ROSE,3.3000,0.0000,3.3000,,2,False
90059D,DIAMANTE HAIR GRIP PACK/2 PERIDOT,3.3000,1.6900,1.6100,0.9527,2,False
85039a,SET/4 RED MINI ROSE CANDLE IN BOWL,3.2900,10.0800,-6.7900,-0.6736,1,False
DCGSSBOY,BOYS PARTY BAG,3.2900,0.0000,3.2900,,1,False
20838,FRENCH LATTICE CUSHION COVER,3.2900,0.0000,3.2900,,1,False
21676,FLOWERS  STICKERS,3.2600,16.1500,-12.8900,-0.7981,2,False
22250,DECORATION  BUTTERFLY  MAGIC GARDEN,3.2600,4.9800,-1.7200,-0.3454,2,False
72128,COLUMBIAN CANDLE ROUND,3.2600,8.5000,-5.2400,-0.6165,2,False
21943,CAKES AND RABBITS DESIGN FLANNEL,3.2600,3.3200,-0.0600,-0.0181,2,False
85039C,S/4 BLACK MINI ROSE CANDLE IN BOWL,3.2600,13.2400,-9.9800,-0.7538,2,False
21678,PAISLEY PATTERN  STICKERS,3.2600,7.6100,-4.3500,-0.5716,2,False
72811,SMALL ZINC/GLASS CANDLEHOLDER,2.9800,0.0000,2.9800,,2,False
20933,YELLOW POT PLANT CANDLE,2.9500,0.0000,2.9500,,1,False
90129C,GREEN GLASS TASSLE BAG CHARM,2.9500,4.9800,-2.0300,-0.4076,1,False
20894,HANGING BAUBLE T-LIGHT HOLDER LARGE,2.9500,11.8000,-8.8500,-0.7500,1,False
84086B,YELLOW/BLUE RETRO RADIO,2.9500,0.0000,2.9500,,1,False
90129F,RED GLASS TASSLE BAG CHARM,2.9500,9.5900,-6.6400,-0.6924,1,False
21261,GREEN GOOSE FEATHER CHRISTMAS TREE,2.9500,60.9600,-58.0100,-0.9516,1,False
90129B,TURQUOISE GLASS TASSLE BAG CHARM,2.9500,6.6400,-3.6900,-0.5557,1,False
84558A,3D DOG PICTURE PLAYING CARDS,2.9500,159.3200,-156.3700,-0.9815,1,False
22949,36 DOILIES DOLLY GIRL,2.9200,13.2900,-10.3700,-0.7803,1,False
21972,SET OF 36 DINOSAUR PAPER DOILIES,2.9200,0.0000,2.9200,,1,False
23608,SET 10 CARDS RUDOLPHS NOSE 17097,2.9100,0.0000,2.9100,,1,False
23634,SET 10 CARDS XMAS CHOIR 17068,2.9100,0.0000,2.9100,,1,False
90130C,GREEN STONE/CRYSTAL EARRINGS,2.9000,2.9600,-0.0600,-0.0203,1,False
90183C,BLACK DROP EARRINGS W LONG BEADS,2.9000,0.0000,2.9000,,1,False
90182A,AMBER 3 BEAD DROP EARRINGS,2.9000,0.0000,2.9000,,1,False
90182B,AMETHYST 3 BEAD DROP EARRINGS,2.9000,0.0000,2.9000,,1,False
90202B,WHITE ENAMEL FLOWER HAIR TIE,2.9000,0.0000,2.9000,,1,False
90201D,GREEN ENAMEL FLOWER RING,2.9000,2.9600,-0.0600,-0.0203,1,False
90177D,DROP DIAMANTE EARRINGS PURPLE,2.9000,2.9600,-0.0600,-0.0203,1,False
90210A,GREY ACRYLIC FACETED BANGLE,2.9000,0.0000,2.9000,,1,False
90177C,DROP DIAMANTE EARRINGS CRYSTAL,2.9000,8.8700,-5.9700,-0.6731,1,False
90177A,CLASSIC DIAMANTE EARRINGS JET,2.9000,0.0000,2.9000,,1,False
46000R,POLYESTER FILLER PAD 45x30cm,2.9000,8.7000,-5.8000,-0.6667,2,False
22092,BLUE PAISLEY TISSUE BOX,2.7300,32.5000,-29.7700,-0.9160,7,False
20868,SILVER FABRIC MIRROR,2.7300,0.0000,2.7300,,7,False
23185,FRENCH STYLE STORAGE JAR JAM,2.6100,0.0000,2.6100,,9,False
22337,ANGEL DECORATION PAINTED ZINC,2.6000,28.4400,-25.8400,-0.9086,4,False
90094,NECKLACE+BRACELET SET FRUIT SALAD,2.5500,2.5500,0.0000,0.0000,1,False
21039,RED SPOTTY SHOPPING BAG,2.5500,22.0200,-19.4700,-0.8842,1,False
21279,VINTAGE KITCHEN PRINT FRUITS,2.5500,15.1800,-12.6300,-0.8320,1,False
90099,NECKLACE+BRACELET SET BLUE HIBISCUS,2.5500,25.3800,-22.8300,-0.8995,1,False
85023B,EAU DE NILE JEWELLED PHOTOFRAME,2.5500,0.0000,2.5500,,1,False
21205,MULTICOLOUR 3D BALLS GARLAND,2.5500,12.6700,-10.1200,-0.7987,1,False
23540,WALL ART THE MAGIC FOREST,2.5500,0.0000,2.5500,,1,False
20699,MOUSEY LONG LEGS SOFT TOY,2.5500,27.8500,-25.3000,-0.9084,1,False
23327,HANGING CLEAR MINI BOTTLE,2.5200,0.0000,2.5200,,4,False
85019B,BLOSSOM  IMAGES NOTEBOOK SET,2.5000,0.0000,2.5000,,2,False
21132,SILVER STANDING GNOME,2.5000,0.0000,2.5000,,2,False
22288,HANGING METAL RABBIT DECORATION,2.5000,7.5300,-5.0300,-0.6680,2,False
23650,SET 10 CARDS FILIGREE BAUBLE 16961,2.4900,0.0000,2.4900,,1,False
23637,SET 10 CARDS OUT OF ORDER 17216,2.4900,0.0000,2.4900,,1,False
23615,SET 10 CARDS PRINTED GRAPHIC 17219,2.4900,0.0000,2.4900,,1,False
22717,CARD DOG AND BALL,2.4900,11.7800,-9.2900,-0.7886,3,False
17038,PORCELAIN BUDAH INCENSE HOLDER,2.4900,7.0000,-4.5100,-0.6443,3,False
79406,FROSTED WHITE BASE,2.4900,0.0000,2.4900,,3,False
90101,WHITE FRANGIPANI NECKLACE,2.4800,2.5400,-0.0600,-0.0236,1,False
90103,PURPLE FRANGIPANI NECKLACE,2.4800,0.0000,2.4800,,1,False
90169,DAISY HAIR COMB,2.4800,7.6200,-5.1400,-0.6745,1,False
90037C,TINY CRYSTAL BRACELET BLUE,2.4800,0.0000,2.4800,,1,False
21723,ALPHABET HEARTS STICKER SHEET,2.4800,27.0800,-24.6000,-0.9084,2,False
90055,CRACKED GLAZE EARRINGS BROWN,2.4800,0.0000,2.4800,,1,False
90037B,TINY CRYSTAL BRACELET GREEN,2.4800,0.0000,2.4800,,1,False
84569D,PACK 6 HEART/ICE-CREAM PATCHES,2.4600,28.7700,-26.3100,-0.9145,1,False
84596f,SMALL MARSHMALLOWS PINK BOWL,2.4600,0.0000,2.4600,,1,False
90071,RUBY GLASS CLUSTER EARRINGS,2.4600,6.3000,-3.8400,-0.6095,2,False
20653,CHERRY BLOSSOM LUGGAGE TAG,2.4600,5.0200,-2.5600,-0.5100,1,False
82613C,"METAL SIGN,CUPCAKE SINGLE HOOK",2.4600,10.0400,-7.5800,-0.7550,1,False
85129C,BEADED CRYSTAL HEART BLUE SMALL,2.4600,35.0100,-32.5500,-0.9297,1,False
85129B,BEADED CRYSTAL HEART GREEN SMALL,2.4600,27.5100,-25.0500,-0.9106,1,False
20707,CRAZY DAISY HEART DECORATION,2.4600,1.2500,1.2100,0.9680,1,False
90108,BLUE BLOSSOM HAIR CLIP,2.4600,0.0000,2.4600,,1,False
22641,SET OF 4 NAPKIN CHARMS INSTRUMENT,2.3700,10.1600,-7.7900,-0.7667,3,False
20869,GOLD FABRIC MIRROR,2.3400,0.0000,2.3400,,6,False
21382,SET/4 SPRING FLOWER DECORATION,2.2500,0.0000,2.2500,,3,False
20618,QUEEN OF THE SKIES PASSPORT COVER,2.1000,2.1000,0.0000,0.0000,1,False
21402,RED  EGG  SPOON,2.1000,0.0000,2.1000,,5,False
20751,FUNKY WASHING UP GLOVES ASSORTED,2.1000,84.0200,-81.9200,-0.9750,1,False
71050,SMALL SINGLE FLAME CANDLE HOLDER,2.1000,0.0000,2.1000,,6,False
23420,PANTRY HOOK TEA STRAINER,2.0800,0.0000,2.0800,,1,False
23421,PANTRY HOOK SPATULA,2.0800,0.0000,2.0800,,1,False
22887,NUMBER TILE VINTAGE FONT 8,1.9500,0.0000,1.9500,,1,False
22886,NUMBER TILE VINTAGE FONT 7,1.9500,0.0000,1.9500,,1,False
85159A,"BLACK TEA,COFFEE,SUGAR JARS",1.9500,12.7000,-10.7500,-0.8465,1,False
22575,METAL MERRY CHRISTMAS WREATH,1.9500,96.1700,-94.2200,-0.9797,1,False
84859C,PINK DISCO HANDBAG,1.9500,0.0000,1.9500,,1,False
21400,RED PUDDING SPOON,1.8600,0.0000,1.8600,,8,False
21215,IVORY PAPER CUP CAKE CASES,1.8000,69.5700,-67.7700,-0.9741,2,False
85026B,EAU DE NILE JEWELLED T-LIGHT HOLDER,1.7000,8.5000,-6.8000,-0.8000,2,False
44235,ASS COL CIRCLE MOBILE,1.6800,0.0000,1.6800,,4,False
84993a,75 GREEN PETIT FOUR CASES,1.6600,0.0000,1.6600,,2,False
15034,PAPER POCKET TRAVELING FAN,1.6600,5.3400,-3.6800,-0.6891,2,False
21096,SET/6 FRUIT SALAD  PAPER PLATES,1.6600,0.0000,1.6600,,2,False
16048,TEATIME ROUND PENCIL SHARPENER,1.6600,0.0000,1.6600,,2,False
85024B,EAU DE NILE JEWELLED PHOTOFRAME,1.6500,0.0000,1.6500,,1,False
90059C,DIAMANTE HAIR GRIP PACK/2 MONTANA,1.6500,1.6500,0.0000,0.0000,1,False
90059B,DIAMANTE HAIR GRIP PACK/2 BLACK DIA,1.6500,6.6800,-5.0300,-0.7530,1,False
84673B,BLUE FLY SWAT,1.6300,5.1200,-3.4900,-0.6816,1,False
21721,CANDY SHOP  STICKER SHEET,1.6300,49.7100,-48.0800,-0.9672,1,False
22248,DECORATION  PINK CHICK MAGIC GARDEN,1.6300,1.6600,-0.0300,-0.0181,1,False
22249,DECORATION WHITE CHICK MAGIC GARDEN,1.6300,0.0000,1.6300,,1,False
17129F,BLUE GLASS GEMS IN BAG,1.6300,6.6400,-5.0100,-0.7545,1,False
22263,FELT EGG COSY LADYBIRD,1.6300,0.0000,1.6300,,1,False
22264,FELT FARM ANIMAL WHITE BUNNY,1.6300,11.8600,-10.2300,-0.8626,1,False
21403,BLUE EGG  SPOON,1.6200,5.9500,-4.3300,-0.7277,6,False
23033,DRAWER KNOB CERAMIC RED,1.4500,0.0000,1.4500,,1,False
47469,ASSORTED SHAPES PHOTO CLIP SILVER,1.3000,0.0000,1.3000,,2,False
10120,DOGGY RUBBER,1.2600,3.1500,-1.8900,-0.6000,6,False
22953,BIRTHDAY PARTY CORDON BARRIER TAPE,1.2500,98.7500,-97.5000,-0.9873,1,False
82613D,METAL SIGN CUPCAKE SINGLE HOOK,1.2500,22.5900,-21.3400,-0.9447,1,False
21289,LARGE STRIPES CHOCOLATE GIFT BAG,1.2500,23.7500,-22.5000,-0.9474,1,False
75178,ASSTD COL BUTTERFLY/CRYSTAL W/CHIME,1.2500,0.0000,1.2500,,1,False
20655,QUEEN OF SKIES LUGGAGE TAG,1.2500,10.0200,-8.7700,-0.8752,1,False
21066,VINTAGE RED MUG,1.2500,5.0200,-3.7700,-0.7510,1,False
22229,BUNNY WOODEN PAINTED WITH FLOWER,1.1700,0.0000,1.1700,,3,False
85071D,CHARLIE+LOLA MY ROOM DOOR SIGN,1.1700,15.3000,-14.1300,-0.9235,3,False
84510E,SET OF 4 GREEN CAROUSEL COASTERS,1.0500,0.0000,1.0500,,5,False
84199,GLOW IN DARK DOLPHINS,1.0500,0.0000,1.0500,,5,False
85204,HANGING WOOD AND FELT FLOWER,0.9600,0.8400,0.1200,0.1429,8,False
21306,SET/4 DAISY MIRROR MAGNETS,0.8700,7.5600,-6.6900,-0.8849,3,False
22522,CHILDS GARDEN FORK BLUE,0.8500,0.0000,0.8500,,1,False
79403,FROSTED WHITE BASE,0.8500,1.6600,-0.8100,-0.4880,1,False
20759,CHRYSANTHEMUM POCKET BOOK,0.8500,0.8500,0.0000,0.0000,1,False
79157B,UBO-LIGHT TRIOBASE BLUE,0.8500,0.0000,0.8500,,1,False
23441,HAND PAINTED HANGING EASTER EGG,0.8400,0.0000,0.8400,,2,False
44234,ASSORTED CIRCULAR MOBILE,0.8400,3.3200,-2.4800,-0.7470,4,False
72586,SET OF 6 HALLOWEEN GHOST T-LIGHTS,0.8300,2.5500,-1.7200,-0.6745,1,False
37462E,"PET MUG, GOLDFISH",0.8300,2.5200,-1.6900,-0.6706,1,False
21520,BOOZE & WOMEN GREETING CARD,0.8300,16.8200,-15.9900,-0.9507,1,False
84249A,"GREETING CARD,SQUARE, DOUGHNUTS",0.8300,0.0000,0.8300,,1,False
47503H,ASS FLORAL PRINT SPIRIT LEVEL,0.7900,6.1600,-5.3700,-0.8718,1,False
85130B,BEADED CRYSTAL HEART GREEN LARGE,0.7900,3.3600,-2.5700,-0.7649,1,False
37489D,PINK/GREEN FLOWER DESIGN BIG MUG,0.7800,1.9500,-1.1700,-0.6000,2,False
35818P,"ACRYLIC JEWEL ICICLE, PINK",0.7600,3.3600,-2.6000,-0.7738,2,False
20616,CHERRY BLOSSOM PASSPORT COVER,0.7500,12.6200,-11.8700,-0.9406,1,False
21311,SET/4 BIRD MIRROR MAGNETS,0.5800,10.5000,-9.9200,-0.9448,2,False
15030,FAN BLACK FRAME,0.5800,0.0000,0.5800,,2,False
84989A,75 GREEN FAIRY CAKE CASES,0.5500,0.0000,0.5500,,1,False
47422,ASSORTED MONKEY SUCTION CUP HOOK,0.4200,0.4200,0.0000,0.0000,1,False
79149B,SILICON STAR BULB  BLUE,0.4200,0.4200,0.0000,0.0000,1,False
22286,"DECORATION , WOBBLY RABBIT , METAL",0.3900,0.0000,0.3900,,1,False
22287,"DECORATION , WOBBLY CHICKEN, METAL",0.3900,0.0000,0.3900,,1,False
47420,ASSORTED COLOUR SUCTION CUP HOOK,0.3800,0.7600,-0.3800,-0.5000,2,False
79063C,"RETRO PILL BOX KEY CHAIN,THE KING",0.1900,0.0000,0.1900,,1,False
37343,SPOTS DESIGN MUG W PINK INSIDE,0.0000,23.1600,-23.1600,-1.0000,0,False
37444A,YELLOW BREAKFAST CUP AND SAUCER,0.0000,23.6300,-23.6300,-1.0000,0,False
22912,YELLOW COAT RACK PARIS FASHION,0.0000,125.9900,-125.9900,-1.0000,0,False
22926,IVORY GIANT GARDEN THERMOMETER,0.0000,464.0100,-464.0100,-1.0000,0,False
22849,BREAD BIN DINER STYLE MINT,0.0000,255.4000,-255.4000,-1.0000,0,False
22854,CREAM SWEETHEART EGG HOLDER,0.0000,76.4900,-76.4900,-1.0000,0,False
22855,FINE WICKER HEART,0.0000,269.8100,-269.8100,-1.0000,0,False
22859,EASTER TIN BUNNY BOUQUET,0.0000,16.5600,-16.5600,-1.0000,0,False
22860,EASTER TIN CHICKS PINK DAISY,0.0000,3.3000,-3.3000,-1.0000,0,False
22862,LOVE HEART NAPKIN BOX,0.0000,140.0400,-140.0400,-1.0000,0,False
22870,NUMBER TILE COTTAGE GARDEN 2,0.0000,4.2100,-4.2100,-1.0000,0,False
22873,NUMBER TILE COTTAGE GARDEN 5,0.0000,4.2100,-4.2100,-1.0000,0,False
22827,RUSTIC  SEVENTEEN DRAWER SIDEBOARD,0.0000,455.0000,-455.0000,-1.0000,0,False
22828,REGENCY MIRROR WITH SHUTTERS,0.0000,165.0000,-165.0000,-1.0000,0,False
22829,SWEETHEART WIRE WALL TIDY,0.0000,69.6500,-69.6500,-1.0000,0,False
22830,UTILTY CABINET WITH HOOKS,0.0000,649.1000,-649.1000,-1.0000,0,False
37370,RETRO COFFEE MUGS ASSORTED,0.0000,567.0500,-567.0500,-1.0000,0,False
22833,HALL CABINET WITH 3 DRAWERS,0.0000,2403.6300,-2403.6300,-1.0000,0,False
22837,HOT WATER BOTTLE BABUSHKA,0.0000,2008.3800,-2008.3800,-1.0000,0,False
22848,BREAD BIN DINER STYLE PINK,0.0000,264.1500,-264.1500,-1.0000,0,False
37464,ROBOT MUG IN DISPLAY BOX,0.0000,1.2500,-1.2500,-1.0000,0,False
37467,PIG MUG IN TWO COLOUR DESIGNS,0.0000,4.2100,-4.2100,-1.0000,0,False
37474,SET/4 2 TONE EGG SHAPE MIXING BOWLS,0.0000,9.9500,-9.9500,-1.0000,0,False
37476,CONDIMENT TRAY 4 BOWLS AND 4 SPOONS,0.0000,37.3600,-37.3600,-1.0000,0,False
37479B,CUBIC MUG FLOCK BLUE ON BROWN,0.0000,7.6500,-7.6500,-1.0000,0,False
37479P,CUBIC MUG FLOCK PINK ON BROWN,0.0000,5.1000,-5.1000,-1.0000,0,False
37482P,CUBIC MUG PINK POLKADOT,0.0000,2.5500,-2.5500,-1.0000,0,False
37489A,YELLOW/PINK FLOWER DESIGN BIG MUG,0.0000,1.9500,-1.9500,-1.0000,0,False
35965,FOLKART HEART NAPKIN RINGS,0.0000,46.6300,-46.6300,-1.0000,0,False
35968,FOLK ART METAL HEART T-LIGHT HOLDER,0.0000,9.1200,-9.1200,-1.0000,0,False
37327,ASSTD MULTICOLOUR CIRCLES MUG,0.0000,10.1400,-10.1400,-1.0000,0,False
22832,BROCANTE SHELF WITH HOOKS,0.0000,64.5000,-64.5000,-1.0000,0,False
47570b,TEA TIME TABLE CLOTH,0.0000,21.2300,-21.2300,-1.0000,0,False
47574A,ENGLISH ROSE SCENTED HANGING FLOWER,0.0000,12.7500,-12.7500,-1.0000,0,False
47579,TEA TIME BREAKFAST BASKET,0.0000,2.1000,-2.1000,-1.0000,0,False
47586A,PINK FAIRY CAKE CUSHION COVER,0.0000,5.1000,-5.1000,-1.0000,0,False
47591B,SCOTTIES CHILDRENS APRON,0.0000,81.2600,-81.2600,-1.0000,0,False
46000P,POLYESTER FILLER PAD 65CMx65CM,0.0000,8.5000,-8.5000,-1.0000,0,False
46115B,GREEN POP ART MAO CUSHION COVER,0.0000,1.1400,-1.1400,-1.0000,0,False
47021G,SET/6 BEAD COASTERS GAUZE BAG GOLD,0.0000,7.5600,-7.5600,-1.0000,0,False
47343A,FUSCHIA FLOWER PURSE WITH BEADS,0.0000,8.9400,-8.9400,-1.0000,0,False
47348A,FUSCHIA VOILE POINTY SHOE DEC,0.0000,1.9500,-1.9500,-1.0000,0,False
47367B,PAIR PADDED HANGERS PINK CHECK,0.0000,14.2200,-14.2200,-1.0000,0,False
47481,50CM METAL STRING WITH  7 CLIPS,0.0000,2.1300,-2.1300,-1.0000,0,False
47503J,SET/3 FLORAL GARDEN TOOLS IN BAG,0.0000,23.8500,-23.8500,-1.0000,0,False
22925,BLUE GIANT GARDEN THERMOMETER,0.0000,77.3200,-77.3200,-1.0000,0,False
37489C,GREEN/BLUE FLOWER DESIGN BIG MUG,0.0000,1.9500,-1.9500,-1.0000,0,False
37491A,YELLOW/PINK CERAMIC CANDLE HOLDER,0.0000,3.3600,-3.3600,-1.0000,0,False
37501,TEA TIME TEA SET IN GIFT BOX,0.0000,35.8100,-35.8100,-1.0000,0,False
37509,NEW ENGLAND MUG W GIFT BOX,0.0000,5.1000,-5.1000,-1.0000,0,False
40001,WHITE BAMBOO RIBS LAMPSHADE,0.0000,8.3800,-8.3800,-1.0000,0,False
40005B,BLUE ORGANDY ROUND LAMPSHADE W BEA,0.0000,0.8500,-0.8500,-1.0000,0,False
40016,CHINESE DRAGON PAPER LANTERNS,0.0000,111.7900,-111.7900,-1.0000,0,False
72807A,SET/3 ROSE CANDLE IN JEWELLED BOX,0.0000,224.9500,-224.9500,-1.0000,0,False
72807B,SET/3 OCEAN SCENT CANDLE JEWEL BOX,0.0000,135.9400,-135.9400,-1.0000,0,False
72807C,SET/3 VANILLA SCENTED CANDLE IN BOX,0.0000,157.1300,-157.1300,-1.0000,0,False
72816,SET/3 CHRISTMAS DECOUPAGE CANDLES,0.0000,141.0300,-141.0300,-1.0000,0,False
72817,SET OF 2 CHRISTMAS DECOUPAGE CANDLE,0.0000,51.9500,-51.9500,-1.0000,0,False
72818,CHRISTMAS DECOUPAGE CANDLE,0.0000,39.8700,-39.8700,-1.0000,0,False
37489B,BLUE/YELLOW FLOWER DESIGN BIG MUG,0.0000,1.9500,-1.9500,-1.0000,0,False
37444C,PINK BREAKFAST CUP AND SAUCER,0.0000,14.7700,-14.7700,-1.0000,0,False
37461,FUNKY MONKEY MUG,0.0000,1.2500,-1.2500,-1.0000,0,False
35833P,4 PINK FLOCK CHRISTMAS BALLS,0.0000,9.2200,-9.2200,-1.0000,0,False
35914,PINK CHICK EGG WARMER + EGG CUP,0.0000,8.4200,-8.4200,-1.0000,0,False
35916A,YELLOW FELT HANGING HEART W FLOWER,0.0000,9.9600,-9.9600,-1.0000,0,False
35916B,BLUE FELT HANGING HEART WITH FLOWER,0.0000,1.6600,-1.6600,-1.0000,0,False
35916C,PINK FELT HANGING HEART W FLOWER,0.0000,1.6600,-1.6600,-1.0000,0,False
35954,SMALL FOLKART STAR CHRISTMAS DEC,0.0000,81.0600,-81.0600,-1.0000,0,False
35957,SMALLFOLKART BAUBLE CHRISTMAS DEC,0.0000,131.1800,-131.1800,-1.0000,0,False
35958,FOLKART ZINC STAR CHRISTMAS DEC,0.0000,8.5000,-8.5000,-1.0000,0,False
35598B,BLACK CHRISTMAS TREE 60CM,0.0000,28.2700,-28.2700,-1.0000,0,False
35610A,PINK CHRISTMAS FLOCK DROPLET,0.0000,2.5100,-2.5100,-1.0000,0,False
35637A,IVORY STRING CURTAIN WITH POLE,0.0000,19.5300,-19.5300,-1.0000,0,False
47570B,TEA TIME TABLE CLOTH,0.0000,42.6000,-42.6000,-1.0000,0,False
35653,VINTAGE BEAD NOTEBOOK,0.0000,38.3900,-38.3900,-1.0000,0,False
35809A,ENAMEL PINK TEA CONTAINER,0.0000,4.2100,-4.2100,-1.0000,0,False
35810B,ENAMEL BLUE RIM COFFEE CONTAINER,0.0000,2.1000,-2.1000,-1.0000,0,False
35833G,4 GOLD FLOCK CHRISTMAS BALLS,0.0000,6.7200,-6.7200,-1.0000,0,False
47591d,PINK FAIRY CAKE CHILDRENS APRON,0.0000,187.2200,-187.2200,-1.0000,0,False
47594A,CAROUSEL DESIGN WASHBAG,0.0000,6.1600,-6.1600,-1.0000,0,False
48173c,DOORMAT BLACK FLOCK,0.0000,135.8400,-135.8400,-1.0000,0,False
48189,DOOR MAT FRIENDSHIP,0.0000,16.9800,-16.9800,-1.0000,0,False
51008,AFGHAN SLIPPER SOCK PAIR,0.0000,800.4500,-800.4500,-1.0000,0,False
51020A,SUMMER FUN DESIGN SHOWER CAP,0.0000,1.2500,-1.2500,-1.0000,0,False
51020B,STRIPY DESIGN SHOWER CAP,0.0000,3.7500,-3.7500,-1.0000,0,False
62094B,TURQ ICE CREAM BUM BAG,0.0000,5.0600,-5.0600,-1.0000,0,False
47504K,ENGLISH ROSE GARDEN SECATEURS,0.0000,37.7200,-37.7200,-1.0000,0,False
47566b,TEA TIME PARTY BUNTING,0.0000,33.8800,-33.8800,-1.0000,0,False
35651,VINTAGE BEAD PINK SCARF,0.0000,16.1300,-16.1300,-1.0000,0,False
22444,GROW YOUR OWN PLANT IN A CAN,0.0000,360.8000,-360.8000,-1.0000,0,False
22449,SILK PURSE BABUSHKA PINK,0.0000,150.8900,-150.8900,-1.0000,0,False
22450,SILK PURSE BABUSHKA BLUE,0.0000,100.6400,-100.6400,-1.0000,0,False
22451,SILK PURSE BABUSHKA RED,0.0000,178.1100,-178.1100,-1.0000,0,False
22454,MEASURING TAPE BABUSHKA RED,0.0000,268.0600,-268.0600,-1.0000,0,False
22292,HANGING CHICK  YELLOW DECORATION,0.0000,10.2300,-10.2300,-1.0000,0,False
22293,HANGING CHICK GREEN DECORATION,0.0000,5.9600,-5.9600,-1.0000,0,False
22317,FIVE CATS HANGING DECORATION,0.0000,11.8200,-11.8200,-1.0000,0,False
22322,BIRD DECORATION GREEN POLKADOT,0.0000,4.9800,-4.9800,-1.0000,0,False
22325,MOBILE VINTAGE HEARTS,0.0000,28.6900,-28.6900,-1.0000,0,False
22618,COOKING SET RETROSPOT,0.0000,218.9000,-218.9000,-1.0000,0,False
22339,CHRISTMAS TREE PAINTED ZINC,0.0000,21.3900,-21.3900,-1.0000,0,False
22412,METAL SIGN NEIGHBOURHOOD WITCH,0.0000,14.7200,-14.7200,-1.0000,0,False
22244,3 HOOK HANGER MAGIC GARDEN,0.0000,114.6500,-114.6500,-1.0000,0,False
22245,"HOOK, 1 HANGER ,MAGIC GARDEN",0.0000,57.6400,-57.6400,-1.0000,0,False
22246,"GARLAND, MAGIC GARDEN 1.8M",0.0000,82.3400,-82.3400,-1.0000,0,False
22256,FELT FARM ANIMAL CHICKEN,0.0000,6.2600,-6.2600,-1.0000,0,False
22265,EASTER DECORATION NATURAL CHICK,0.0000,3.8600,-3.8600,-1.0000,0,False
22271,FELTCRAFT DOLL ROSIE,0.0000,205.0400,-205.0400,-1.0000,0,False
22272,FELTCRAFT DOLL MARIA,0.0000,64.9200,-64.9200,-1.0000,0,False
22275,WEEKEND BAG VINTAGE ROSE PAISLEY,0.0000,527.8500,-527.8500,-1.0000,0,False
22336,DOVE DECORATION PAINTED ZINC,0.0000,57.4700,-57.4700,-1.0000,0,False
22128,PARTY CONES CANDY ASSORTED,0.0000,105.0000,-105.0000,-1.0000,0,False
22137,BATHROOM SET LOVE HEART DESIGN,0.0000,2.9500,-2.9500,-1.0000,0,False
22145,CHRISTMAS CRAFT HEART STOCKING,0.0000,63.0000,-63.0000,-1.0000,0,False
22149,FELTCRAFT 6 FLOWER FRIENDS,0.0000,541.7800,-541.7800,-1.0000,0,False
21992,VINTAGE PAISLEY STATIONERY SET,0.0000,247.1300,-247.1300,-1.0000,0,False
22021,BLUE FELT EASTER EGG BASKET,0.0000,39.6000,-39.6000,-1.0000,0,False
22034,ROBIN CHRISTMAS CARD,0.0000,1.2600,-1.2600,-1.0000,0,False
22035,VINTAGE CARAVAN GREETING CARD,0.0000,5.8900,-5.8900,-1.0000,0,False
22044,CHRISTMAS CARD STACK OF PRESENTS,0.0000,25.2000,-25.2000,-1.0000,0,False
22049,WRAP CHRISTMAS SCREEN PRINT,0.0000,31.5000,-31.5000,-1.0000,0,False
22443,GROW YOUR OWN HERBS SET OF 3,0.0000,103.5800,-103.5800,-1.0000,0,False
22052,VINTAGE CARAVAN GIFT WRAP,0.0000,31.5000,-31.5000,-1.0000,0,False
22458,CAST IRON HOOK GARDEN FORK,0.0000,20.3200,-20.3200,-1.0000,0,False
22459,CAST IRON HOOK GARDEN TROWEL,0.0000,25.3800,-25.3800,-1.0000,0,False
22461,SAVOY ART DECO CLOCK,0.0000,114.7200,-114.7200,-1.0000,0,False
22480,RED TEA TOWEL CLASSIC DESIGN,0.0000,61.2700,-61.2700,-1.0000,0,False
22482,BLUE TEA TOWEL CLASSIC DESIGN,0.0000,40.0000,-40.0000,-1.0000,0,False
22501,PICNIC BASKET WICKER LARGE,0.0000,281.9500,-281.9500,-1.0000,0,False
22502,PICNIC BASKET WICKER SMALL,0.0000,513.1600,-513.1600,-1.0000,0,False
22503,CABIN BAG VINTAGE PAISLEY,0.0000,269.1800,-269.1800,-1.0000,0,False
22415,WHITE TISSUE REAM,0.0000,55.6500,-55.6500,-1.0000,0,False
22427,ENAMEL FLOWER JUG CREAM,0.0000,166.5400,-166.5400,-1.0000,0,False
22051,BLUE SCANDINAVIAN PAISLEY WRAP,0.0000,10.5000,-10.5000,-1.0000,0,False
22518,CHILDS GARDEN BRUSH BLUE,0.0000,35.7500,-35.7500,-1.0000,0,False
22519,CHILDS GARDEN BRUSH PINK,0.0000,50.4600,-50.4600,-1.0000,0,False
22521,CHILDS GARDEN TROWEL PINK,0.0000,4.1700,-4.1700,-1.0000,0,False
22524,CHILDRENS GARDEN GLOVES BLUE,0.0000,22.9700,-22.9700,-1.0000,0,False
22525,CHILDRENS GARDEN GLOVES PINK,0.0000,44.7900,-44.7900,-1.0000,0,False
22528,GARDENERS KNEELING PAD,0.0000,3.3600,-3.3600,-1.0000,0,False
22548,HEADS AND TAILS SPORTING FUN,0.0000,62.5300,-62.5300,-1.0000,0,False
22569,FELTCRAFT CUSHION BUTTERFLY,0.0000,718.9200,-718.9200,-1.0000,0,False
22947,WOODEN ADVENT CALENDAR RED,0.0000,407.7000,-407.7000,-1.0000,0,False
35001W,HAND OPEN SHAPE DECO.WHITE,0.0000,27.9200,-27.9200,-1.0000,0,False
22765,NEWSPAPER STAND,0.0000,287.1600,-287.1600,-1.0000,0,False
35241,ENAMEL BLUE RIM BISCUIT BIN,0.0000,9.9000,-9.9000,-1.0000,0,False
35271S,GOLD PRINT PAPER BAG,0.0000,3.6100,-3.6100,-1.0000,0,False
35591T,TURQUOISE CHRISTMAS TREE,0.0000,2.5000,-2.5000,-1.0000,0,False
35597A,DUSTY PINK CHRISTMAS TREE 30CM,0.0000,1.2500,-1.2500,-1.0000,0,False
35597B,BLACKCHRISTMAS TREE 30CM,0.0000,1.2500,-1.2500,-1.0000,0,False
22876,NUMBER TILE COTTAGE GARDEN 8,0.0000,10.3700,-10.3700,-1.0000,0,False
22880,NUMBER TILE VINTAGE FONT 1,0.0000,4.2100,-4.2100,-1.0000,0,False
22884,NUMBER TILE VINTAGE FONT 5,0.0000,4.2100,-4.2100,-1.0000,0,False
22892,SET OF SALT AND PEPPER TOADSTOOLS,0.0000,45.0000,-45.0000,-1.0000,0,False
22904,CALENDAR PAPER CUT DESIGN,0.0000,171.2700,-171.2700,-1.0000,0,False
35004C,SET OF 3 COLOURED  FLYING DUCKS,0.0000,1147.4000,-1147.4000,-1.0000,0,False
22769,CHALKBOARD KITCHEN ORGANISER,0.0000,138.8200,-138.8200,-1.0000,0,False
22777,GLASS CLOCHE LARGE,0.0000,219.2600,-219.2600,-1.0000,0,False
22778,GLASS CLOCHE SMALL,0.0000,258.0900,-258.0900,-1.0000,0,False
22783,SET 3 WICKER OVAL BASKETS W LIDS,0.0000,127.6500,-127.6500,-1.0000,0,False
22788,BROCANTE COAT RACK,0.0000,110.4100,-110.4100,-1.0000,0,False
22803,IVORY EMBROIDERED QUILT,0.0000,687.6500,-687.6500,-1.0000,0,False
22825,DECORATIVE PLANT POT WITH FRIEZE,0.0000,23.8500,-23.8500,-1.0000,0,False
22665,RECIPE BOX BLUE SKETCHBOOK DESIGN,0.0000,242.0700,-242.0700,-1.0000,0,False
22689,DOORMAT MERRY CHRISTMAS RED,0.0000,15.9000,-15.9000,-1.0000,0,False
22700,BLACK AND WHITE DOG BOWL,0.0000,17.7000,-17.7000,-1.0000,0,False
22655,VINTAGE RED KITCHEN CABINET,0.0000,295.0000,-295.0000,-1.0000,0,False
22719,GUMBALL MONOCHROME COAT RACK,0.0000,50.7000,-50.7000,-1.0000,0,False
22740,POLKADOT PEN,0.0000,217.9800,-217.9800,-1.0000,0,False
22759,SET OF 3 NOTEBOOKS IN PARCEL,0.0000,284.3700,-284.3700,-1.0000,0,False
22760,"TRAY, BREAKFAST IN BED",0.0000,89.2200,-89.2200,-1.0000,0,False
22570,FELTCRAFT CUSHION RABBIT,0.0000,607.4400,-607.4400,-1.0000,0,False
22572,ROCKING HORSE GREEN CHRISTMAS,0.0000,205.9100,-205.9100,-1.0000,0,False
22579,WOODEN TREE CHRISTMAS SCANDINAVIAN,0.0000,117.7100,-117.7100,-1.0000,0,False
22611,VINTAGE UNION JACK SHOPPING BAG,0.0000,10.1700,-10.1700,-1.0000,0,False
75013B,"STRING OF 8 BUTTERFLIES,PINK",0.0000,8.2500,-8.2500,-1.0000,0,False
22637,PIGGY BANK RETROSPOT,0.0000,381.8600,-381.8600,-1.0000,0,False
22652,TRAVEL SEWING KIT,0.0000,378.8300,-378.8300,-1.0000,0,False
22715,CARD WEDDING DAY,0.0000,1.7000,-1.7000,-1.0000,0,False
84660c,PINK STITCHED WALL CLOCK,0.0000,15.2400,-15.2400,-1.0000,0,False
84663A,GRASS HOPPER WOODEN WALL CLOCK,0.0000,11.8200,-11.8200,-1.0000,0,False
84665,SQUARE CHERRY BLOSSOM CABINET,0.0000,23.8000,-23.8000,-1.0000,0,False
84678,CLASSICAL ROSE SMALL VASE,0.0000,75.3000,-75.3000,-1.0000,0,False
84683,CLASSICAL ROSE CANDLESTAND,0.0000,32.5100,-32.5100,-1.0000,0,False
84685,BEACH HUT KEY CABINET,0.0000,18.9900,-18.9900,-1.0000,0,False
84706D,CHERRY BLOSSOM TABLE CLOCK,0.0000,17.9000,-17.9000,-1.0000,0,False
84709B,PINK OVAL JEWELLED MIRROR,0.0000,11.9000,-11.9000,-1.0000,0,False
85230F,JASMINE VOTIVE CANDLE,0.0000,6.9600,-6.9600,-1.0000,0,False
85231G,ORANGE SCENTED SET/9 T-LIGHTS,0.0000,21.0900,-21.0900,-1.0000,0,False
84228,HEN HOUSE W CHICK STANDING,0.0000,0.8400,-0.8400,-1.0000,0,False
90209B,GREEN ENAMEL+GLASS HAIR COMB,0.0000,18.9900,-18.9900,-1.0000,0,False
90209C,PINK ENAMEL+GLASS HAIR COMB,0.0000,6.3300,-6.3300,-1.0000,0,False
90211B,JET BLACK LAS VEGAS NECKLACE 45CM,0.0000,23.7800,-23.7800,-1.0000,0,False
90212B,JET BLACK LAS VEGAS BRACELET ROUND,0.0000,15.0600,-15.0600,-1.0000,0,False
90053,CRACKED GLAZE EARRINGS IVORY,0.0000,2.5500,-2.5500,-1.0000,0,False
85187,S/12 MINI RABBIT EASTER,0.0000,1.6500,-1.6500,-1.0000,0,False
85202,HANGING WOOD AND FELT HEART,0.0000,7.5600,-7.5600,-1.0000,0,False
85206A,CREAM FELT EASTER EGG BASKET,0.0000,39.6000,-39.6000,-1.0000,0,False
85208,SET/12 FUNKY FELT FLOWER PEG IN BAG,0.0000,10.5000,-10.5000,-1.0000,0,False
85213,MINI  ZINC GARDEN DECORATIONS,0.0000,1.6600,-1.6600,-1.0000,0,False
90205A,LARGE MINT DIAMANTE HAIRSLIDE,0.0000,6.7600,-6.7600,-1.0000,0,False
84870B,BLUE GEISHA GIRL,0.0000,22.5000,-22.5000,-1.0000,0,False
84870C,GREEN GEISHA GIRL,0.0000,22.5000,-22.5000,-1.0000,0,False
84872a,TEATIME FUNKY FLOWER BACKPACK FOR 2,0.0000,33.0600,-33.0600,-1.0000,0,False
84874B,BLUE TRAVEL FIRST AID KIT,0.0000,1.6500,-1.6500,-1.0000,0,False
84876D,BLUE HEART COMPACT MIRROR,0.0000,15.0000,-15.0000,-1.0000,0,False
84877D,BLUE ROUND COMPACT MIRROR,0.0000,18.7500,-18.7500,-1.0000,0,False
84881,BLUE WIRE SPIRAL CANDLE HOLDER,0.0000,12.7000,-12.7000,-1.0000,0,False
84795B,SUNSET CHECK HAMMOCK,0.0000,63.6000,-63.6000,-1.0000,0,False
84809A,WHITE CHRYSANTHEMUMS ART FLOWER,0.0000,25.2000,-25.2000,-1.0000,0,False
84840,SWEETHEART CARRY-ALL BASKET,0.0000,50.9400,-50.9400,-1.0000,0,False
84789,ENCHANTED BIRD PLANT CAGE,0.0000,7.6200,-7.6200,-1.0000,0,False
84849A,HELLO SAILOR BLUE SOAP HOLDER,0.0000,20.2800,-20.2800,-1.0000,0,False
84849B,FAIRY SOAP SOAP HOLDER,0.0000,62.4700,-62.4700,-1.0000,0,False
84854,GIRLY PINK TOOL SET,0.0000,24.7500,-24.7500,-1.0000,0,False
84856L,LARGE TAHITI BEACH BAG,0.0000,11.8700,-11.8700,-1.0000,0,False
84712B,PINK JEWELLED PHOTO FRAME,0.0000,23.8500,-23.8500,-1.0000,0,False
84725,FREESTYLE CANVAS ART PICTURE,0.0000,4.2500,-4.2500,-1.0000,0,False
84744,S/6 SEW ON CROCHET FLOWERS,0.0000,25.0100,-25.0100,-1.0000,0,False
84754,S/15 SILVER GLASS BAUBLES IN BAG,0.0000,171.3600,-171.3600,-1.0000,0,False
84760S,SMALL HANGING GLASS+ZINC LANTERN,0.0000,17.4000,-17.4000,-1.0000,0,False
84763,ZINC FINISH 15CM PLANTER POTS,0.0000,136.7900,-136.7900,-1.0000,0,False
84773,RED ROSE AND LACE C/COVER,0.0000,8.8500,-8.8500,-1.0000,0,False
84846A,SCENTED CANDLE IN DIGITALIS TIN,0.0000,29.4200,-29.4200,-1.0000,0,False
85130A,BEADED PEARL HEART WHITE LARGE,0.0000,44.5500,-44.5500,-1.0000,0,False
85131A,BEADED PEARL HEART WHITE ON STICK,0.0000,67.6500,-67.6500,-1.0000,0,False
85131C,BEADED CRYSTAL HEART BLUE ON STICK,0.0000,5.9500,-5.9500,-1.0000,0,False
85132A,CHARLIE + LOLA BISCUITS TINS,0.0000,97.6100,-97.6100,-1.0000,0,False
85132B,CHARLIE AND LOLA TABLE TINS,0.0000,28.3700,-28.3700,-1.0000,0,False
85132C,CHARLIE AND LOLA FIGURES TINS,0.0000,53.7800,-53.7800,-1.0000,0,False
85087,CANDY SPOT CUSHION COVER,0.0000,8.4700,-8.4700,-1.0000,0,False
85093,CANDY SPOT EGG WARMER HARE,0.0000,2.5100,-2.5100,-1.0000,0,False
85099f,JUMBO BAG STRAWBERRY,0.0000,60.7200,-60.7200,-1.0000,0,False
85106,CUT GLASS HEXAGON T-LIGHT HOLDER,0.0000,52.3000,-52.3000,-1.0000,0,False
85214,TUB 24 PINK FLOWER PEGS,0.0000,28.0500,-28.0500,-1.0000,0,False
85118,HEART T-LIGHT HOLDER,0.0000,45.7400,-45.7400,-1.0000,0,False
85119,WATERING CAN SINGLE HOOK PISTACHIO,0.0000,3.3600,-3.3600,-1.0000,0,False
85124B,BLUE JUICY FRUIT PHOTO FRAME,0.0000,33.1500,-33.1500,-1.0000,0,False
85049B,LUSH GREENS RIBBONS,0.0000,7.5000,-7.5000,-1.0000,0,False
85049D,BRIGHT BLUES RIBBONS,0.0000,52.5000,-52.5000,-1.0000,0,False
85049F,BABY BOOM RIBBONS,0.0000,28.7500,-28.7500,-1.0000,0,False
85054,FRENCH ENAMEL POT W LID,0.0000,11.8100,-11.8100,-1.0000,0,False
85055,FRENCH ENAMEL UTENSIL HOLDER,0.0000,37.6200,-37.6200,-1.0000,0,False
85064,CREAM SWEETHEART LETTER RACK,0.0000,812.1500,-812.1500,-1.0000,0,False
85067,CREAM SWEETHEART WALL CABINET,0.0000,107.7000,-107.7000,-1.0000,0,False
85116,BLACK CANDELABRA T-LIGHT HOLDER,0.0000,274.6600,-274.6600,-1.0000,0,False
85215,ASSORTED CHEESE FRIDGE MAGNETS,0.0000,4.5500,-4.5500,-1.0000,0,False
85216,ASSORTED CAKES FRIDGE MAGNETS,0.0000,7.8000,-7.8000,-1.0000,0,False
85167B,BLACK GRAND BAROQUE PHOTO FRAME,0.0000,67.1900,-67.1900,-1.0000,0,False
85169D,PINK LOVE BIRD CANDLE,0.0000,2.5100,-2.5100,-1.0000,0,False
85170A,SET/6 IVORY BIRD T-LIGHT CANDLES,0.0000,2.1000,-2.1000,-1.0000,0,False
85170B,SET/6 BLACK BIRD T-LIGHT CANDLES,0.0000,12.6000,-12.6000,-1.0000,0,False
85175,CACTI T-LIGHT CANDLES,0.0000,181.9600,-181.9600,-1.0000,0,False
85185B,PINK HORSE SOCK PUPPET,0.0000,50.1900,-50.1900,-1.0000,0,False
85185D,FROG SOCK PUPPET,0.0000,5.9000,-5.9000,-1.0000,0,False
85186A,EASTER BUNNY GARLAND OF FLOWERS,0.0000,1.7000,-1.7000,-1.0000,0,False
85125,SMALL ROUND CUT GLASS CANDLESTICK,0.0000,40.6800,-40.6800,-1.0000,0,False
85032D,YULETIDE IMAGES GIFT WRAP SET,0.0000,69.5400,-69.5400,-1.0000,0,False
85034A,3 GARDENIA MORRIS BOXED CANDLES,0.0000,42.5000,-42.5000,-1.0000,0,False
85035A,GARDENIA 3 WICK MORRIS BOXED CANDLE,0.0000,59.4400,-59.4400,-1.0000,0,False
85035B,CHOCOLATE 3 WICK MORRIS BOX CANDLE,0.0000,38.2500,-38.2500,-1.0000,0,False
85035C,ROSE 3 WICK MORRIS BOX CANDLE,0.0000,38.2200,-38.2200,-1.0000,0,False
85035c,ROSE 3 WICK MORRIS BOX CANDLE,0.0000,8.4700,-8.4700,-1.0000,0,False
90062,CARNIVAL BRACELET,0.0000,38.2500,-38.2500,-1.0000,0,False
85132a,CHARLIE + LOLA BISCUITS TINS,0.0000,21.2300,-21.2300,-1.0000,0,False
85135B,BLUE DRAGONFLY HELICOPTER,0.0000,169.5500,-169.5500,-1.0000,0,False
90060F,FIRE POLISHED GLASS NECKL GREEN,0.0000,5.9400,-5.9400,-1.0000,0,False
85124C,GREEN JUICY FRUIT PHOTO FRAME,0.0000,61.1600,-61.1600,-1.0000,0,False
85027L,FRENCH CHATEAU LARGE PLATTER,0.0000,7.9500,-7.9500,-1.0000,0,False
71406C,BLACK ORANGE SQUEEZER,0.0000,5.4600,-5.4600,-1.0000,0,False
71495B,CD WALL TIDY RED FLOWERS,0.0000,5.0400,-5.0400,-1.0000,0,False
84313B,BLUE TV TRAY TABLE,0.0000,33.9600,-33.9600,-1.0000,0,False
84341B,SMALL PINK MAGIC CHRISTMAS TREE,0.0000,18.5800,-18.5800,-1.0000,0,False
84352,SILVER CHRISTMAS TREE BAUBLE STAND,0.0000,178.5500,-178.5500,-1.0000,0,False
84358,FLOOR LAMP SHADE WOOD BASE,0.0000,9.9500,-9.9500,-1.0000,0,False
84388,WISE MAN STAR SHAPE EGG PAN,0.0000,1.6500,-1.6500,-1.0000,0,False
84415B,BLUE FLOCK CUSHION COVER,0.0000,7.5000,-7.5000,-1.0000,0,False
84422,PINK/BLUE DISC/MIRROR STRING,0.0000,1.6600,-1.6600,-1.0000,0,False
84459A,PINK METAL CHICKEN HEART,0.0000,20.1600,-20.1600,-1.0000,0,False
84865,NEW BAROQUE BLACK PHOTO ALBUM,0.0000,33.9800,-33.9800,-1.0000,0,False
22127,PARTY CONES CARNIVAL ASSORTED,0.0000,30.0000,-30.0000,-1.0000,0,False
84247G,"DECOUPAGE,GREETING CARD,",0.0000,30.2400,-30.2400,-1.0000,0,False
84247K,"FOLK ART GREETING CARD,pack/12",0.0000,2.9500,-2.9500,-1.0000,0,False
84247L,FAWN AND MUSHROOM GREETING CARD,0.0000,5.0400,-5.0400,-1.0000,0,False
84247N,PACK/12 BLUE FOLKART CARDS,0.0000,5.9000,-5.9000,-1.0000,0,False
84251B,"GREETING CARD, STICKY GORDON",0.0000,1.7000,-1.7000,-1.0000,0,False
84270,ASSTD DESIGN BUBBLE GUM RING,0.0000,3.5700,-3.5700,-1.0000,0,False
79163,BLACK CHAMPAGNE GLASS,0.0000,19.8000,-19.8000,-1.0000,0,False
79164,BLACK WINE GLASS,0.0000,39.6000,-39.6000,-1.0000,0,False
79337,BLUE FLOCK GLASS CANDLEHOLDER,0.0000,9.9000,-9.9000,-1.0000,0,False
84086C,PINK/PURPLE RETRO RADIO,0.0000,16.8400,-16.8400,-1.0000,0,False
75131,METAL TUBE CHIME ON BAMBOO,0.0000,3.3600,-3.3600,-1.0000,0,False
72798C,SET/4 GARDEN ROSE DINNER CANDLE,0.0000,1.6500,-1.6500,-1.0000,0,False
72799F,IVORY PILLAR CANDLE GOLD FLOCK,0.0000,30.3200,-30.3200,-1.0000,0,False
72800D,4 BLUE DINNER CANDLES SILVER FLOCK,0.0000,30.6000,-30.6000,-1.0000,0,False
72801G,4 BURGUNDY WINE DINNER CANDLES,0.0000,2.5000,-2.5000,-1.0000,0,False
72802B,OCEAN SCENT CANDLE IN JEWELLED BOX,0.0000,131.7200,-131.7200,-1.0000,0,False
72802C,VANILLA SCENT CANDLE JEWELLED BOX,0.0000,191.1600,-191.1600,-1.0000,0,False
72803A,ROSE SCENT CANDLE JEWELLED DRAWER,0.0000,21.2500,-21.2500,-1.0000,0,False
72803b,OCEAN SCENT CANDLE JEWELLED DRAWER,0.0000,8.4700,-8.4700,-1.0000,0,False
71496A,A4 WALL TIDY BLUE OFFICE,0.0000,13.7600,-13.7600,-1.0000,0,False
71403,"PINK/WHITE ""KEEP CLEAN"" BULLET BIN",0.0000,5.9000,-5.9000,-1.0000,0,False
72127,COLUMBIAN CANDLE ROUND,0.0000,33.7500,-33.7500,-1.0000,0,False
72130,COLUMBIAN CANDLE ROUND,0.0000,35.3300,-35.3300,-1.0000,0,False
72131,COLUMBIAN CANDLE RECTANGLE,0.0000,25.3500,-25.3500,-1.0000,0,False
72132,COLUMBIAN CUBE CANDLE,0.0000,23.4000,-23.4000,-1.0000,0,False
72351a,SET/6 TURQUOISE BUTTERFLY T-LIGHTS,0.0000,12.6300,-12.6300,-1.0000,0,False
72709,IVORY SCULPTED RND CANDLE,0.0000,15.3000,-15.3000,-1.0000,0,False
62096A,PINK/YELLOW FLOWERS HANDBAG,0.0000,15.0000,-15.0000,-1.0000,0,False
71038,WHITE HANGING BEADS CANDLE HOLDER,0.0000,32.7000,-32.7000,-1.0000,0,False
71143,SILVER BOOK MARK WITH BEADS,0.0000,17.5700,-17.5700,-1.0000,0,False
71215,METAL BASE FOR CANDLES,0.0000,0.4200,-0.4200,-1.0000,0,False
71279,PINK GLASS CANDLEHOLDER,0.0000,23.6100,-23.6100,-1.0000,0,False
72051S,BAG OF SILVER STONES,0.0000,2.5200,-2.5200,-1.0000,0,False
84569B,PACK 3 FIRE ENGINE/CAR PATCHES,0.0000,32.5000,-32.5000,-1.0000,0,False
84596E,SMALL LICORICE DES PINK BOWL,0.0000,7.5100,-7.5100,-1.0000,0,False
84596J,MIXED NUTS LIGHT GREEN BOWL,0.0000,6.2700,-6.2700,-1.0000,0,False
84596L,BISCUITS SMALL BOWL LIGHT BLUE,0.0000,6.2600,-6.2600,-1.0000,0,False
84596b,SMALL DOLLY MIX DESIGN ORANGE BOWL,0.0000,7.5300,-7.5300,-1.0000,0,False
84531A,PINK KNITTED EGG COSY,0.0000,11.7000,-11.7000,-1.0000,0,False
84531B,BLUE KNITTED EGG COSY,0.0000,9.7500,-9.7500,-1.0000,0,False
84534B,FAIRY CAKE NOTEBOOK A5 SIZE,0.0000,36.2700,-36.2700,-1.0000,0,False
84534b,FAIRY CAKE NOTEBOOK A5 SIZE,0.0000,1.6600,-1.6600,-1.0000,0,False
84539,KNITTED RABBIT DOLL,0.0000,16.5000,-16.5000,-1.0000,0,False
82011B,BATHROOM SCALES RUBBER DUCKS,0.0000,3.7500,-3.7500,-1.0000,0,False
84559a,3D SHEET OF DOG STICKERS,0.0000,3.3800,-3.3800,-1.0000,0,False
84559b,3D SHEET OF CAT STICKERS,0.0000,1.6900,-1.6900,-1.0000,0,False
84459B,YELLOW METAL CHICKEN HEART,0.0000,16.8000,-16.8000,-1.0000,0,False
84497,BUTTONS AND STRIPES NOTEBOOK,0.0000,11.2500,-11.2500,-1.0000,0,False
84507C,BLUE CIRCLES DESIGN MONKEY DOLL,0.0000,5.1000,-5.1000,-1.0000,0,False
84508A,CAMOUFLAGE DESIGN TEDDY,0.0000,5.1000,-5.1000,-1.0000,0,False
84508B,STRIPES DESIGN TEDDY,0.0000,20.4000,-20.4000,-1.0000,0,False
84508C,BLUE CIRCLES DESIGN TEDDY,0.0000,15.2600,-15.2600,-1.0000,0,False
84520B,PACK 20 ENGLISH ROSE PAPER NAPKINS,0.0000,44.8500,-44.8500,-1.0000,0,False
84522,PINK PARTY SUNGLASSES,0.0000,1.9500,-1.9500,-1.0000,0,False
84559B,3D SHEET OF CAT STICKERS,0.0000,22.8900,-22.8900,-1.0000,0,False
82011C,BATHROOM SCALES FOOTPRINTS IN SAND,0.0000,7.5000,-7.5000,-1.0000,0,False
82599,FANNY'S REST STOPMETAL SIGN,0.0000,149.2900,-149.2900,-1.0000,0,False
82615,PINK MARSHMALLOW SCARF KNITTING KIT,0.0000,91.8000,-91.8000,-1.0000,0,False
84050,PINK HEART SHAPE EGG FRYING PAN,0.0000,795.7500,-795.7500,-1.0000,0,False
77101A,UNION FLAG WINDSOCK,0.0000,5.0000,-5.0000,-1.0000,0,False
78034B,BLUE NETTING STORAGE HANGER,0.0000,1.9500,-1.9500,-1.0000,0,False
78124,MAGAZINE RACK GEBRA ASSORTED,0.0000,16.5000,-16.5000,-1.0000,0,False
79000,MOROCCAN TEA GLASS,0.0000,159.8100,-159.8100,-1.0000,0,False
79030D,TUMBLER BAROQUE,0.0000,22.6200,-22.6200,-1.0000,0,False
79030G,"TUMBLER, NEW ENGLAND",0.0000,16.0200,-16.0200,-1.0000,0,False
84563B,BLUE & WHITE BREAKFAST TRAY,0.0000,5.9500,-5.9500,-1.0000,0,False
79151B,"SILICON CUBE 25W, BLUE",0.0000,0.4200,-0.4200,-1.0000,0,False
84596e,SMALL LICORICE DES PINK BOWL,0.0000,10.0400,-10.0400,-1.0000,0,False
84597C,RETRO PINK BALL ASHTRAY,0.0000,1.2500,-1.2500,-1.0000,0,False
84613C,BLUE NEW BAROQUE FLOCK CANDLESTICK,0.0000,4.6500,-4.6500,-1.0000,0,False
84614A,PINK BAROQUE FLOCK CANDLE HOLDER,0.0000,11.9000,-11.9000,-1.0000,0,False
84625C,BLUE NEW BAROQUE CANDLESTICK CANDLE,0.0000,100.3200,-100.3200,-1.0000,0,False
84637,KITCHEN FLOWER POTS WALL PLAQUE,0.0000,12.7200,-12.7200,-1.0000,0,False
84659A,WHITE TRAVEL ALARM CLOCK,0.0000,52.7100,-52.7100,-1.0000,0,False
84660C,PINK STITCHED WALL CLOCK,0.0000,7.6200,-7.6200,-1.0000,0,False
84562A,PINK/WHITE RIBBED MELAMINE JUG,0.0000,7.9500,-7.9500,-1.0000,0,False
84563A,PINK & WHITE BREAKFAST TRAY,0.0000,17.8500,-17.8500,-1.0000,0,False
79067,CORONA MEXICAN TRAY,0.0000,179.6400,-179.6400,-1.0000,0,False
90185D,CRYSTAL DIAMANTE EXPANDABLE RING,0.0000,12.7500,-12.7500,-1.0000,0,False
90186A,AMETHYST HOOP EARRING FLORAL LEAF,0.0000,2.9500,-2.9500,-1.0000,0,False
90186B,CRYSTAL HOOP EARRING FLORAL LEAF,0.0000,2.9600,-2.9600,-1.0000,0,False
90190C,SILVER/AMETHYST DROP EARRINGS LEAF,0.0000,8.8800,-8.8800,-1.0000,0,False
90194,SILVER LARIAT BLACK STONE EARRINGS,0.0000,4.2400,-4.2400,-1.0000,0,False
90195B,BLACK GEMSTONE BRACELET,0.0000,17.9000,-17.9000,-1.0000,0,False
20702,PINK PADDED MOBILE,0.0000,55.2500,-55.2500,-1.0000,0,False
20716,PARTY FOOD SHOPPER BAG,0.0000,6.2600,-6.2600,-1.0000,0,False
20731,POSY CANDY BAG,0.0000,1.2500,-1.2500,-1.0000,0,False
20734,SILVER MINI TAPE MEASURE,0.0000,15.0600,-15.0600,-1.0000,0,False
21811,HANGING HEART WITH BELL,0.0000,150.1100,-150.1100,-1.0000,0,False
20752,BLUE POLKADOT WASHING UP GLOVES,0.0000,54.6400,-54.6400,-1.0000,0,False
20754,RETROSPOT RED WASHING UP GLOVES,0.0000,145.0000,-145.0000,-1.0000,0,False
20757,RED DAISY POCKET BOOK,0.0000,16.1500,-16.1500,-1.0000,0,False
20663,QUEEN OF THE SKIES HOLIDAY PURSE,0.0000,5.0200,-5.0200,-1.0000,0,False
20671,BLUE TEATIME PRINT BOWL,0.0000,2.5000,-2.5000,-1.0000,0,False
20681,PINK SPOTTY CHILDS UMBRELLA,0.0000,99.3900,-99.3900,-1.0000,0,False
20684,STRAWBERRY DREAM CHILDS UMBRELLA,0.0000,23.5600,-23.5600,-1.0000,0,False
20695,FLORAL BLUE MONSTER,0.0000,4.2500,-4.2500,-1.0000,0,False
20696,FLORAL SOFT CAR TOY,0.0000,15.2400,-15.2400,-1.0000,0,False
20697,LITTLE GREEN MONSTER SOFT TOY,0.0000,5.1000,-5.1000,-1.0000,0,False
20748,KENSINGTON COFFEE SET,0.0000,38.2500,-38.2500,-1.0000,0,False
17007B,S/3 POT POURI CUSHIONS BLUE COLOURS,0.0000,25.2000,-25.2000,-1.0000,0,False
17011F,ORIGAMI SANDLEWOOD INCENSE+FLOWER,0.0000,4.2100,-4.2100,-1.0000,0,False
17012B,ORIGAMI JASMINE INCENSE/CANDLE SET,0.0000,15.0600,-15.0600,-1.0000,0,False
17012E,ORIGAMI OPIUM INCENSE/CANDLE SET,0.0000,15.0600,-15.0600,-1.0000,0,False
17013D,ORIGAMI ROSE INCENSE IN TUBE,0.0000,3.3600,-3.3600,-1.0000,0,False
10124G,ARMY CAMO BOOKCOVER TAPE,0.0000,2.1000,-2.1000,-1.0000,0,False
10133,COLOURING PENCILS BROWN TUBE,0.0000,19.5100,-19.5100,-1.0000,0,False
15044B,BLUE PAPER PARASOL,0.0000,11.8100,-11.8100,-1.0000,0,False
15056n,EDWARDIAN PARASOL NATURAL,0.0000,50.8800,-50.8800,-1.0000,0,False
15060B,FAIRY CAKE DESIGN UMBRELLA,0.0000,106.1000,-106.1000,-1.0000,0,False
90185C,BLACK DIAMANTE EXPANDABLE RING,0.0000,16.9900,-16.9900,-1.0000,0,False
16046,TEATIME PEN CASE & PENS,0.0000,0.8500,-0.8500,-1.0000,0,False
16052,TEATIME PUSH DOWN RUBBER,0.0000,1.6800,-1.6800,-1.0000,0,False
90196A,PURPLE GEMSTONE NECKLACE 45CM,0.0000,12.7500,-12.7500,-1.0000,0,False
90196B,BLACK GEMSTONE NECKLACE 45CM,0.0000,12.7500,-12.7500,-1.0000,0,False
90199A,5 STRAND GLASS NECKLACE BLACK,0.0000,19.0700,-19.0700,-1.0000,0,False
90199C,5 STRAND GLASS NECKLACE CRYSTAL,0.0000,38.1000,-38.1000,-1.0000,0,False
90200C,BLUE SWEETHEART BRACELET,0.0000,21.2100,-21.2100,-1.0000,0,False
10002,INFLATABLE POLITICAL GLOBE,0.0000,112.3700,-112.3700,-1.0000,0,False
10123C,HEARTS WRAPPING TAPE,0.0000,0.6500,-0.6500,-1.0000,0,False
10124A,SPOTS ON RED BOOKCOVER TAPE,0.0000,1.6800,-1.6800,-1.0000,0,False
90185A,AMBER DIAMANTE EXPANDABLE RING,0.0000,4.2400,-4.2400,-1.0000,0,False
16010,FOLDING CAMPING SCISSOR W/KNIF & S,0.0000,1.4400,-1.4400,-1.0000,0,False
20998,ROSE DU SUD OVEN GLOVE,0.0000,21.0600,-21.0600,-1.0000,0,False
20878,SET/9 CHRISTMAS T-LIGHTS SCENTED,0.0000,31.2500,-31.2500,-1.0000,0,False
20886,BOX OF 9 PEBBLE CANDLES,0.0000,33.3700,-33.3700,-1.0000,0,False
20892,SET/3 TALL GLASS CANDLE HOLDER PINK,0.0000,63.7300,-63.7300,-1.0000,0,False
20897,VINTAGE NOTEBOOK PARIS DAYS,0.0000,17.7000,-17.7000,-1.0000,0,False
20902,VINTAGE KEEPSAKE BOX PARIS DAYS,0.0000,63.5800,-63.5800,-1.0000,0,False
20903,VINTAGE KEEPSAKE BOX TRAVELOGUE,0.0000,12.7000,-12.7000,-1.0000,0,False
20906,VINTAGE NOTEBOOK BEAUTY GIRL,0.0000,2.9500,-2.9500,-1.0000,0,False
20910,VINTAGE PHOTO ALBUM PARIS DAYS,0.0000,12.7000,-12.7000,-1.0000,0,False
20819,SILVER TEDDY BEAR,0.0000,3.7500,-3.7500,-1.0000,0,False
20700,GREEN CAT FLORAL CUSHION COVER,0.0000,10.1700,-10.1700,-1.0000,0,False
20835,FRENCH LATTICE CUSHION COVER,0.0000,11.0200,-11.0200,-1.0000,0,False
20847,ZINC HEART LATTICE CHARGER LARGE,0.0000,7.6200,-7.6200,-1.0000,0,False
20854,BLUE PATCH PURSE PINK HEART,0.0000,24.7500,-24.7500,-1.0000,0,False
20856,DENIM PATCH PURSE PINK BUTTERFLY,0.0000,14.8500,-14.8500,-1.0000,0,False
20857,BLUE ROSE PATCH PURSE PINK BUTTERFL,0.0000,9.9000,-9.9000,-1.0000,0,False
20861,GOLD COSMETIC BAG PINK STAR,0.0000,2.1000,-2.1000,-1.0000,0,False
20760,GARDEN PATH POCKET BOOK,0.0000,0.8500,-0.8500,-1.0000,0,False
20770,ABSTRACT CIRCLE JOURNAL,0.0000,20.1600,-20.1600,-1.0000,0,False
20773,BLUE PAISLEY NOTEBOOK,0.0000,16.5000,-16.5000,-1.0000,0,False
20774,GREEN FERN NOTEBOOK,0.0000,9.9000,-9.9000,-1.0000,0,False
20798,CLEAR MILKSHAKE GLASS,0.0000,29.4000,-29.4000,-1.0000,0,False
20820,SILVER LOOKING MIRROR,0.0000,14.8500,-14.8500,-1.0000,0,False
18007,ESSENTIAL BALM 3.5g TIN IN ENVELOPE,0.0000,4.9300,-4.9300,-1.0000,0,False
18094C,WHITE AND BLUE CERAMIC OIL BURNER,0.0000,16.2500,-16.2500,-1.0000,0,False
18097A,PINK TALL PORCELAIN T-LIGHT HOLDER,0.0000,2.5500,-2.5500,-1.0000,0,False
18098C,PORCELAIN BUTTERFLY OIL BURNER,0.0000,103.3300,-103.3300,-1.0000,0,False
18098c,PORCELAIN BUTTERFLY OIL BURNER,0.0000,106.2600,-106.2600,-1.0000,0,False
20657,TROPICAL LUGGAGE TAG,0.0000,1.2500,-1.2500,-1.0000,0,False
20658,RED SPOTTY LUGGAGE TAG,0.0000,35.0600,-35.0600,-1.0000,0,False
20662,FIRST CLASS HOLIDAY PURSE,0.0000,5.0200,-5.0200,-1.0000,0,False
17014A,ORIGAMI VANILLA INCENSE CONES,0.0000,3.3600,-3.3600,-1.0000,0,False
17084J,LOVE POTION MASALA INCENSE,0.0000,5.2500,-5.2500,-1.0000,0,False
20984,12 PENCILS TALL TUBE POSY,0.0000,6.8000,-6.8000,-1.0000,0,False
17090D,VANILLA INCENSE 40 CONES IN TIN,0.0000,8.7500,-8.7500,-1.0000,0,False
17091A,LAVENDER INCENSE IN TIN,0.0000,8.7500,-8.7500,-1.0000,0,False
17096,ASSORTED LAQUERED INCENSE HOLDERS,0.0000,0.4300,-0.4300,-1.0000,0,False
17109D,FLOWER FAIRY INCENSE BOUQUET,0.0000,3.3800,-3.3800,-1.0000,0,False
17164B,ASS COL SMALL SAND GECKO P'WEIGHT,0.0000,0.8400,-0.8400,-1.0000,0,False
20941,FROG CANDLE,0.0000,2.5100,-2.5100,-1.0000,0,False
20960,WATERMELON BATH SPONGE,0.0000,20.0800,-20.0800,-1.0000,0,False
20966,SANDWICH BATH SPONGE,0.0000,157.8900,-157.8900,-1.0000,0,False
20967,GREY FLORAL FELTCRAFT SHOULDER BAG,0.0000,292.7400,-292.7400,-1.0000,0,False
20977,36 PENCILS TUBE WOODLAND,0.0000,48.7500,-48.7500,-1.0000,0,False
20980,36 PENCILS TUBE POSY,0.0000,1.2500,-1.2500,-1.0000,0,False
17090A,LAVENDER INCENSE 40 CONES IN TIN,0.0000,38.1000,-38.1000,-1.0000,0,False
85018D,YULETIDE IMAGES S/6 PAPER BOXES,0.0000,22.9500,-22.9500,-1.0000,0,False
85019C,CURIOUS  IMAGES NOTEBOOK SET,0.0000,12.7500,-12.7500,-1.0000,0,False
85024C,PINK SMALL JEWELLED PHOTOFRAME,0.0000,1.6500,-1.6500,-1.0000,0,False
90074,BLACK DIAMOND CLUSTER NECKLACE,0.0000,9.7700,-9.7700,-1.0000,0,False
84968C,SET OF 16 VINTAGE PISTACHIO CUTLERY,0.0000,101.9900,-101.9900,-1.0000,0,False
84968F,SET OF 16 VINTAGE SKY BLUE CUTLERY,0.0000,50.9900,-50.9900,-1.0000,0,False
84975,HEART SHAPED MIRROR,0.0000,8.4500,-8.4500,-1.0000,0,False
84985A,SET OF 72 GREEN PAPER DOILIES,0.0000,11.6000,-11.6000,-1.0000,0,False
84989a,75 GREEN FAIRY CAKE CASES,0.0000,2.1300,-2.1300,-1.0000,0,False
84993B,75 BLACK PETIT FOUR CASES,0.0000,5.4600,-5.4600,-1.0000,0,False
16169N,WRAP BLUE RUSSIAN FOLKART,0.0000,10.5000,-10.5000,-1.0000,0,False
85014a,BLACK/BLUE POLKADOT UMBRELLA,0.0000,25.4400,-25.4400,-1.0000,0,False
84925D,LA PALMIERA WALL THERMOMETER,0.0000,2.5500,-2.5500,-1.0000,0,False
84925F,PSYCHEDELIC WALL THERMOMETER,0.0000,2.5500,-2.5500,-1.0000,0,False
84927A,WAKE UP COCKEREL TILE HOOK,0.0000,4.2100,-4.2100,-1.0000,0,False
84927D,LA PALMIERA TILE HOOK,0.0000,4.2100,-4.2100,-1.0000,0,False
84944,SET OF 6 KASHMIR FOLKART BAUBLES,0.0000,76.5000,-76.5000,-1.0000,0,False
84952A,CLEAR LOVE BIRD T-LIGHT HOLDER,0.0000,67.5000,-67.5000,-1.0000,0,False
84952C,MIRROR LOVE BIRD T-LIGHT HOLDER,0.0000,52.5000,-52.5000,-1.0000,0,False
84963A,PINK PAINTED KASHMIRI CHAIR,0.0000,171.8000,-171.8000,-1.0000,0,False
84898F,YELLOW FLOWERS FELT HANDBAG KIT,0.0000,14.7000,-14.7000,-1.0000,0,False
85008,SET OF 3 CONEY ISLAND OVAL BOXES,0.0000,10.1700,-10.1700,-1.0000,0,False
90082D,DIAMANTE BOW BROOCH BLACK COLOUR,0.0000,38.1000,-38.1000,-1.0000,0,False
90096,NECKLACE+BRACELET SET BLUE BLOSSOM,0.0000,22.8300,-22.8300,-1.0000,0,False
90104,PURPLE FRANGIPANI HAIRCLIP,0.0000,3.3200,-3.3200,-1.0000,0,False
85232B,SET/3 RUSSIAN DOLL STACKING TINS,0.0000,99.0000,-99.0000,-1.0000,0,False
90000B,MIDNIGHT BLUE COPPER FLOWER NECKLAC,0.0000,6.3700,-6.3700,-1.0000,0,False
90000D,COPPER/OLIVE GREEN FLOWER NECKLACE,0.0000,19.1100,-19.1100,-1.0000,0,False
90001C,ANTIQUE OPAL WHITE FLOWER EARRINGS,0.0000,4.2400,-4.2400,-1.0000,0,False
85036A,GARDENIA 1 WICK MORRIS BOXED CANDLE,0.0000,12.7500,-12.7500,-1.0000,0,False
85036B,CHOCOLATE 1 WICK MORRIS BOX CANDLE,0.0000,25.5000,-25.5000,-1.0000,0,False
85036C,ROSE 1 WICK MORRIS BOXED CANDLE,0.0000,12.7500,-12.7500,-1.0000,0,False
85017C,ENVELOPE 50 CURIOUS IMAGES,0.0000,4.2500,-4.2500,-1.0000,0,False
85040B,SET/4 BLUE FLOWER CANDLES IN BOWL,0.0000,6.7200,-6.7200,-1.0000,0,False
85045,GREEN CHRISTMAS TREE STRING 20LIGHT,0.0000,24.7500,-24.7500,-1.0000,0,False
84921,CREAM AND PINK FLOWERS PONY,0.0000,3.7500,-3.7500,-1.0000,0,False
85144,JARDIN ETCHED GLASS CHEESE DISH,0.0000,7.2500,-7.2500,-1.0000,0,False
85025C,PINK HEART SHAPE PHOTO FRAME,0.0000,16.6200,-16.6200,-1.0000,0,False
85078,SCANDINAVIAN 3 HEARTS NAPKIN RING,0.0000,27.4200,-27.4200,-1.0000,0,False
90212C,PURPLE LAS VEGAS BRACELET ROUND,0.0000,11.2500,-11.2500,-1.0000,0,False
90051,CRACKED GLAZE NECKLACE RED,0.0000,14.1700,-14.1700,-1.0000,0,False
85016,SET OF 6 VINTAGE NOTELETS KIT,0.0000,22.8300,-22.8300,-1.0000,0,False
85017A,ENVELOPE 50 ROMANTIC IMAGES,0.0000,7.6500,-7.6500,-1.0000,0,False
85017B,ENVELOPE 50 BLOSSOM IMAGES,0.0000,15.3000,-15.3000,-1.0000,0,False
85036b,CHOCOLATE 1 WICK MORRIS BOX CANDLE,0.0000,8.4700,-8.4700,-1.0000,0,False
90027A,GLASS BEAD HOOP EARRINGS BLACK,0.0000,2.9600,-2.9600,-1.0000,0,False
90028,NEW BAROQUE LARGE NECKLACE BLK/WHIT,0.0000,16.9800,-16.9800,-1.0000,0,False
90034,WHITE SILVER NECKLACE SHELL GLASS,0.0000,10.1900,-10.1900,-1.0000,0,False
90036F,"FLOWER GLASS GARLD NECKL36""TURQUOIS",0.0000,16.1400,-16.1400,-1.0000,0,False
90040B,MURANO STYLE GLASS BRACELET BLACK,0.0000,7.6200,-7.6200,-1.0000,0,False
90050,CRACKED GLAZE NECKLACE IVORY,0.0000,6.9500,-6.9500,-1.0000,0,False
90001D,ANTIQUE OLIVE GREEN FLOWER EARRINGS,0.0000,4.2400,-4.2400,-1.0000,0,False
90002D,FLOWER BURST SILVER RING CRYSTAL,0.0000,22.5000,-22.5000,-1.0000,0,False
90003B,ROSE COLOUR PAIR HEART HAIR SLIDES,0.0000,3.8100,-3.8100,-1.0000,0,False
90005A,JADE GREEN ENAMEL HAIR COMB,0.0000,4.2200,-4.2200,-1.0000,0,False
84906,PINK B'FLY C/COVER W BOBBLES,0.0000,5.9500,-5.9500,-1.0000,0,False
90013B,BLACK VINTAGE EARRINGS,0.0000,12.7200,-12.7200,-1.0000,0,False
90014B,GOLD M PEARL  ORBIT NECKLACE,0.0000,10.6200,-10.6200,-1.0000,0,False
90173,PAIR BUTTERFLY HAIR CLIPS,0.0000,30.2400,-30.2400,-1.0000,0,False
90175B,PINK GLASS CHUNKY CHARM BRACELET,0.0000,9.3400,-9.3400,-1.0000,0,False
90175C,BLUE GLASS CHUNKY CHARM BRACELET,0.0000,17.9000,-17.9000,-1.0000,0,False
90177E,DROP DIAMANTE EARRINGS GREEN,0.0000,2.9600,-2.9600,-1.0000,0,False
90178A,AMBER CHUNKY GLASS+BEAD NECKLACE,0.0000,23.9000,-23.9000,-1.0000,0,False
90180A,BLACK+WHITE NECKLACE W TASSEL,0.0000,9.9500,-9.9500,-1.0000,0,False
90184A,AMBER CHUNKY BEAD BRACELET W STRAP,0.0000,44.7500,-44.7500,-1.0000,0,False
16161M,WRAP  PINK FLOCK,0.0000,10.5000,-10.5000,-1.0000,0,False
16169K,WRAP FOLK ART,0.0000,10.5000,-10.5000,-1.0000,0,False
90010B,BLACK/WHITE GLASS/SILVER BRACELET,0.0000,8.9500,-8.9500,-1.0000,0,False
84910A,PINK PAISLEY CUSHION COVER,0.0000,11.9000,-11.9000,-1.0000,0,False
84912A,PINK ROSE WASHBAG,0.0000,7.5000,-7.5000,-1.0000,0,False
84913A,SOFT PINK ROSE TOWEL,0.0000,43.6800,-43.6800,-1.0000,0,False
84916,HAND TOWEL PALE BLUE W FLOWERS,0.0000,14.3700,-14.3700,-1.0000,0,False
84917,WHITE HAND TOWEL WITH BUTTERFLY,0.0000,8.4200,-8.4200,-1.0000,0,False
90060D,FIRE POLISHED GLASS NECKL BRONZE,0.0000,5.9500,-5.9500,-1.0000,0,False
90132,LIGHT TOPAZ TEAL/AQUA COL NECKLACE,0.0000,5.0900,-5.0900,-1.0000,0,False
90140,PINK SWEETIE NECKLACE,0.0000,7.6400,-7.6400,-1.0000,0,False
90141A,GREEN PENDANT TRIPLE SHELL NECKLACE,0.0000,5.5100,-5.5100,-1.0000,0,False
90151,SILVER/NATURAL SHELL NECKLACE,0.0000,8.5000,-8.5000,-1.0000,0,False
90024C,NEW BAROQUE B'FLY NECKLACE GREEN,0.0000,8.4900,-8.4900,-1.0000,0,False
90162B,ANT SILVER LIME GREEN BOUDICCA RING,0.0000,2.9500,-2.9500,-1.0000,0,False
90162D,ANT SILVER PURPLE BOUDICCA RING,0.0000,2.9500,-2.9500,-1.0000,0,False
90167,BEADED LOVE HEART JEWELLERY SET,0.0000,8.5000,-8.5000,-1.0000,0,False
90124B,BLUE MURANO TWIST NECKLACE,0.0000,10.1700,-10.1700,-1.0000,0,False
90128B,BLUE LEAVES AND BEADS PHONE CHARM,0.0000,1.2500,-1.2500,-1.0000,0,False
90129A,PINK GLASS TASSLE BAG CHARM,0.0000,8.3000,-8.3000,-1.0000,0,False
90129D,AMBER GLASS TASSLE BAG CHARM,0.0000,1.6600,-1.6600,-1.0000,0,False
90129E,PURPLE GLASS TASSLE BAG CHARM,0.0000,6.6400,-6.6400,-1.0000,0,False
90115,SUMMER BUTTERFLIES BAG CHARM,0.0000,17.5700,-17.5700,-1.0000,0,False
90120A,PINK MURANO TWIST BRACELET,0.0000,4.2400,-4.2400,-1.0000,0,False
90023,FILIGREE DIAMANTE EARRINGS,0.0000,4.2400,-4.2400,-1.0000,0,False
90152B,BLUE/GREEN SHELL NECKLACE W PENDANT,0.0000,5.9500,-5.9500,-1.0000,0,False
21651,HANGING GLASS ETCHED TEALIGHT,0.0000,56.2200,-56.2200,-1.0000,0,False
21654,RIDGED GLASS FINGER BOWL,0.0000,8.7000,-8.7000,-1.0000,0,False
21656,RIDGED GLASS POSY VASE,0.0000,13.4400,-13.4400,-1.0000,0,False
21657,MILK BOTTLE WITH GLASS STOPPER,0.0000,97.8300,-97.8300,-1.0000,0,False
21658,GLASS  BEURRE DISH,0.0000,120.7800,-120.7800,-1.0000,0,False
21662,VINTAGE GLASS COFFEE CADDY,0.0000,41.5600,-41.5600,-1.0000,0,False
21664,RIDGED GLASS STORAGE JAR CREAM LID,0.0000,33.7500,-33.7500,-1.0000,0,False
21686,MEDINA STAMPED METAL STOOL,0.0000,39.9500,-39.9500,-1.0000,0,False
21627,ELEPHANT CARNIVAL POUFFE,0.0000,74.6400,-74.6400,-1.0000,0,False
21632,VINTAGE PINK DECORATIVE PARASOL,0.0000,25.4900,-25.4900,-1.0000,0,False
20801,LARGE PINK GLASS SUNDAE DISH,0.0000,10.1200,-10.1200,-1.0000,0,False
21635,MADRAS NOTEBOOK LARGE,0.0000,18.7500,-18.7500,-1.0000,0,False
21641,ASSORTED TUTTI FRUTTI KEYRING BALL,0.0000,11.6200,-11.6200,-1.0000,0,False
21643,ASSORTED TUTTI FRUTTI MIRROR,0.0000,31.3600,-31.3600,-1.0000,0,False
21644,ASSORTED TUTTI FRUTTI HEART BOX,0.0000,2.5000,-2.5000,-1.0000,0,False
21647,ASSORTED TUTTI FRUTTI LARGE PURSE,0.0000,6.3000,-6.3000,-1.0000,0,False
21847,GREEN  DIAMANTE PEN IN GIFT BOX,0.0000,4.2100,-4.2100,-1.0000,0,False
21870,I CAN ONLY PLEASE ONE PERSON MUG,0.0000,357.1000,-357.1000,-1.0000,0,False
21882,SKULLS TAPE,0.0000,4.2600,-4.2600,-1.0000,0,False
21895,POTTING SHED SOW 'N' GROW SET,0.0000,4.2500,-4.2500,-1.0000,0,False
21904,HOUSE WRECKING METAL SIGN,0.0000,4.2000,-4.2000,-1.0000,0,False
21634,ASSORTED MINI MADRAS NOTEBOOK,0.0000,5.0200,-5.0200,-1.0000,0,False
21397,BLUE  SPOTTY EGG CUP,0.0000,21.7200,-21.7200,-1.0000,0,False
21398,RED POLKADOT COFFEE  MUG,0.0000,10.5100,-10.5100,-1.0000,0,False
21399,BLUE POLKADOT COFFEE MUG,0.0000,4.2000,-4.2000,-1.0000,0,False
21407,BROWN CHECK CAT DOORSTOP,0.0000,101.8200,-101.8200,-1.0000,0,False
21410,COUNTRY COTTAGE  DOORSTOP GREEN,0.0000,8.4700,-8.4700,-1.0000,0,False
21413,PERIWINKLE T-LIGHT HOLDER,0.0000,18.8200,-18.8200,-1.0000,0,False
21416,CLAM SHELL LARGE,0.0000,3.7500,-3.7500,-1.0000,0,False
21725,SWEETIES  STICKERS,0.0000,22.6700,-22.6700,-1.0000,0,False
21735,TWO DOOR CURIO CABINET,0.0000,339.3000,-339.3000,-1.0000,0,False
21738,COSY SLIPPER SHOES SMALL  RED,0.0000,70.8300,-70.8300,-1.0000,0,False
21720,CAKE SHOP  STICKER SHEET,0.0000,11.0500,-11.0500,-1.0000,0,False
21743,STAR PORTABLE TABLE LIGHT,0.0000,389.3800,-389.3800,-1.0000,0,False
21744,SNOWFLAKE PORTABLE TABLE LIGHT,0.0000,85.5900,-85.5900,-1.0000,0,False
21746,SMALL RED RETROSPOT WINDMILL,0.0000,8.7800,-8.7800,-1.0000,0,False
21749,LARGE RED RETROSPOT WINDMILL,0.0000,8.4200,-8.4200,-1.0000,0,False
21688,SILVER PLATE CANDLE BOWL SMALL,0.0000,129.8100,-129.8100,-1.0000,0,False
21690,SILVER  CANDLEPOT JARDIN,0.0000,30.0000,-30.0000,-1.0000,0,False
21692,SILVER LATTICE VANILLA CANDLE POT,0.0000,30.0000,-30.0000,-1.0000,0,False
21696,SMALL SILVER TRELLIS CANDLEPOT,0.0000,59.0100,-59.0100,-1.0000,0,False
21710,FOLDING UMBRELLA PINKWHITE POLKADOT,0.0000,30.2400,-30.2400,-1.0000,0,False
21711,FOLDING UMBRELLA WHITE/RED POLKADOT,0.0000,15.1200,-15.1200,-1.0000,0,False
21717,EASTER TIN BUCKET,0.0000,5.0600,-5.0600,-1.0000,0,False
21741,COSY SLIPPER SHOES LARGE GREEN,0.0000,94.4100,-94.4100,-1.0000,0,False
21785,RAIN PONCHO,0.0000,4.2100,-4.2100,-1.0000,0,False
21792,CLASSIC FRENCH STYLE BASKET GREEN,0.0000,13.5700,-13.5700,-1.0000,0,False
21794,CLASSIC FRENCH STYLE BASKET NATURAL,0.0000,20.3200,-20.3200,-1.0000,0,False
22184,CAKE STAND VICTORIAN FILIGREE LARGE,0.0000,93.1700,-93.1700,-1.0000,0,False
22194,BLACK DINER WALL CLOCK,0.0000,25.5000,-25.5000,-1.0000,0,False
22198,LARGE POPCORN HOLDER,0.0000,717.2500,-717.2500,-1.0000,0,False
22202,MILK PAN PINK RETROSPOT,0.0000,63.8700,-63.8700,-1.0000,0,False
22236,CAKE STAND 3 TIER MAGIC GARDEN,0.0000,131.4000,-131.4000,-1.0000,0,False
22241,GARLAND WOODEN HAPPY EASTER,0.0000,2.5000,-2.5000,-1.0000,0,False
22242,"HOOK, 5 HANGER , MAGIC TOADSTOOL",0.0000,90.8100,-90.8100,-1.0000,0,False
21910,WAY OUT METAL SIGN,0.0000,1.6500,-1.6500,-1.0000,0,False
22157,ANGEL DECORATION WITH LACE PADDED,0.0000,22.9500,-22.9500,-1.0000,0,False
22162,HEART GARLAND RUSTIC PADDED,0.0000,130.7100,-130.7100,-1.0000,0,False
22164,STRING OF STARS CARD HOLDER,0.0000,23.6100,-23.6100,-1.0000,0,False
22168,ORGANISER WOOD ANTIQUE WHITE,0.0000,85.0000,-85.0000,-1.0000,0,False
22176,BLUE OWL SOFT TOY,0.0000,32.4600,-32.4600,-1.0000,0,False
22180,RETROSPOT LAMP,0.0000,299.8300,-299.8300,-1.0000,0,False
22181,SNOWSTORM PHOTO FRAME FRIDGE MAGNET,0.0000,24.6100,-24.6100,-1.0000,0,False
22183,CAKE STAND VICTORIAN FILIGREE MED,0.0000,132.5100,-132.5100,-1.0000,0,False
22060,LARGE CAKE STAND HANGING HEARTS,0.0000,19.9000,-19.9000,-1.0000,0,False
22073,RED RETROSPOT STORAGE JAR,0.0000,114.2400,-114.2400,-1.0000,0,False
22088,PAPER BUNTING COLOURED LACE,0.0000,26.5600,-26.5600,-1.0000,0,False
22243,5 HOOK HANGER RED MAGIC TOADSTOOL,0.0000,66.0000,-66.0000,-1.0000,0,False
21911,GARDEN METAL SIGN,0.0000,39.8400,-39.8400,-1.0000,0,False
21973,SET OF 36 MUSHROOM PAPER DOILIES,0.0000,8.7000,-8.7000,-1.0000,0,False
21823,PAINTED METAL HEART WITH HOLLY BELL,0.0000,20.5400,-20.5400,-1.0000,0,False
21824,PAINTED METAL STAR WITH HOLLY BELLS,0.0000,27.6300,-27.6300,-1.0000,0,False
21826,EIGHT PIECE DINOSAUR SET,0.0000,41.3500,-41.3500,-1.0000,0,False
21827,EIGHT PIECE CREEPY CRAWLIE SET,0.0000,6.2500,-6.2500,-1.0000,0,False
21829,DINOSAUR KEYRINGS ASSORTED,0.0000,27.5900,-27.5900,-1.0000,0,False
21830,ASSORTED CREEPY CRAWLIES,0.0000,144.9400,-144.9400,-1.0000,0,False
21836,GINGHAM OVEN GLOVE RED HEART,0.0000,3.7500,-3.7500,-1.0000,0,False
21845,DAIRY MAID STRIPE MUG,0.0000,53.1000,-53.1000,-1.0000,0,False
21784,SHOE SHINE BOX,0.0000,59.7000,-59.7000,-1.0000,0,False
21802,CHRISTMAS TREE HEART DECORATION,0.0000,133.5100,-133.5100,-1.0000,0,False
21807,WHITE CHRISTMAS STAR DECORATION,0.0000,69.7200,-69.7200,-1.0000,0,False
90077,BLACK DIAMOND CLUSTER EARRINGS,0.0000,2.9600,-2.9600,-1.0000,0,False
21814,HEART T-LIGHT HOLDER,0.0000,23.2800,-23.2800,-1.0000,0,False
21815,STAR  T-LIGHT HOLDER,0.0000,98.1900,-98.1900,-1.0000,0,False
21816,CHRISTMAS TREE T-LIGHT HOLDER,0.0000,2.9000,-2.9000,-1.0000,0,False
21817,GLITTER CHRISTMAS TREE,0.0000,62.0500,-62.0500,-1.0000,0,False
21750,LARGE SKULL WINDMILL,0.0000,12.6300,-12.6300,-1.0000,0,False
21769,VINTAGE POST OFFICE CABINET,0.0000,607.6500,-607.6500,-1.0000,0,False
21777,RECIPE BOX WITH METAL HEART,0.0000,95.4000,-95.4000,-1.0000,0,False
21781,MA CAMPAGNE CUTLERY BOX,0.0000,74.7500,-74.7500,-1.0000,0,False
21801,CHRISTMAS TREE DECORATION WITH BELL,0.0000,146.7500,-146.7500,-1.0000,0,False
21067,VINTAGE RED TEATIME MUG,0.0000,35.0200,-35.0200,-1.0000,0,False
21069,VINTAGE BILLBOARD TEA MUG,0.0000,67.5600,-67.5600,-1.0000,0,False
21071,VINTAGE BILLBOARD DRINK ME MUG,0.0000,210.6100,-210.6100,-1.0000,0,False
21002,ROSE DU SUD DRAWSTRING BAG,0.0000,36.9600,-36.9600,-1.0000,0,False
21011,GLITTER SNOW PEAR TREE DECORATION,0.0000,26.1000,-26.1000,-1.0000,0,False
21014,SWISS CHALET TREE DECORATION,0.0000,110.5700,-110.5700,-1.0000,0,False
21018,BIRD BOX CHRISTMAS TREE DECORATION,0.0000,17.8500,-17.8500,-1.0000,0,False
21027,NINJA RABBIT PINK,0.0000,3.7600,-3.7600,-1.0000,0,False
21030,SPACE CADET RED,0.0000,1.2500,-1.2500,-1.0000,0,False
21031,SPACE CADET BLACK,0.0000,3.7600,-3.7600,-1.0000,0,False
21393,BLUE  SPOTTY PUDDING BOWL,0.0000,18.9000,-18.9000,-1.0000,0,False
21359,RELAX LARGE WOOD LETTERS,0.0000,34.0000,-34.0000,-1.0000,0,False
21360,JOY LARGE WOOD LETTERS,0.0000,19.9000,-19.9000,-1.0000,0,False
21361,LOVE LARGE WOOD LETTERS,0.0000,299.0800,-299.0800,-1.0000,0,False
21363,HOME SMALL WOOD LETTERS,0.0000,137.0100,-137.0100,-1.0000,0,False
21364,PEACE SMALL WOOD LETTERS,0.0000,33.7500,-33.7500,-1.0000,0,False
21372,MIRRORED WALL ART TABLE LAMP,0.0000,8.8600,-8.8600,-1.0000,0,False
21391,FRENCH LAVENDER SCENT HEART,0.0000,16.8400,-16.8400,-1.0000,0,False
21392,RED SPOTTY PUDDING BOWL,0.0000,6.3000,-6.3000,-1.0000,0,False
21316,SMALL CHUNKY GLASS ROMAN  BOWL,0.0000,5.9100,-5.9100,-1.0000,0,False
21319,GLASS CHALICE GREEN  SMALL,0.0000,6.7200,-6.7200,-1.0000,0,False
21032,SPACE CADET WHITE,0.0000,2.5000,-2.5000,-1.0000,0,False
20802,SMALL GLASS SUNDAE DISH CLEAR,0.0000,33.2400,-33.2400,-1.0000,0,False
20803,SMALL PINK GLASS SUNDAE DISH,0.0000,13.4400,-13.4400,-1.0000,0,False
21163,DO NOT TOUCH MY STUFF DOOR HANGER,0.0000,29.9200,-29.9200,-1.0000,0,False
21171,BATHROOM METAL SIGN,0.0000,20.7600,-20.7600,-1.0000,0,False
21179,NO JUNK MAIL METAL SIGN,0.0000,31.2500,-31.2500,-1.0000,0,False
21187,WHITE BELL HONEYCOMB PAPER GARLAND,0.0000,137.4900,-137.4900,-1.0000,0,False
21188,3D HEARTS  HONEYCOMB PAPER GARLAND,0.0000,17.7300,-17.7300,-1.0000,0,False
21190,PINK HEARTS PAPER GARLAND,0.0000,162.8000,-162.8000,-1.0000,0,False
21192,WHITE BELL HONEYCOMB PAPER,0.0000,121.5900,-121.5900,-1.0000,0,False
21195,PINK  HONEYCOMB PAPER BALL,0.0000,42.0700,-42.0700,-1.0000,0,False
21054,NURSE'S BAG SOFT TOY,0.0000,71.6000,-71.6000,-1.0000,0,False
21089,SET/6 GREEN SPRING PAPER CUPS,0.0000,1.3000,-1.3000,-1.0000,0,False
21095,SET/6 POSIES PAPER PLATES,0.0000,6.8000,-6.8000,-1.0000,0,False
21100,CHARLIE AND LOLA CHARLOTTE BAG,0.0000,13.3700,-13.3700,-1.0000,0,False
21110,LARGE CAKE TOWEL PINK SPOTS,0.0000,81.1400,-81.1400,-1.0000,0,False
21143,ANTIQUE GLASS HEART DECORATION,0.0000,336.6800,-336.6800,-1.0000,0,False
21157,RED SPOTTY WASHBAG,0.0000,63.0900,-63.0900,-1.0000,0,False
21161,KEEP OUT BOYS DOOR HANGER,0.0000,37.1700,-37.1700,-1.0000,0,False
21033,JUMBO BAG CHARLIE AND LOLA TOYS,0.0000,102.4400,-102.4400,-1.0000,0,False
21038,SET/4 MODERN VINTAGE COTTON NAPKINS,0.0000,11.8000,-11.8000,-1.0000,0,False
21040,MODERN VINTAGE COTTON SHOPPING BAG,0.0000,2.5500,-2.5500,-1.0000,0,False
21041,RED RETROSPOT OVEN GLOVE DOUBLE,0.0000,183.0300,-183.0300,-1.0000,0,False
21078,SET/20 STRAWBERRY PAPER NAPKINS,0.0000,19.3900,-19.3900,-1.0000,0,False
21595,Dad's Cab Electronic Meter,0.0000,16.9400,-16.9400,-1.0000,0,False
21609,SET 12 LAVENDER  BOTANICAL T-LIGHTS,0.0000,41.3100,-41.3100,-1.0000,0,False
21613,S/12 VANILLA  BOTANICAL T-LIGHTS,0.0000,11.8000,-11.8000,-1.0000,0,False
21617,4 LILY  BOTANICAL DINNER CANDLES,0.0000,60.0000,-60.0000,-1.0000,0,False
21618,4 WILDFLOWER BOTANICAL CANDLES,0.0000,18.8700,-18.8700,-1.0000,0,False
21626,VINTAGE UNION JACK PENNANT,0.0000,36.0300,-36.0300,-1.0000,0,False
21488,RED WHITE SCARF  HOT WATER BOTTLE,0.0000,481.6500,-481.6500,-1.0000,0,False
21518,BANK ACCOUNT  GREETING  CARD,0.0000,5.0400,-5.0400,-1.0000,0,False
21527,RED RETROSPOT TRADITIONAL TEAPOT,0.0000,429.1500,-429.1500,-1.0000,0,False
21538,DAIRY MAID  PUDDING BOWL,0.0000,15.0000,-15.0000,-1.0000,0,False
21324,HANGING MEDINA LANTERN SMALL,0.0000,29.5100,-29.5100,-1.0000,0,False
21547,CERAMIC BIRDHOUSE CRESTED TIT SMALL,0.0000,11.8100,-11.8100,-1.0000,0,False
21556,CERAMIC STRAWBERRY MONEY BOX,0.0000,55.9800,-55.9800,-1.0000,0,False
21586,KINGS CHOICE GIANT TUBE MATCHES,0.0000,167.1000,-167.1000,-1.0000,0,False
21421,PORCELAIN ROSE LARGE,0.0000,18.7500,-18.7500,-1.0000,0,False
21422,PORCELAIN ROSE SMALL,0.0000,36.5500,-36.5500,-1.0000,0,False
21445,12 PINK ROSE PEG PLACE SETTINGS,0.0000,20.0000,-20.0000,-1.0000,0,False
21447,12 IVORY ROSE PEG PLACE SETTINGS,0.0000,26.2600,-26.2600,-1.0000,0,False
21448,12 DAISY PEGS IN WOOD BOX,0.0000,16.5600,-16.5600,-1.0000,0,False
21468,BUTTERFLY CROCHET FOOD COVER,0.0000,7.5000,-7.5000,-1.0000,0,False
21472,LADYBIRD + BEE RAFFIA FOOD COVER,0.0000,33.7500,-33.7500,-1.0000,0,False
21486,PINK HEART DOTS HOT WATER BOTTLE,0.0000,147.8800,-147.8800,-1.0000,0,False
21539,RED RETROSPOT BUTTER DISH,0.0000,188.1000,-188.1000,-1.0000,0,False
21333,CLASSIC WHITE FRAME,0.0000,70.8100,-70.8100,-1.0000,0,False
21336,GOLD WASHBAG,0.0000,2.9500,-2.9500,-1.0000,0,False
21349,IVY HEART WREATH,0.0000,115.1000,-115.1000,-1.0000,0,False
21352,EUCALYPTUS & PINECONE  WREATH,0.0000,230.4300,-230.4300,-1.0000,0,False
21357,TOAST ITS - DINOSAUR,0.0000,5.0000,-5.0000,-1.0000,0,False
21269,ANTIQUE CREAM CUTLERY SHELF,0.0000,16.9800,-16.9800,-1.0000,0,False
21272,SALLE DE BAIN HOOK,0.0000,40.0700,-40.0700,-1.0000,0,False
21275,ZINC TOP  2 DOOR WOODEN SHELF,0.0000,16.9500,-16.9500,-1.0000,0,False
21277,FRENCH STYLE EMBOSSED HEART CABINET,0.0000,21.9500,-21.9500,-1.0000,0,False
21281,VINTAGE KITCHEN PRINT SEAFOOD,0.0000,30.4800,-30.4800,-1.0000,0,False
21594,Dr. Jam's Arouzer Stress Ball,0.0000,4.2100,-4.2100,-1.0000,0,False
21294,ETCHED GLASS COASTER,0.0000,120.0000,-120.0000,-1.0000,0,False
21307,SET/4 BUTTERFLY MIRROR MAGNETS,0.0000,4.2000,-4.2000,-1.0000,0,False
21202,DOLLY HONEYCOMB GARLAND,0.0000,3.3000,-3.3000,-1.0000,0,False
21206,STRAWBERRY HONEYCOMB  GARLAND,0.0000,21.4500,-21.4500,-1.0000,0,False
21211,SET OF 72 SKULL PAPER  DOILIES,0.0000,18.8500,-18.8500,-1.0000,0,False
21226,POCKET MIRROR WOODLAND,0.0000,2.5000,-2.5000,-1.0000,0,False
21246,RED RETROSPOT BIG BOWL,0.0000,9.9000,-9.9000,-1.0000,0,False
21250,SET OF SKULL WALL STICKERS,0.0000,5.9000,-5.9000,-1.0000,0,False
21251,DINOSAUR HEIGHT CHART STICKER SET,0.0000,5.9100,-5.9100,-1.0000,0,False
21268,VINTAGE BLUE TINSEL REEL,0.0000,0.8400,-0.8400,-1.0000,0,False
21587,COSY HOUR GIANT TUBE MATCHES,0.0000,304.8000,-304.8000,-1.0000,0,False
21291,SMALL POLKADOT CHOCOLATE GIFT BAG,0.0000,69.5800,-69.5800,-1.0000,0,False
