StockCode,description,revenue,units,orders,customers,FY1,FY2,cancel_value,cancel_rate,share,cum_share,abc,revenue_excl_reversed_24h,FY2_excl_reversed_24h,rank_excl_reversed_24h
22423,REGENCY CAKESTAND 3 TIER,331084.2700,26519,3918,1314,156599.5300,168477.8700,16570.8000,0.0477,0.0168,0.0168,A,331084.2700,168477.8700,1.0000
85123A,WHITE HANGING HEART T-LIGHT HOLDER,258065.9100,94323,5365,1490,153547.1100,102292.3900,9387.1000,0.0351,0.0131,0.0299,A,258065.9100,102292.3900,2.0000
85099B,JUMBO BAG RED RETROSPOT,180888.0300,96931,3989,978,86547.9800,92113.1500,2168.8200,0.0118,0.0092,0.0391,A,180888.0300,92113.1500,3.0000
23843,"PAPER CRAFT , LITTLE BIRDIE",168469.6000,80995,1,1,,,168469.6000,0.5000,0.0086,0.0476,A,0.0000,0.0000,4895.0000
47566,PARTY BUNTING,148395.9800,28216,2674,894,48891.6500,98585.8500,1238.5500,0.0083,0.0075,0.0552,A,148395.9800,98585.8500,4.0000
84879,ASSORTED COLOUR BIRD ORNAMENT,129681.0800,80293,2807,1010,70586.1500,56932.1900,774.0700,0.0059,0.0066,0.0618,A,129681.0800,56932.1900,5.0000
22086,PAPER CHAIN KIT 50'S CHRISTMAS,117884.1900,35126,2018,896,52931.9000,58081.5800,1461.7000,0.0122,0.0060,0.0677,A,117884.1900,58081.5800,6.0000
23166,MEDIUM CERAMIC TOP STORAGE JAR,81700.9200,78033,247,138,0.0000,81448.2100,77479.6400,0.4867,0.0041,0.0719,A,4517.3200,4264.6100,972.0000
79321,CHILLI LIGHTS,80873.2300,15918,1135,304,26755.4700,51478.0200,635.7500,0.0078,0.0041,0.0760,A,80873.2300,51478.0200,7.0000
22197,SMALL POPCORN HOLDER,79552.5000,88537,2322,601,28198.4800,45930.2200,616.5800,0.0077,0.0040,0.0800,A,79552.5000,45930.2200,8.0000
22386,JUMBO BAG PINK POLKADOT,76385.2000,39467,2245,601,33948.9600,41509.9200,866.9800,0.0112,0.0039,0.0839,A,76385.2000,41509.9200,9.0000
20725,LUNCH BAG RED RETROSPOT,71396.1400,40506,3056,845,35354.1300,35265.6600,1383.7500,0.0190,0.0036,0.0875,A,71396.1400,35265.6600,10.0000
84347,ROTATING SILVER ANGELS T-LIGHT HLDR,71361.6000,31433,756,300,44897.7700,23763.0500,330.4500,0.0046,0.0036,0.0911,A,71361.6000,23763.0500,11.0000
85099F,JUMBO BAG STRAWBERRY,68091.8500,36912,1830,549,35521.3800,31992.9000,512.2400,0.0075,0.0035,0.0946,A,68091.8500,31992.9000,12.0000
48138,DOORMAT UNION FLAG,67138.1900,10095,1664,678,41528.5900,24993.1100,359.4100,0.0053,0.0034,0.0980,A,67138.1900,24993.1100,13.0000
23084,RABBIT NIGHT LIGHT,66964.9900,30788,994,450,0.0000,57321.9700,208.4000,0.0031,0.0034,0.1014,A,66964.9900,57321.9700,14.0000
20685,DOORMAT RED RETROSPOT,66464.7100,9789,1725,626,38382.1700,27426.4800,632.5300,0.0094,0.0034,0.1048,A,66464.7100,27426.4800,15.0000
21137,BLACK RECORD COVER FRAME,65223.0400,18748,634,198,24570.9100,35069.7000,82.2900,0.0013,0.0033,0.1081,A,65223.0400,35069.7000,16.0000
21843,RED RETROSPOT CAKE STAND,65189.9500,6155,1527,599,43824.7000,20228.8500,5270.2500,0.0748,0.0033,0.1114,A,65189.9500,20228.8500,17.0000
21931,JUMBO STORAGE BAG SUKI,61565.1100,29196,2329,546,30794.9900,29925.6800,710.6300,0.0114,0.0031,0.1145,A,61565.1100,29925.6800,18.0000
22502,PICNIC BASKET WICKER SMALL,60924.5000,3774,924,335,9497.8800,51426.6200,436.4200,0.0071,0.0031,0.1176,A,21954.5000,12456.6200,179.0000
21621,VINTAGE UNION JACK BUNTING,60405.0400,6914,1292,583,35862.2100,24262.7000,544.0000,0.0089,0.0031,0.1207,A,60405.0400,24262.7000,19.0000
22114,HOT WATER BOTTLE TEA AND SYMPATHY,59336.6400,11717,1583,626,26334.0500,29267.7900,795.2000,0.0132,0.0030,0.1237,A,59336.6400,29267.7900,20.0000
85099C,JUMBO  BAG BAROQUE BLACK WHITE,59226.8700,30726,1868,506,31134.6700,27456.2500,570.8800,0.0095,0.0030,0.1267,A,59226.8700,27456.2500,21.0000
22910,PAPER CHAIN KIT VINTAGE CHRISTMAS,58699.9000,18650,1427,701,25826.5600,30109.7800,1185.6000,0.0198,0.0030,0.1297,A,58699.9000,30109.7800,22.0000
22112,CHOCOLATE HOT WATER BOTTLE,58095.7900,11088,1721,631,25229.6100,29395.9400,687.4800,0.0117,0.0029,0.1326,A,58095.7900,29395.9400,23.0000
15056N,EDWARDIAN PARASOL NATURAL,57999.2500,11290,1033,347,35822.7600,21662.6500,840.5500,0.0143,0.0029,0.1356,A,57999.2500,21662.6500,24.0000
22411,JUMBO SHOPPER VINTAGE RED PAISLEY,57442.8600,27343,2192,658,28807.9100,27551.7900,791.5200,0.0136,0.0029,0.1385,A,57442.8600,27551.7900,25.0000
82484,WOOD BLACK BOARD ANT WHITE FINISH,56809.0300,9839,1176,451,20778.8100,33687.6400,325.0000,0.0057,0.0029,0.1414,A,56809.0300,33687.6400,26.0000
22470,HEART OF WICKER LARGE,53632.9800,17816,1952,827,23493.5700,29798.3100,1028.7000,0.0188,0.0027,0.1441,A,53632.9800,29798.3100,27.0000
22139,RETROSPOT TEA SET CERAMIC 11 PC,52971.7100,10635,2093,941,30058.9000,21754.5100,2014.5000,0.0366,0.0027,0.1468,A,52971.7100,21754.5100,28.0000
22178,VICTORIAN GLASS HANGING T-LIGHT,52607.7200,40257,1816,593,19419.7500,31303.3100,1262.9400,0.0234,0.0027,0.1495,A,52607.7200,31303.3100,29.0000
20914,SET/5 RED RETROSPOT LID GLASS BOWLS,52588.2100,18697,2030,647,34198.0100,17909.7100,1068.8000,0.0199,0.0027,0.1521,A,52588.2100,17909.7100,30.0000
21212,PACK OF 72 RETROSPOT CAKE CASES,51873.5500,94972,3118,1115,30614.4500,20752.2300,549.6600,0.0105,0.0026,0.1548,A,51873.5500,20752.2300,31.0000
21733,RED HANGING HEART T-LIGHT HOLDER,50461.5400,17614,1760,744,27232.8000,22463.4500,1105.2000,0.0214,0.0026,0.1573,A,50461.5400,22463.4500,32.0000
22090,PAPER BUNTING RETROSPOT,50461.4000,16708,1703,631,27670.4400,22447.6300,1290.1500,0.0249,0.0026,0.1599,A,50461.4000,22447.6300,33.0000
21181,PLEASE ONE PERSON METAL SIGN,50301.9400,24820,1810,598,25011.3600,23776.4600,225.9000,0.0045,0.0026,0.1624,A,50301.9400,23776.4600,34.0000
22111,SCOTTIE DOG HOT WATER BOTTLE,50017.4900,9829,1689,717,25507.6500,22369.9300,936.6500,0.0184,0.0025,0.1650,A,50017.4900,22369.9300,35.0000
21929,JUMBO BAG PINK VINTAGE PAISLEY,49685.2700,25625,1619,504,26504.1300,22790.6900,483.9700,0.0096,0.0025,0.1675,A,49685.2700,22790.6900,36.0000
21232,STRAWBERRY CERAMIC TRINKET BOX,49400.5700,38077,2435,689,33136.7700,15469.6000,952.5900,0.0189,0.0025,0.1700,A,49400.5700,15469.6000,37.0000
84946,ANTIQUE SILVER TEA GLASS ETCHED,49391.6500,36841,1769,641,23502.0200,24918.8900,503.0300,0.0101,0.0025,0.1725,A,49391.6500,24918.8900,38.0000
22189,CREAM HEART CARD HOLDER,49348.3400,16198,1299,536,25884.8700,22026.8400,168.7300,0.0034,0.0025,0.1750,A,49348.3400,22026.8400,39.0000
22469,HEART OF WICKER SMALL,48974.7100,27932,2151,886,16866.9100,31806.7200,424.6500,0.0086,0.0025,0.1775,A,48974.7100,31806.7200,40.0000
48194,DOORMAT HEARTS,48817.3800,7738,1349,516,26678.8100,21850.8100,172.1700,0.0035,0.0025,0.1800,A,48817.3800,21850.8100,41.0000
21731,RED TOADSTOOL LED NIGHT LIGHT,48347.1900,28929,1537,415,24414.2100,22950.1300,1457.9000,0.0293,0.0025,0.1824,A,48347.1900,22950.1300,42.0000
15056BL,EDWARDIAN PARASOL BLACK,47541.1500,9550,857,321,31712.3100,15380.9100,1071.3500,0.0220,0.0024,0.1849,A,47541.1500,15380.9100,43.0000
22457,NATURAL SLATE HEART CHALKBOARD,47536.0300,15457,2046,874,19388.0700,25476.6000,315.9500,0.0066,0.0024,0.1873,A,47536.0300,25476.6000,44.0000
21754,HOME BUILDING BLOCK WORD,46821.9400,7646,2066,682,29772.0200,16648.0200,231.6500,0.0049,0.0024,0.1896,A,46821.9400,16648.0200,45.0000
48187,DOORMAT NEW ENGLAND,46643.6600,7344,1282,525,22350.8200,23961.4900,76.4600,0.0016,0.0024,0.1920,A,46643.6600,23961.4900,46.0000
21928,JUMBO BAG SCANDINAVIAN PAISLEY,46275.0600,24305,1542,450,25120.5100,20561.4900,536.5800,0.0115,0.0023,0.1944,A,46275.0600,20561.4900,47.0000
21523,DOORMAT FANCY FONT HOME SWEET HOME,46114.5900,6920,1122,357,24512.9000,21157.5500,47.5400,0.0010,0.0023,0.1967,A,46114.5900,21157.5500,48.0000
22138,BAKING SET 9 PIECE RETROSPOT,45966.1600,9383,1914,1137,21726.4400,22877.7100,4052.9500,0.0810,0.0023,0.1990,A,45966.1600,22877.7100,49.0000
20727,LUNCH BAG  BLACK SKULL.,45792.2200,26761,2351,705,23371.0100,21732.3700,1778.9500,0.0374,0.0023,0.2014,A,45792.2200,21732.3700,50.0000
48185,DOORMAT FAIRY CAKE,45777.1900,6829,983,317,21888.3800,23781.5600,4678.6800,0.0927,0.0023,0.2037,A,45777.1900,23781.5600,51.0000
21623,VINTAGE UNION JACK MEMOBOARD,45441.9800,6169,530,311,22431.8900,22411.7900,499.2000,0.0109,0.0023,0.2060,A,45441.9800,22411.7900,52.0000
22355,CHARLOTTE BAG SUKI DESIGN,45426.0100,32013,1742,393,16148.0600,26926.4300,142.6900,0.0031,0.0023,0.2083,A,45426.0100,26926.4300,53.0000
71477,COLOUR GLASS. STAR T-LIGHT HOLDER,44708.1500,15097,809,302,24049.5900,19030.3200,7164.1200,0.1381,0.0023,0.2106,A,44708.1500,19030.3200,54.0000
22326,ROUND SNACK BOXES SET OF4 WOODLAND,44360.9900,15481,1391,439,19922.3700,23629.0700,171.1000,0.0038,0.0023,0.2128,A,44360.9900,23629.0700,55.0000
21175,GIN + TONIC DIET METAL SIGN,43956.4800,20723,1659,553,16882.4100,26349.1700,3785.5800,0.0793,0.0022,0.2150,A,43956.4800,26349.1700,56.0000
82494L,WOODEN FRAME ANTIQUE WHITE,43923.2600,15339,1973,631,24282.4700,18945.3700,1325.8500,0.0293,0.0022,0.2173,A,43923.2600,18945.3700,57.0000
84078A,SET/4 WHITE RETRO STORAGE CUBES,43844.9600,1128,328,151,27481.6600,16185.1600,5187.6500,0.1058,0.0022,0.2195,A,43844.9600,16185.1600,58.0000
22383,LUNCH BAG SUKI  DESIGN,43348.4000,25115,2398,664,20805.9600,22147.7400,285.8000,0.0065,0.0022,0.2217,A,43348.4000,22147.7400,59.0000
84029E,RED WOOLLY HOTTIE WHITE HEART.,43251.7900,10701,1145,500,21106.8100,20348.8800,327.7000,0.0075,0.0022,0.2239,A,43251.7900,20348.8800,60.0000
23298,SPOTTY BUNTING,43182.8300,8473,1146,573,0.0000,42417.9700,482.8100,0.0111,0.0022,0.2261,A,43182.8300,42417.9700,61.0000
21915,RED  HARMONICA IN BOX,42787.0400,36387,1025,467,16455.4600,25141.8800,991.0000,0.0226,0.0022,0.2283,A,42787.0400,25141.8800,62.0000
20728,LUNCH BAG CARS BLUE,42354.4500,24647,2067,702,20603.8200,21485.6700,1678.0000,0.0381,0.0021,0.2304,A,42354.4500,21485.6700,63.0000
23203,JUMBO BAG VINTAGE DOILY,42067.7800,20503,1231,505,0.0000,40716.2000,1076.4000,0.0249,0.0021,0.2325,A,42067.7800,40716.2000,64.0000
82482,WOODEN PICTURE FRAME WHITE FINISH,41972.8500,16965,2006,601,18859.5900,22621.3200,1068.1500,0.0248,0.0021,0.2347,A,41972.8500,22621.3200,65.0000
20713,JUMBO BAG OWLS,40724.2500,20843,1314,371,17693.2900,21975.6000,448.9800,0.0109,0.0021,0.2367,A,40724.2500,21975.6000,66.0000
22083,PAPER CHAIN KIT RETROSPOT,40535.4700,13763,1401,589,26375.9300,13570.2700,1397.6000,0.0333,0.0021,0.2388,A,40535.4700,13570.2700,67.0000
84997D,PINK 3 PIECE MINI DOTS CUTLERY SET,39932.1900,10668,1085,431,20195.6900,19209.2400,206.2500,0.0051,0.0020,0.2408,A,39932.1900,19209.2400,68.0000
85066,CREAM SWEETHEART MINI CHEST,38854.9800,3111,929,471,16146.0300,21168.2100,1248.1500,0.0311,0.0020,0.2428,A,38854.9800,21168.2100,69.0000
20726,LUNCH BAG WOODLAND,38572.7400,22158,1926,585,20249.3600,17935.5000,1497.9500,0.0374,0.0020,0.2448,A,38572.7400,17935.5000,70.0000
22960,JAM MAKING SET WITH JARS,38431.1100,9031,1159,583,1302.2300,35860.8500,1012.7900,0.0257,0.0020,0.2467,A,38431.1100,35860.8500,71.0000
82486,WOOD S/3 CABINET ANT WHITE FINISH,38430.0300,4774,1274,365,19962.8100,17675.8100,855.1500,0.0218,0.0020,0.2487,A,38430.0300,17675.8100,72.0000
22699,ROSES REGENCY TEACUP AND SAUCER,38323.2500,13095,1424,524,9227.9800,28047.5400,1295.2500,0.0327,0.0019,0.2506,A,38323.2500,28047.5400,73.0000
21166,COOK WITH WINE METAL SIGN,38270.8100,19997,1425,475,17313.1700,19072.5900,967.2300,0.0247,0.0019,0.2525,A,38270.8100,19072.5900,74.0000
23284,DOORMAT KEEP CALM AND COME IN,38166.6400,5491,728,378,0.0000,36591.9200,1601.2500,0.0403,0.0019,0.2545,A,38166.6400,36591.9200,75.0000
22720,SET OF 3 CAKE TINS PANTRY DESIGN,38158.3900,7493,1385,640,0.0000,37070.2400,744.9500,0.0191,0.0019,0.2564,A,38158.3900,37070.2400,76.0000
22629,SPACEBOY LUNCH BOX,38014.0000,20837,1368,456,12273.5300,24952.1500,125.8500,0.0033,0.0019,0.2583,A,38014.0000,24952.1500,77.0000
20712,JUMBO BAG WOODLAND ANIMALS,37540.3200,17731,1415,387,15447.9000,21649.0400,447.6100,0.0118,0.0019,0.2603,A,37540.3200,21649.0400,78.0000
21485,RETROSPOT HEART HOT WATER BOTTLE,37334.1200,7648,1385,657,19625.5900,16846.1400,178.2000,0.0048,0.0019,0.2621,A,37334.1200,16846.1400,79.0000
22727,ALARM CLOCK BAKELIKE RED,36637.5200,9259,1363,473,5936.4000,26886.7200,326.2500,0.0088,0.0019,0.2640,A,36637.5200,26886.7200,80.0000
22328,ROUND SNACK BOXES SET OF 4 FRUITS,36270.6100,12993,1159,401,17140.2400,18811.7700,1812.4500,0.0476,0.0018,0.2658,A,36270.6100,18811.7700,81.0000
21524,DOORMAT SPOTTY HOME SWEET HOME,36057.5500,5268,1150,474,22445.1400,13281.3800,56.3900,0.0016,0.0018,0.2677,A,36057.5500,13281.3800,82.0000
20724,RED RETROSPOT CHARLOTTE BAG,35227.6100,32241,2035,524,13450.8200,20353.4300,252.8300,0.0071,0.0018,0.2695,A,35227.6100,20353.4300,83.0000
21755,LOVE BUILDING BLOCK WORD,35121.6200,5691,1696,661,22548.9100,12335.3700,285.6000,0.0081,0.0018,0.2713,A,35121.6200,12335.3700,84.0000
22379,RECYCLING BAG RETROSPOT,34684.9400,15786,1570,423,19047.9500,15248.8000,128.9500,0.0037,0.0018,0.2730,A,34684.9400,15248.8000,85.0000
84997B,RED 3 PIECE MINI DOTS CUTLERY SET,34525.5700,9267,1019,433,18479.6000,15663.9400,382.8300,0.0110,0.0018,0.2748,A,34525.5700,15663.9400,86.0000
22382,LUNCH BAG SPACEBOY DESIGN,34189.1200,20319,2153,790,16096.7600,17831.6100,387.2500,0.0112,0.0017,0.2765,A,34189.1200,17831.6100,87.0000
22384,LUNCH BAG PINK POLKADOT,34167.9900,20831,2106,681,16732.8000,17171.9000,434.8500,0.0126,0.0017,0.2782,A,34167.9900,17171.9000,88.0000
22666,RECIPE BOX PANTRY YELLOW DESIGN,33747.5200,10728,1657,701,7506.9200,24577.7100,655.5500,0.0191,0.0017,0.2799,A,33747.5200,24577.7100,89.0000
22630,DOLLY GIRL LUNCH BOX,33437.3800,18087,1333,423,11802.2400,21239.1300,531.0000,0.0156,0.0017,0.2816,A,33437.3800,21239.1300,90.0000
15036,ASSORTED COLOURS SILK FAN,32967.0300,44272,991,303,14397.1900,18495.7700,644.0300,0.0192,0.0017,0.2833,A,32967.0300,18495.7700,91.0000
84997C,BLUE 3 PIECE MINI DOTS CUTLERY SET,32789.5100,8811,951,426,18288.3300,14102.5400,319.4800,0.0096,0.0017,0.2850,A,32789.5100,14102.5400,92.0000
22726,ALARM CLOCK BAKELIKE GREEN,32680.5700,7690,1273,404,5484.0400,25361.3000,247.5000,0.0075,0.0017,0.2866,A,32680.5700,25361.3000,93.0000
22385,JUMBO BAG SPACEBOY DESIGN,32447.6700,17064,1248,412,15365.8100,16393.0000,725.4400,0.0219,0.0016,0.2883,A,32447.6700,16393.0000,94.0000
22865,HAND WARMER OWL DESIGN,31594.5400,14622,1212,566,13684.5100,16151.8200,264.3500,0.0083,0.0016,0.2899,A,31594.5400,16151.8200,95.0000
22077,6 RIBBONS RUSTIC CHARM,31584.6600,17281,1751,685,14379.2900,16571.6200,194.7000,0.0061,0.0016,0.2915,A,31584.6600,16571.6200,96.0000
85152,HAND OVER THE CHOCOLATE   SIGN,31571.9000,16415,1460,486,15588.5700,14190.7800,191.5100,0.0060,0.0016,0.2931,A,31571.9000,14190.7800,97.0000
48184,DOORMAT ENGLISH ROSE,31194.9600,4722,851,374,16870.9600,13955.5600,86.0700,0.0028,0.0016,0.2947,A,31194.9600,13955.5600,98.0000
23245,SET OF 3 REGENCY CAKE TINS,31177.9500,6357,873,472,0.0000,29498.6600,421.5000,0.0133,0.0016,0.2963,A,31177.9500,29498.6600,99.0000
21479,WHITE SKULL HOT WATER BOTTLE,31137.0500,6234,930,410,10542.6000,18527.5400,677.1800,0.0213,0.0016,0.2978,A,31137.0500,18527.5400,100.0000
85014B,RED RETROSPOT UMBRELLA,30812.2800,6161,900,437,19830.3300,10585.7300,105.1000,0.0034,0.0016,0.2994,A,30812.2800,10585.7300,101.0000
22697,GREEN REGENCY TEACUP AND SAUCER,30528.3000,9830,1353,480,7702.0000,21810.6700,506.8000,0.0163,0.0015,0.3010,A,30528.3000,21810.6700,102.0000
23199,JUMBO BAG APPLES,30475.6500,14920,978,344,0.0000,29903.1500,1309.2500,0.0412,0.0015,0.3025,A,30475.6500,29903.1500,103.0000
22501,PICNIC BASKET WICKER LARGE,30399.0600,2618,762,346,11076.9000,19322.1600,1158.4500,0.0367,0.0015,0.3040,A,30399.0600,19322.1600,104.0000
20679,EDWARDIAN PARASOL RED,30038.8200,6152,715,271,20017.4000,9689.6900,107.1000,0.0036,0.0015,0.3056,A,30038.8200,9689.6900,105.0000
21217,RED RETROSPOT ROUND CAKE TINS,29858.7900,2913,928,423,18326.4000,11019.2500,484.5000,0.0160,0.0015,0.3071,A,29858.7900,11019.2500,106.0000
84029G,KNITTED UNION FLAG HOT WATER BOTTLE,29661.2300,6866,1009,386,13497.1900,14672.5200,219.7000,0.0074,0.0015,0.3086,A,29661.2300,14672.5200,107.0000
22659,LUNCH BOX I LOVE LONDON,29610.6100,15966,1075,294,8791.9100,20589.7100,574.9500,0.0190,0.0015,0.3101,A,29610.6100,20589.7100,108.0000
22158,3 HEARTS HANGING DECORATION RUSTIC,29475.5800,9079,718,374,17530.7000,11564.0400,287.1000,0.0096,0.0015,0.3116,A,29475.5800,11564.0400,109.0000
22622,BOX OF VINTAGE ALPHABET BLOCKS,29470.0100,2947,571,346,15538.7000,13470.6200,559.3500,0.0186,0.0015,0.3131,A,29470.0100,13470.6200,110.0000
47590B,PINK HAPPY BIRTHDAY BUNTING,29418.3600,5748,872,428,17346.4400,11979.3800,293.0500,0.0099,0.0015,0.3146,A,29418.3600,11979.3800,111.0000
82483,WOOD 2 DRAWER CABINET WHITE FINISH,29202.8200,4909,1123,361,13962.7500,14488.1300,1698.7000,0.0550,0.0015,0.3161,A,29202.8200,14488.1300,112.0000
23355,HOT WATER BOTTLE KEEP CALM,28842.5500,5841,782,474,0.0000,24867.8700,417.6000,0.0143,0.0015,0.3175,A,28842.5500,24867.8700,113.0000
48188,DOORMAT WELCOME PUPPIES,28662.0300,4875,698,309,16547.0600,12106.7200,85.3500,0.0030,0.0015,0.3190,A,28662.0300,12106.7200,114.0000
20971,PINK BLUE FELT CRAFT TRINKET BOX,28642.2200,22309,1148,490,14804.1200,13379.9400,4113.0800,0.1256,0.0015,0.3204,A,28642.2200,13379.9400,115.0000
84978,HANGING HEART JAR T-LIGHT HOLDER,28580.9600,21773,1425,525,12103.4300,16214.6900,417.7200,0.0144,0.0015,0.3219,A,28580.9600,16214.6900,116.0000
22866,HAND WARMER SCOTTY DOG DESIGN,28357.1700,12821,1083,530,13946.5500,13182.5200,259.5000,0.0091,0.0014,0.3233,A,28357.1700,13182.5200,117.0000
22467,GUMBALL COAT RACK,28278.7800,11954,1095,398,9388.3100,18169.8100,665.5500,0.0230,0.0014,0.3248,A,28278.7800,18169.8100,118.0000
22752,SET 7 BABUSHKA NESTING BOXES,28207.4500,3467,692,323,13753.9800,13579.8200,1761.2000,0.0588,0.0014,0.3262,A,28207.4500,13579.8200,119.0000
21977,PACK OF 60 PINK PAISLEY CAKE CASES,28159.0800,56230,1993,767,15914.0600,12100.9400,117.3000,0.0041,0.0014,0.3276,A,28159.0800,12100.9400,120.0000
82583,HOT BATHS METAL SIGN,28128.9900,12947,1176,323,11081.9300,16234.2200,204.0900,0.0072,0.0014,0.3291,A,28128.9900,16234.2200,121.0000
22188,BLACK HEART CARD HOLDER,28115.9800,10354,566,292,15628.8100,11609.8100,19.7500,0.0007,0.0014,0.3305,A,28115.9800,11609.8100,122.0000
23201,JUMBO BAG ALPHABET,27890.1700,13379,906,396,0.0000,26627.3900,1076.0200,0.0371,0.0014,0.3319,A,27890.1700,26627.3900,123.0000
22492,MINI PAINT SET VINTAGE,27864.3900,43618,732,363,10926.5700,16744.1000,182.6500,0.0065,0.0014,0.3333,A,27864.3900,16744.1000,124.0000
20719,WOODLAND CHARLOTTE BAG,27634.9700,24522,1573,365,10875.2200,15897.4000,106.8200,0.0039,0.0014,0.3347,A,27634.9700,15897.4000,125.0000
22624,IVORY KITCHEN SCALES,27500.3300,3178,1219,579,10972.0200,15837.8200,244.8000,0.0088,0.0014,0.3361,A,27500.3300,15837.8200,126.0000
21930,JUMBO STORAGE BAG SKULLS,27402.7900,13407,1321,386,13371.6300,13412.8700,11.4900,0.0004,0.0014,0.3375,A,27402.7900,13412.8700,127.0000
72741,GRAND CHOCOLATECANDLE,27333.7100,19777,920,510,19108.7100,8073.1700,89.3000,0.0033,0.0014,0.3389,A,27333.7100,8073.1700,128.0000
22835,HOT WATER BOTTLE I AM SO POORLY,27282.1900,5343,1011,451,9227.0800,16326.6300,1744.8000,0.0601,0.0014,0.3403,A,27282.1900,16326.6300,129.0000
84991,60 TEATIME FAIRY CAKE CASES,27123.5100,54206,2127,822,17939.7900,9097.8700,187.9500,0.0069,0.0014,0.3416,A,27123.5100,9097.8700,130.0000
22961,JAM MAKING SET PRINTED,26911.6300,17268,1200,558,1250.6500,23929.4200,444.6000,0.0163,0.0014,0.3430,A,26911.6300,23929.4200,131.0000
20750,RED RETROSPOT MINI CASES,26906.3800,3693,909,471,14263.4500,12263.1700,144.6000,0.0053,0.0014,0.3444,A,26906.3800,12263.1700,132.0000
71459,HANGING JAM JAR T-LIGHT HOLDER,26840.7900,33109,1017,445,15981.9000,10754.2900,257.2800,0.0095,0.0014,0.3457,A,26840.7900,10754.2900,133.0000
22734,SET OF 6 RIBBONS VINTAGE CHRISTMAS,26785.5100,9780,756,444,16163.9100,10103.8700,86.7000,0.0032,0.0014,0.3471,A,26785.5100,10103.8700,134.0000
22149,FELTCRAFT 6 FLOWER FRIENDS,26286.1700,12706,1382,684,13912.2900,12373.8800,1244.4000,0.0452,0.0013,0.3484,A,26286.1700,12373.8800,135.0000
22867,HAND WARMER BIRD DESIGN,26168.0300,11896,1054,521,12089.3400,12532.8100,172.2000,0.0065,0.0013,0.3498,A,26168.0300,12532.8100,136.0000
48111,DOORMAT 3 SMILEY CATS,26030.4200,4256,720,244,18297.4900,7605.8000,102.4000,0.0039,0.0013,0.3511,A,26030.4200,7605.8000,137.0000
22551,PLASTERS IN TIN SPACEBOY,25973.9200,15478,1299,616,12358.6100,13205.6300,435.1500,0.0165,0.0013,0.3524,A,25973.9200,13205.6300,138.0000
47566B,TEA TIME PARTY BUNTING,25836.9400,5808,761,350,14546.8200,11285.1700,4490.5000,0.1481,0.0013,0.3537,A,25836.9400,11285.1700,139.0000
82600,NO SINGING METAL SIGN,25780.2900,12696,1201,385,12945.0100,11969.3500,83.8000,0.0032,0.0013,0.3550,A,25780.2900,11969.3500,140.0000
20711,JUMBO BAG TOYS,25723.0300,12645,1052,326,14708.4100,11010.4900,70.3100,0.0027,0.0013,0.3563,A,25723.0300,11010.4900,141.0000
21481,FAWN BLUE HOT WATER BOTTLE,25677.2500,8194,1050,439,14210.8800,10696.9500,2065.9000,0.0745,0.0013,0.3576,A,25677.2500,10696.9500,142.0000
22507,MEMO BOARD RETROSPOT  DESIGN,25603.4600,5455,900,445,11410.1100,13869.9300,118.1000,0.0046,0.0013,0.3589,A,25603.4600,13869.9300,143.0000
37503,TEA TIME CAKE STAND IN GIFT BOX,25471.3300,2469,522,256,25471.3300,0.0000,515.4500,0.0198,0.0013,0.3602,A,25471.3300,0.0000,144.0000
22087,PAPER BUNTING WHITE LACE,25445.1500,8494,847,314,13551.9200,11757.5300,465.4000,0.0180,0.0013,0.3615,A,25445.1500,11757.5300,145.0000
21080,SET/20 RED RETROSPOT PAPER NAPKINS,25435.6300,31098,2123,798,14116.2700,11126.7000,433.6700,0.0168,0.0013,0.3628,A,25435.6300,11126.7000,146.0000
21108,FAIRY CAKE FLANNEL ASSORTED COLOUR,25435.5700,12980,613,325,7366.2900,17848.8600,6614.3700,0.2064,0.0013,0.3641,A,25435.5700,17848.8600,147.0000
84755,COLOUR GLASS T-LIGHT HOLDER HANGING,25293.5300,40575,1259,524,14775.2800,10385.6900,415.3500,0.0162,0.0013,0.3654,A,25293.5300,10385.6900,148.0000
22084,PAPER CHAIN KIT EMPIRE,25190.1100,8812,811,464,10067.1400,15090.5200,299.4500,0.0117,0.0013,0.3667,A,25190.1100,15090.5200,149.0000
21527,RED RETROSPOT TRADITIONAL TEAPOT,25087.7200,3360,831,352,21330.9300,3756.7900,1333.4800,0.0505,0.0013,0.3679,A,25087.7200,3756.7900,150.0000
23173,REGENCY TEAPOT ROSES,24918.9300,2770,416,248,0.0000,24442.3700,436.4000,0.0172,0.0013,0.3692,A,24918.9300,24442.3700,151.0000
20972,PINK CREAM FELT CRAFT TRINKET BOX,24856.5600,20553,1397,568,15697.2500,8882.3300,1553.3900,0.0588,0.0013,0.3705,A,24856.5600,8882.3300,152.0000
21314,SMALL GLASS HEART TRINKET POT,24664.4900,11437,1066,369,14852.9100,9316.3200,2296.8000,0.0852,0.0013,0.3717,A,24664.4900,9316.3200,153.0000
84836,ZINC METAL HEART DECORATION,24531.8300,20041,1408,662,17105.0100,7333.3100,127.5000,0.0052,0.0012,0.3730,A,24531.8300,7333.3100,154.0000
84077,WORLD WAR 2 GLIDERS ASSTD DESIGNS,24507.5300,106379,1019,482,10665.6800,13462.6800,361.6800,0.0145,0.0012,0.3742,A,24507.5300,13462.6800,155.0000
22722,SET OF 6 SPICE TINS PANTRY DESIGN,24507.3600,5984,835,394,23.7000,23980.5500,141.7000,0.0057,0.0012,0.3754,A,24507.3600,23980.5500,156.0000
22698,PINK REGENCY TEACUP AND SAUCER,24486.7200,8231,1033,402,6934.9600,16687.5000,607.9500,0.0242,0.0012,0.3767,A,24486.7200,16687.5000,157.0000
22728,ALARM CLOCK BAKELIKE PINK,24306.0600,6228,969,357,3603.9100,19866.1400,243.7500,0.0099,0.0012,0.3779,A,24306.0600,19866.1400,158.0000
21231,SWEETHEART CERAMIC TRINKET BOX,24247.6100,19523,1482,500,16619.0800,7408.3300,388.9300,0.0158,0.0012,0.3792,A,24247.6100,7408.3300,159.0000
47590A,BLUE HAPPY BIRTHDAY BUNTING,24190.3600,4755,689,355,13687.7100,10459.2700,887.8000,0.0354,0.0012,0.3804,A,24190.3600,10459.2700,160.0000
22171,3 HOOK PHOTO SHELF ANTIQUE WHITE,23877.7600,3162,661,269,10131.6500,13406.4800,1229.1000,0.0490,0.0012,0.3816,A,23877.7600,13406.4800,161.0000
23344,JUMBO BAG 50'S CHRISTMAS,23815.7500,10306,716,391,0.0000,21570.8000,486.9600,0.0200,0.0012,0.3828,A,23815.7500,21570.8000,162.0000
21955,DOORMAT UNION JACK GUNS AND ROSES,23809.2200,3921,729,279,16212.2000,7484.8000,183.2800,0.0076,0.0012,0.3840,A,23809.2200,7484.8000,163.0000
21790,VINTAGE SNAP CARDS,23538.4700,27282,1888,793,11022.5100,11926.3200,162.6700,0.0069,0.0012,0.3852,A,23538.4700,11926.3200,164.0000
23243,SET OF TEA COFFEE SUGAR TINS PANTRY,23514.1700,4805,470,275,0.0000,23145.9900,545.5500,0.0227,0.0012,0.3864,A,23514.1700,23145.9900,165.0000
22605,WOODEN CROQUET GARDEN SET,23439.5700,1828,642,377,12163.3600,10901.1200,170.3000,0.0072,0.0012,0.3876,A,23439.5700,10901.1200,166.0000
48173C,DOORMAT BLACK FLOCK,23172.3500,4082,500,224,13147.2400,9959.8200,55.9300,0.0024,0.0012,0.3888,A,23172.3500,9959.8200,167.0000
22625,RED KITCHEN SCALES,23105.3500,2651,950,440,8963.6500,13652.6200,299.2000,0.0128,0.0012,0.3899,A,23105.3500,13652.6200,168.0000
84406B,CREAM CUPID HEARTS COAT HANGER,23084.2800,7132,841,318,15426.9600,7520.3700,663.1000,0.0279,0.0012,0.3911,A,23084.2800,7520.3700,169.0000
22607,WOODEN ROUNDERS GARDEN SET,23015.7900,2545,744,419,10444.4200,12161.5500,133.5500,0.0058,0.0012,0.3923,A,23015.7900,12161.5500,170.0000
21791,VINTAGE HEADS AND TAILS CARD GAME,22924.8500,17657,1313,641,12389.2000,10025.4100,1156.2500,0.0480,0.0012,0.3934,A,22924.8500,10025.4100,171.0000
22554,PLASTERS IN TIN WOODLAND ANIMALS,22903.2200,13618,1275,587,9558.4500,13013.3200,243.1500,0.0105,0.0012,0.3946,A,22903.2200,13013.3200,172.0000
21936,RED RETROSPOT PICNIC BAG,22770.8100,7815,1046,396,11099.7200,11536.2700,391.7500,0.0169,0.0012,0.3958,A,22770.8100,11536.2700,173.0000
22556,PLASTERS IN TIN CIRCUS PARADE,22376.9800,13611,1196,591,12306.8700,9685.7000,176.5500,0.0078,0.0011,0.3969,A,22376.9800,9685.7000,174.0000
37449,CERAMIC CAKE STAND + HANGING CAKES,22363.1500,2385,477,205,17235.9100,5097.3900,2234.1500,0.0908,0.0011,0.3980,A,22363.1500,5097.3900,175.0000
20749,ASSORTED COLOUR MINI CASES,22200.9600,3075,766,426,9586.7900,11622.5400,101.7500,0.0046,0.0011,0.3992,A,22200.9600,11622.5400,176.0000
22113,GREY HEART HOT WATER BOTTLE,22163.7300,5797,996,488,9358.4000,12205.8700,121.8000,0.0055,0.0011,0.4003,A,22163.7300,12205.8700,177.0000
22585,PACK OF 6 BIRDY GIFT TAGS,22022.3000,17593,1084,612,14460.6600,7412.2400,442.9100,0.0197,0.0011,0.4014,A,22022.3000,7412.2400,178.0000
84970S,HANGING HEART ZINC T-LIGHT HOLDER,21869.0600,26532,1425,616,14196.6500,7298.8300,105.2000,0.0048,0.0011,0.4025,A,21869.0600,7298.8300,180.0000
23202,JUMBO BAG VINTAGE LEAF,21852.8100,10962,879,377,0.0000,20840.3600,442.4600,0.0198,0.0011,0.4036,A,21852.8100,20840.3600,181.0000
22499,WOODEN UNION JACK BUNTING,21838.4200,3586,774,452,9046.1700,12639.0200,41.6500,0.0019,0.0011,0.4047,A,21838.4200,12639.0200,182.0000
85014A,BLACK/BLUE POLKADOT UMBRELLA,21827.3300,4628,684,361,15142.6600,6654.3600,47.6000,0.0022,0.0011,0.4058,A,21827.3300,6654.3600,183.0000
22941,CHRISTMAS LIGHTS 10 REINDEER,21753.0800,2618,483,315,7940.1600,12152.9900,610.3000,0.0273,0.0011,0.4069,A,21753.0800,12152.9900,184.0000
21210,SET OF 72 RETROSPOT PAPER  DOILIES,21735.8900,15124,1161,508,13361.7000,8271.4500,197.5500,0.0090,0.0011,0.4080,A,21735.8900,8271.4500,185.0000
22456,NATURAL SLATE CHALKBOARD LARGE,21607.9500,4421,835,385,12053.4800,9330.6400,501.5000,0.0227,0.0011,0.4091,A,21607.9500,9330.6400,186.0000
22969,HOMEMADE JAM SCENTED CANDLES,21519.3900,14473,709,472,2730.8400,18385.1300,185.8000,0.0086,0.0011,0.4102,A,21519.3900,18385.1300,187.0000
21213,PACK OF 72 SKULL CAKE CASES,21463.8600,40433,1481,528,13045.4200,8334.7400,48.9500,0.0023,0.0011,0.4113,A,21463.8600,8334.7400,188.0000
21258,VICTORIAN SEWING BOX LARGE,21450.3100,1510,526,186,13775.5100,6998.2700,1360.1500,0.0596,0.0011,0.4124,A,21450.3100,6998.2700,189.0000
23209,LUNCH BAG VINTAGE DOILY,21450.1700,13189,1098,469,0.0000,20683.0500,65.8000,0.0031,0.0011,0.4135,A,21450.1700,20683.0500,190.0000
85048,15CM CHRISTMAS GLASS BALL 20 LIGHTS,21248.8300,2691,517,309,10338.2200,10325.8000,695.3500,0.0317,0.0011,0.4146,A,21248.8300,10325.8000,191.0000
22570,FELTCRAFT CUSHION RABBIT,20934.8500,5640,807,351,9707.3800,11227.4700,1464.3300,0.0654,0.0011,0.4156,A,20934.8500,11227.4700,192.0000
22424,ENAMEL BREAD BIN CREAM,20925.1400,1532,739,310,8541.3100,12005.6500,570.4500,0.0265,0.0011,0.4167,A,20925.1400,12005.6500,193.0000
23206,LUNCH BAG APPLE DESIGN,20911.9800,12183,1036,401,0.0000,20388.2500,97.1500,0.0046,0.0011,0.4178,A,20911.9800,20388.2500,194.0000
22294,HEART FILIGREE DOVE  SMALL,20883.1300,16874,861,414,13981.8000,6761.6100,133.7500,0.0064,0.0011,0.4188,A,20883.1300,6761.6100,195.0000
22356,CHARLOTTE BAG PINK POLKADOT,20881.2500,20026,1584,423,9460.9600,10889.0900,430.7400,0.0202,0.0011,0.4199,A,20881.2500,10889.0900,196.0000
21218,RED SPOTTY BISCUIT TIN,20822.8100,5262,897,313,10706.3200,9836.4100,277.2500,0.0131,0.0011,0.4209,A,20822.8100,9836.4100,197.0000
48116,DOORMAT MULTICOLOUR STRIPE,20728.0700,3454,496,186,11639.4400,8875.4500,24.1500,0.0012,0.0011,0.4220,A,20728.0700,8875.4500,198.0000
22632,HAND WARMER RED RETROSPOT,20586.5300,10312,779,438,11591.1000,8431.1600,71.5000,0.0035,0.0010,0.4230,A,20586.5300,8431.1600,199.0000
22617,BAKING SET SPACEBOY DESIGN,20571.7400,4256,942,600,9826.6900,10173.8000,1147.5500,0.0528,0.0010,0.4241,A,20571.7400,10173.8000,200.0000
22693,GROW A FLYTRAP OR SUNFLOWER IN TIN,20469.0800,17875,350,197,2541.6300,17621.4300,90.0000,0.0044,0.0010,0.4251,A,20469.0800,17621.4300,201.0000
20723,STRAWBERRY CHARLOTTE BAG,20438.4500,18340,1379,356,7886.0500,11779.0800,157.7800,0.0077,0.0010,0.4262,A,20438.4500,11779.0800,202.0000
21559,STRAWBERRY LUNCH BOX WITH CUTLERY,20416.9300,8255,1221,396,10668.8000,9599.9200,86.2500,0.0042,0.0010,0.4272,A,20416.9300,9599.9200,203.0000
22568,FELTCRAFT CUSHION OWL,20274.9700,5487,875,389,7834.8300,12350.1400,1213.3200,0.0565,0.0010,0.4282,A,20274.9700,12350.1400,204.0000
85150,LADIES & GENTLEMEN METAL SIGN,20255.5700,8368,1110,369,10867.0400,9074.0100,64.9500,0.0032,0.0010,0.4293,A,20255.5700,9074.0100,205.0000
21216,"SET 3 RETROSPOT TEA,COFFEE,SUGAR",20213.5500,3893,802,269,8805.9900,11158.9500,111.7500,0.0055,0.0010,0.4303,A,20213.5500,11158.9500,206.0000
22273,FELTCRAFT DOLL MOLLY,20192.2900,7369,810,423,8175.9500,11804.6000,3562.8000,0.1500,0.0010,0.4313,A,20192.2900,11804.6000,207.0000
22569,FELTCRAFT CUSHION BUTTERFLY,20145.6800,5532,784,360,10012.3500,10133.3300,1170.6300,0.0549,0.0010,0.4323,A,20145.6800,10133.3300,208.0000
21622,VINTAGE UNION JACK CUSHION COVER,20021.0900,3716,626,329,18008.7500,1992.5400,212.8500,0.0105,0.0010,0.4333,A,20021.0900,1992.5400,209.0000
22900,SET 2 TEA TOWELS I LOVE LONDON,19906.9400,6180,723,252,4931.0100,14481.5800,552.6000,0.0270,0.0010,0.4344,A,19906.9400,14481.5800,210.0000
22413,METAL SIGN TAKE IT OR LEAVE IT,19757.7400,6986,881,446,8652.9500,7105.1400,340.5500,0.0169,0.0010,0.4354,A,19757.7400,7105.1400,211.0000
48129,DOORMAT TOPIARY,19646.0800,3132,543,251,13636.2400,5832.5000,159.1500,0.0080,0.0010,0.4364,A,19646.0800,5832.5000,212.0000
22381,TOY TIDY PINK POLKADOT,19634.2400,9272,1100,349,12196.3000,7278.5100,62.7500,0.0032,0.0010,0.4373,A,19634.2400,7278.5100,213.0000
21174,POTTERING IN THE SHED METAL SIGN,19619.4200,9709,1135,402,10205.6000,8656.4000,7.8000,0.0004,0.0010,0.4383,A,19619.4200,8656.4000,214.0000
22558,CLOTHES PEGS RETROSPOT PACK 24,19539.5900,13827,1202,541,6193.5500,12879.7000,130.7100,0.0066,0.0010,0.4393,A,19539.5900,12879.7000,215.0000
22561,WOODEN SCHOOL COLOURING SET,19534.1700,11648,904,556,9784.3500,9261.0000,631.5000,0.0313,0.0010,0.4403,A,19534.1700,9261.0000,216.0000
22169,FAMILY ALBUM WHITE PICTURE FRAME,19533.1000,2278,701,276,9178.8400,9839.3100,741.2000,0.0366,0.0010,0.4413,A,19533.1000,9839.3100,217.0000
84997A,GREEN 3 PIECE MINI DOTS CUTLERY SET,19411.9500,5188,589,278,9478.0700,9327.5000,98.7000,0.0051,0.0010,0.4423,A,19411.9500,9327.5000,218.0000
21340,CLASSIC METAL BIRDCAGE PLANT HOLDER,19337.4800,1771,419,249,7999.2100,11134.8100,670.1000,0.0335,0.0010,0.4433,A,19337.4800,11134.8100,219.0000
22427,ENAMEL FLOWER JUG CREAM,19326.8300,3219,798,460,6655.7700,12671.0600,291.5000,0.0149,0.0010,0.4443,A,19326.8300,12671.0600,220.0000
22952,60 CAKE CASES VINTAGE CHRISTMAS,19275.8000,33053,1144,570,9751.0800,9026.3600,241.2000,0.0124,0.0010,0.4452,A,19275.8000,9026.3600,221.0000
21908,CHOCOLATE THIS WAY METAL SIGN,19180.5800,9704,974,382,11424.1600,7258.8500,67.2000,0.0035,0.0010,0.4462,A,19180.5800,7258.8500,222.0000
22061,LARGE CAKE STAND  HANGING STRAWBERY,19161.1700,2175,520,219,14933.1600,3579.0100,1060.3500,0.0524,0.0010,0.4472,A,19161.1700,3579.0100,223.0000
84949,SILVER HANGING T-LIGHT HOLDER,19104.9000,11999,693,330,11462.4600,7079.6900,793.8000,0.0399,0.0010,0.4482,A,19104.9000,7079.6900,224.0000
71053,WHITE METAL LANTERN,18970.5200,4786,727,293,10528.7000,8347.0800,248.5200,0.0129,0.0010,0.4491,A,18970.5200,8347.0800,225.0000
84947,ANTIQUE SILVER TEA GLASS ENGRAVED,18911.6700,15944,680,312,8614.4000,9583.2400,44.5400,0.0023,0.0010,0.4501,A,18911.6700,9583.2400,226.0000
22555,PLASTERS IN TIN STRONGMAN,18718.2700,11572,967,521,8854.9900,9561.4400,66.0000,0.0035,0.0010,0.4510,A,18718.2700,9561.4400,227.0000
21035,SET/2 RED RETROSPOT TEA TOWELS,18681.3800,6006,929,327,10131.5300,8186.4500,570.6500,0.0296,0.0009,0.4520,A,18681.3800,8186.4500,228.0000
22041,"RECORD FRAME 7"" SINGLE SIZE",18650.8700,7540,555,101,7296.3100,11134.0200,103.9500,0.0055,0.0009,0.4529,A,18650.8700,11134.0200,229.0000
21121,SET/10 RED POLKADOT PARTY CANDLES,18490.2000,15253,873,466,10456.3500,7897.6000,242.5000,0.0129,0.0009,0.4539,A,18490.2000,7897.6000,230.0000
22847,BREAD BIN DINER STYLE IVORY,18352.7400,1157,482,264,3963.4000,14058.9500,794.5500,0.0415,0.0009,0.4548,A,18352.7400,14058.9500,231.0000
21484,CHICK GREY HOT WATER BOTTLE,18327.7900,4633,864,367,9792.2700,7937.8800,157.9500,0.0085,0.0009,0.4557,A,18327.7900,7937.8800,232.0000
21430,SET/3 RED GINGHAM ROSE STORAGE BOX,18082.4700,4631,814,323,6154.0200,11711.6700,222.7800,0.0122,0.0009,0.4566,A,18082.4700,11711.6700,233.0000
22505,MEMO BOARD COTTAGE DESIGN,18074.2300,3781,744,397,10970.0100,6961.1700,94.0500,0.0052,0.0009,0.4576,A,18074.2300,6961.1700,234.0000
79323W,WHITE CHERRY LIGHTS,18048.7200,3004,349,174,18048.7200,0.0000,6421.1000,0.2624,0.0009,0.4585,A,18048.7200,0.0000,235.0000
22147,FELTCRAFT BUTTERFLY HEARTS,17955.9300,12871,1132,582,9328.9900,8579.0900,1142.8000,0.0598,0.0009,0.4594,A,17955.9300,8579.0900,236.0000
22560,TRADITIONAL MODELLING CLAY,17904.2100,14870,742,420,8301.8900,8530.3600,191.2000,0.0106,0.0009,0.4603,A,17904.2100,8530.3600,237.0000
22352,LUNCH BOX WITH CUTLERY RETROSPOT,17879.1600,7109,1117,366,10005.4400,7744.3100,165.3000,0.0092,0.0009,0.4612,A,17879.1600,7744.3100,238.0000
22297,HEART IVORY TRELLIS SMALL,17840.1200,13825,969,391,12371.4600,5345.2300,343.7500,0.0189,0.0009,0.4621,A,17840.1200,5345.2300,239.0000
84945,MULTI COLOUR SILVER T-LIGHT HOLDER,17767.9600,21630,653,344,9013.3300,8176.5900,141.7300,0.0079,0.0009,0.4630,A,17767.9600,8176.5900,240.0000
21914,BLUE HARMONICA IN BOX,17729.1100,12960,963,446,7385.5500,9690.4000,150.0000,0.0084,0.0009,0.4639,A,17729.1100,9690.4000,241.0000
22633,HAND WARMER UNION JACK,17664.8700,8583,858,473,7607.5500,9112.7400,81.9000,0.0046,0.0009,0.4648,A,17664.8700,9112.7400,242.0000
22776,SWEETHEART CAKESTAND 3 TIER,17540.4100,1709,691,420,4451.6800,12759.7800,1230.3500,0.0655,0.0009,0.4657,A,17540.4100,12759.7800,243.0000
21136,PAINTED METAL PEARS ASSORTED,17515.6700,10534,739,449,9685.3500,7681.9900,329.3700,0.0185,0.0009,0.4666,A,17515.6700,7681.9900,244.0000
84467,ENGLISH ROSE DESIGN QUILTED THROW,17477.6600,816,83,40,17477.6600,0.0000,79.9000,0.0046,0.0009,0.4675,A,17477.6600,0.0000,245.0000
20718,RED RETROSPOT SHOPPER BAG,17467.3500,13361,1213,428,10854.3100,6211.4700,71.7400,0.0041,0.0009,0.4684,A,17467.3500,6211.4700,246.0000
47591D,PINK FAIRY CAKE CHILDRENS APRON,17455.9400,9397,1140,526,11395.6900,5883.2300,23.4000,0.0013,0.0009,0.4693,A,17455.9400,5883.2300,247.0000
22557,PLASTERS IN TIN VINTAGE PAISLEY,17437.6000,10391,1126,580,9660.5100,7472.0300,112.2000,0.0064,0.0009,0.4701,A,17437.6000,7472.0300,248.0000
84992,72 SWEETHEART FAIRY CAKE CASES,17404.8000,35126,1460,614,10849.4700,6432.6800,175.3300,0.0100,0.0009,0.4710,A,17404.8000,6432.6800,249.0000
22366,DOORMAT AIRMAIL,17264.7700,2543,568,252,11229.8700,6001.9000,209.9700,0.0120,0.0009,0.4719,A,17264.7700,6001.9000,250.0000
84970L,SINGLE HEART ZINC T-LIGHT HOLDER,17249.5400,17476,1080,463,10836.7700,6147.9900,34.2000,0.0020,0.0009,0.4728,A,17249.5400,6147.9900,251.0000
21889,WOODEN BOX OF DOMINOES,17119.4100,12824,1123,595,8257.1200,8439.6400,193.7500,0.0112,0.0009,0.4736,A,17119.4100,8439.6400,252.0000
23240,SET OF 4 KNICK KNACK TINS DOILY,17037.5200,4186,536,323,0.0000,16338.8100,206.7000,0.0120,0.0009,0.4745,A,17037.5200,16338.8100,253.0000
21156,RETROSPOT CHILDRENS APRON,17017.8800,9145,930,472,10924.8300,5835.5200,142.3500,0.0083,0.0009,0.4754,A,17017.8800,5835.5200,254.0000
22654,DELUXE SEWING KIT,17006.9700,2540,597,300,7108.0200,9637.7700,306.4000,0.0177,0.0009,0.4762,A,17006.9700,9637.7700,255.0000
21535,RED RETROSPOT SMALL MILK JUG,16921.1500,6809,1111,461,10909.6400,5940.1100,223.0500,0.0130,0.0009,0.4771,A,16921.1500,5940.1100,256.0000
22652,TRAVEL SEWING KIT,16822.1000,9927,830,440,8201.7800,8620.3200,92.4000,0.0055,0.0009,0.4779,A,16822.1000,8620.3200,257.0000
21533,RETRO SPOT LARGE MILK JUG,16793.0700,3379,954,425,10091.8500,6557.6700,375.0000,0.0218,0.0009,0.4788,A,16793.0700,6557.6700,258.0000
21164,HOME SWEET HOME METAL SIGN,16679.5100,5999,721,356,11517.6300,4967.2900,64.9000,0.0039,0.0008,0.4796,A,16679.5100,4967.2900,259.0000
72760B,VINTAGE CREAM 3 BASKET CAKE STAND,16634.4100,1724,494,301,12479.0700,4025.9900,170.3400,0.0101,0.0008,0.4805,A,16634.4100,4025.9900,260.0000
22993,SET OF 4 PANTRY JELLY MOULDS,16507.2300,12672,1073,431,0.0000,15868.6000,85.0000,0.0051,0.0008,0.4813,A,16507.2300,15868.6000,261.0000
22837,HOT WATER BOTTLE BABUSHKA,16487.7300,3541,450,221,10825.1500,5662.5800,157.6500,0.0095,0.0008,0.4822,A,16487.7300,5662.5800,262.0000
22487,WHITE WOOD GARDEN PLANT LADDER,16393.6000,1634,898,611,8474.3700,7761.6200,645.5500,0.0379,0.0008,0.4830,A,16393.6000,7761.6200,263.0000
21155,RED RETROSPOT PEG BAG,16360.7900,6673,969,364,7059.3900,9106.2800,562.6900,0.0332,0.0008,0.4838,A,16360.7900,9106.2800,264.0000
23301,GARDENERS KNEELING PAD KEEP CALM,16357.0500,8825,913,405,0.0000,14706.1300,168.9000,0.0102,0.0008,0.4847,A,16357.0500,14706.1300,265.0000
22191,IVORY DINER WALL CLOCK,16284.0500,1975,620,335,4312.9000,11716.8900,2703.8500,0.1424,0.0008,0.4855,A,16284.0500,11716.8900,266.0000
22662,LUNCH BAG DOLLY GIRL DESIGN,16266.4100,9983,994,426,5175.8300,10964.3300,112.2000,0.0069,0.0008,0.4863,A,16266.4100,10964.3300,267.0000
22296,HEART IVORY TRELLIS LARGE,16222.2600,9837,833,428,10948.1400,5185.0600,13.2000,0.0008,0.0008,0.4871,A,16222.2600,5185.0600,268.0000
22193,RED DINER WALL CLOCK,16177.4800,1917,617,265,4294.9100,11336.0600,319.6000,0.0194,0.0008,0.4880,A,16177.4800,11336.0600,269.0000
22634,CHILDS BREAKFAST SET SPACEBOY,16036.1000,1697,499,322,8844.9500,6894.2400,906.3000,0.0535,0.0008,0.4888,A,16036.1000,6894.2400,270.0000
21877,HOME SWEET HOME MUG,15996.8000,14087,755,323,9054.4700,6800.5200,1176.8200,0.0685,0.0008,0.4896,A,15996.8000,6800.5200,271.0000
22692,DOORMAT WELCOME TO OUR HOME,15982.4500,2137,606,293,4426.8900,11348.7900,665.0500,0.0399,0.0008,0.4904,A,15982.4500,11348.7900,272.0000
35004C,SET OF 3 COLOURED  FLYING DUCKS,15896.1800,3039,355,112,14008.0800,1888.1000,426.8000,0.0261,0.0008,0.4912,A,15896.1800,1888.1000,273.0000
22759,SET OF 3 NOTEBOOKS IN PARCEL,15894.6100,9397,795,472,6850.6700,9043.9400,42.9000,0.0027,0.0008,0.4920,A,15894.6100,9043.9400,274.0000
22690,DOORMAT HOME SWEET HOME BLUE,15859.7400,2533,437,278,5900.1400,9740.3000,48.3000,0.0030,0.0008,0.4928,A,15859.7400,9740.3000,275.0000
22635,CHILDS BREAKFAST SET DOLLY GIRL,15834.8100,1664,485,325,9412.5300,6234.8800,1113.4500,0.0657,0.0008,0.4936,A,15834.8100,6234.8800,276.0000
23313,VINTAGE CHRISTMAS BUNTING,15833.3100,2997,401,254,0.0000,14079.8600,64.3500,0.0040,0.0008,0.4944,A,15833.3100,14079.8600,277.0000
22367,CHILDRENS APRON SPACEBOY DESIGN,15811.8200,8076,1156,593,8291.5400,7193.9200,101.4000,0.0064,0.0008,0.4952,A,15811.8200,7193.9200,278.0000
84375,SET OF 20 KIDS COOKIE CUTTERS,15794.2800,7595,796,389,6390.1300,9021.9500,120.9000,0.0076,0.0008,0.4960,A,15794.2800,9021.9500,279.0000
22170,PICTURE FRAME WOOD TRIPLE PORTRAIT,15753.2700,2401,575,279,8775.6700,6686.7200,581.9000,0.0356,0.0008,0.4968,A,15753.2700,6686.7200,280.0000
22619,SET OF 6 SOLDIER SKITTLES,15668.8400,4021,708,421,5747.5500,9118.5500,37.5000,0.0024,0.0008,0.4976,A,15668.8400,9118.5500,281.0000
22333,RETROSPOT PARTY BAG + STICKER SET,15651.2000,10037,697,333,8603.9600,7012.5900,1947.9000,0.1107,0.0008,0.4984,A,15651.2000,7012.5900,282.0000
21891,TRADITIONAL WOODEN SKIPPING ROPE,15588.9000,12173,835,483,5062.9000,9742.9600,118.0700,0.0075,0.0008,0.4992,A,15588.9000,9742.9600,283.0000
22749,FELTCRAFT PRINCESS CHARLOTTE DOLL,15429.3500,3779,685,383,6164.4400,8768.7600,3.7500,0.0002,0.0008,0.5000,A,15429.3500,8768.7600,284.0000
22173,METAL 4 HOOK HANGER FRENCH CHATEAU,15426.6500,5031,997,383,7652.9500,7499.1900,399.7200,0.0253,0.0008,0.5008,A,15426.6500,7499.1900,285.0000
84378,SET OF 3 HEART COOKIE CUTTERS,15417.1900,11660,1248,601,6876.2900,8240.6400,116.0600,0.0075,0.0008,0.5016,A,15417.1900,8240.6400,286.0000
21844,RED RETROSPOT MUG,15367.7900,5387,494,252,10197.1500,5164.7400,141.2000,0.0091,0.0008,0.5023,A,15367.7900,5164.7400,287.0000
22940,FELTCRAFT CHRISTMAS FAIRY,15363.5600,3510,586,392,7409.5600,7587.4700,120.7500,0.0078,0.0008,0.5031,A,15363.5600,7587.4700,288.0000
85232B,SET/3 RUSSIAN DOLL STACKING TINS,15357.2800,3066,539,208,13996.0300,1361.2500,1502.7500,0.0891,0.0008,0.5039,A,15357.2800,1361.2500,289.0000
21094,SET/6 RED SPOTTY PAPER PLATES,15334.8800,19634,984,328,8401.6200,6881.3200,495.2400,0.0313,0.0008,0.5047,A,15334.8800,6881.3200,290.0000
22365,DOORMAT RESPECTABLE HOUSE,15304.7900,2331,443,193,9542.5100,5601.5400,22.6500,0.0015,0.0008,0.5054,A,15304.7900,5601.5400,291.0000
22909,SET OF 20 VINTAGE CHRISTMAS NAPKINS,15294.5200,17166,1086,578,7243.9900,7417.6700,334.2200,0.0214,0.0008,0.5062,A,15294.5200,7417.6700,292.0000
21975,PACK OF 60 DINOSAUR CAKE CASES,15288.3200,31426,1303,543,9170.4100,6051.9100,49.2600,0.0032,0.0008,0.5070,A,15288.3200,6051.9100,293.0000
21165,BEWARE OF THE CAT METAL SIGN,15175.8300,9365,966,321,8236.7500,6704.0600,82.5900,0.0054,0.0008,0.5078,A,15175.8300,6704.0600,294.0000
35970,ZINC FOLKART SLEIGH BELLS,15152.0100,8422,692,415,5605.4800,8714.7100,122.8600,0.0080,0.0008,0.5085,A,15152.0100,8714.7100,295.0000
82582,AREA PATROLLED METAL SIGN,15146.6800,7496,796,258,6283.6900,8428.0200,241.3800,0.0157,0.0008,0.5093,A,15146.6800,8428.0200,296.0000
22946,WOODEN ADVENT CALENDAR CREAM,15094.4700,978,275,152,8047.3000,6946.4200,390.3000,0.0252,0.0008,0.5101,A,15094.4700,6946.4200,297.0000
21122,SET/10 PINK POLKADOT PARTY CANDLES,15018.5300,12348,807,441,8522.4900,6358.6200,91.2500,0.0060,0.0008,0.5108,A,15018.5300,6358.6200,298.0000
22606,WOODEN SKITTLES GARDEN SET,14977.6400,1075,374,269,10307.2800,4606.5600,430.7000,0.0280,0.0008,0.5116,A,14977.6400,4606.5600,299.0000
22730,ALARM CLOCK BAKELIKE IVORY,14893.5200,3709,746,289,3413.8700,10979.5900,225.0000,0.0149,0.0008,0.5124,A,14893.5200,10979.5900,300.0000
21770,OPEN CLOSED METAL SIGN,14832.0500,2996,651,423,6893.2700,7488.6000,212.4000,0.0141,0.0008,0.5131,A,14832.0500,7488.6000,301.0000
17003,BROCADE RING PURSE,14776.8600,70405,456,215,8740.4700,5917.6800,215.7800,0.0144,0.0008,0.5139,A,14776.8600,5917.6800,302.0000
21912,VINTAGE SNAKES & LADDERS,14685.0800,3743,828,447,7622.3800,5986.1000,285.0000,0.0190,0.0007,0.5146,A,14685.0800,5986.1000,303.0000
22485,SET OF 2 WOODEN MARKET CRATES,14677.8400,1101,419,280,7487.4900,6902.0500,165.7500,0.0112,0.0007,0.5153,A,14677.8400,6902.0500,304.0000
21380,WOODEN HAPPY BIRTHDAY GARLAND,14622.8200,5041,651,325,8306.4600,6298.6600,1601.7000,0.0987,0.0007,0.5161,A,14622.8200,6298.6600,305.0000
84050,PINK HEART SHAPE EGG FRYING PAN,14549.7500,9868,715,308,9787.9700,4761.7800,107.3000,0.0073,0.0007,0.5168,A,14549.7500,4761.7800,306.0000
22150,3 STRIPEY MICE FELTCRAFT,14527.5000,7836,938,505,8602.1100,5478.9700,1264.8000,0.0801,0.0007,0.5176,A,14527.5000,5478.9700,307.0000
21672,WHITE SPOT RED CERAMIC DRAWER KNOB,14461.0300,11158,815,278,7645.1300,6684.9600,81.3000,0.0056,0.0007,0.5183,A,14461.0300,6684.9600,308.0000
22179,SET 10 LIGHTS NIGHT OWL,14425.3600,2024,566,201,7192.4100,6728.3800,224.6000,0.0153,0.0007,0.5190,A,14425.3600,6728.3800,309.0000
21169,YOU'RE CONFUSING ME METAL SIGN,14291.3400,8873,772,278,6970.9800,6892.1800,54.5700,0.0038,0.0007,0.5198,A,14291.3400,6892.1800,310.0000
20748,KENSINGTON COFFEE SET,14266.9800,1600,183,86,13515.8100,751.1700,-0.0000,-0.0000,0.0007,0.5205,A,14266.9800,751.1700,311.0000
23200,JUMBO BAG PEARS,14197.2800,7071,595,262,0.0000,13921.0000,243.6300,0.0169,0.0007,0.5212,A,14197.2800,13921.0000,312.0000
22295,HEART FILIGREE DOVE LARGE,14190.3400,8603,706,381,9546.6700,4559.5500,79.2000,0.0056,0.0007,0.5219,A,14190.3400,4559.5500,313.0000
22804,CANDLEHOLDER PINK HANGING HEART,14123.0000,5277,670,351,5987.6000,8038.6000,1294.8000,0.0840,0.0007,0.5226,A,14123.0000,8038.6000,314.0000
84380,SET OF 3 BUTTERFLY COOKIE CUTTERS,14085.4900,10412,1114,490,5924.0300,7873.2400,251.3900,0.0175,0.0007,0.5234,A,14085.4900,7873.2400,315.0000
22627,MINT KITCHEN SCALES,14076.3000,1607,653,322,6528.9100,7233.6300,125.7100,0.0089,0.0007,0.5241,A,14076.3000,7233.6300,316.0000
35400,WOODEN BOX ADVENT CALENDAR,14070.7000,1443,419,241,13981.2000,89.5000,779.4500,0.0525,0.0007,0.5248,A,14070.7000,89.5000,317.0000
21257,VICTORIAN SEWING BOX MEDIUM,14040.0300,1558,532,206,7130.6600,6387.4200,205.3000,0.0144,0.0007,0.5255,A,14040.0300,6387.4200,318.0000
21668,RED STRIPE CERAMIC DRAWER KNOB,14004.9200,10428,825,255,6477.2600,7443.5100,106.4200,0.0075,0.0007,0.5262,A,14004.9200,7443.5100,319.0000
22271,FELTCRAFT DOLL ROSIE,13983.6800,4887,787,400,8961.5800,5022.1000,839.2000,0.0566,0.0007,0.5269,A,13983.6800,5022.1000,320.0000
23343,JUMBO BAG VINTAGE CHRISTMAS,13978.9500,6081,476,286,0.0000,12265.4000,505.6800,0.0349,0.0007,0.5276,A,13978.9500,12265.4000,321.0000
22236,CAKE STAND 3 TIER MAGIC GARDEN,13978.2700,1128,421,251,10353.6700,3624.6000,1121.2500,0.0743,0.0007,0.5283,A,13978.2700,3624.6000,322.0000
21669,BLUE STRIPE CERAMIC DRAWER KNOB,13960.2800,10672,805,262,6824.2800,7062.6100,147.3200,0.0104,0.0007,0.5290,A,13960.2800,7062.6100,323.0000
21259,VICTORIAN SEWING BOX SMALL,13951.0200,2311,655,300,6844.0700,6788.2400,155.6500,0.0110,0.0007,0.5297,A,13951.0200,6788.2400,324.0000
21888,BINGO SET,13880.9200,3525,825,444,7213.8800,6648.3700,363.7500,0.0255,0.0007,0.5305,A,13880.9200,6648.3700,325.0000
22444,GROW YOUR OWN PLANT IN A CAN,13860.3500,10135,453,249,12752.4800,1107.8700,142.5000,0.0102,0.0007,0.5312,A,13860.3500,1107.8700,326.0000
22621,TRADITIONAL KNITTING NANCY,13800.6700,8737,875,507,3743.7200,9454.8700,114.0500,0.0082,0.0007,0.5319,A,13800.6700,9454.8700,327.0000
79323P,PINK CHERRY LIGHTS,13787.9300,2281,265,132,13760.9300,27.0000,4021.3500,0.2258,0.0007,0.5326,A,13787.9300,27.0000,328.0000
22109,FULL ENGLISH BREAKFAST PLATE,13768.8600,3343,642,205,6840.2100,6211.7300,271.2600,0.0193,0.0007,0.5333,A,13768.8600,6211.7300,329.0000
23077,DOUGHNUT LIP GLOSS,13720.7700,10415,344,217,0.0000,13001.0900,75.0000,0.0054,0.0007,0.5340,A,13720.7700,13001.0900,330.0000
21871,SAVE THE PLANET MUG,13710.2900,11536,779,299,7029.0800,6454.8500,892.1900,0.0611,0.0007,0.5346,A,13710.2900,6454.8500,331.0000
47556B,TEA TIME TEA TOWELS,13693.9700,5202,449,209,7648.9700,6045.0000,402.6000,0.0286,0.0007,0.5353,A,13693.9700,6045.0000,332.0000
22667,RECIPE BOX RETROSPOT,13654.2000,4868,848,406,5553.0500,7643.9500,428.9000,0.0305,0.0007,0.5360,A,13654.2000,7643.9500,333.0000
21539,RED RETROSPOT BUTTER DISH,13635.7900,2740,709,290,8877.0400,4758.7500,334.3100,0.0239,0.0007,0.5367,A,13635.7900,4758.7500,334.0000
21390,FILIGRIS HEART WITH BUTTERFLY,13625.4700,10995,588,280,8773.5900,4794.4200,93.7500,0.0068,0.0007,0.5374,A,13625.4700,4794.4200,335.0000
22636,CHILDS BREAKFAST SET CIRCUS PARADE,13496.5300,1625,489,312,8486.9700,4856.9300,375.7000,0.0271,0.0007,0.5381,A,13496.5300,4856.9300,336.0000
23356,LOVE HOT WATER BOTTLE,13494.9700,2386,476,316,0.0000,12580.9000,53.5500,0.0040,0.0007,0.5388,A,13494.9700,12580.9000,337.0000
23207,LUNCH BAG ALPHABET DESIGN,13360.2000,7851,740,377,0.0000,13144.8000,659.6000,0.0470,0.0007,0.5395,A,13360.2000,13144.8000,338.0000
21673,WHITE SPOT BLUE CERAMIC DRAWER KNOB,13332.9400,10097,763,263,7261.1900,6010.9100,143.9500,0.0107,0.0007,0.5401,A,13332.9400,6010.9100,339.0000
22584,PACK OF 6 PANNETONE GIFT BOXES,13331.1300,5239,589,417,7376.5200,5827.5300,425.8500,0.0310,0.0007,0.5408,A,13331.1300,5827.5300,340.0000
22207,FRYING PAN UNION FLAG,13307.0700,3105,480,189,7469.2300,5430.7300,324.7500,0.0238,0.0007,0.5415,A,13307.0700,5430.7300,341.0000
23108,SET OF 10 LED DOLLY LIGHTS,13303.0200,2221,372,271,0.0000,12604.6700,317.6000,0.0233,0.0007,0.5422,A,13303.0200,12604.6700,342.0000
21098,CHRISTMAS TOILET ROLL,13298.9300,8565,596,269,8205.1700,4801.8500,246.3900,0.0182,0.0007,0.5428,A,13298.9300,4801.8500,343.0000
23328,SET 6 SCHOOL MILK BOTTLES IN CRATE,13284.4900,2845,405,195,0.0000,11762.0200,29.6400,0.0022,0.0007,0.5435,A,13284.4900,11762.0200,344.0000
22580,ADVENT CALENDAR GINGHAM SACK,13283.8800,2346,495,275,6423.7900,6453.6400,331.8000,0.0244,0.0007,0.5442,A,13283.8800,6453.6400,345.0000
22846,BREAD BIN DINER STYLE RED,13281.7700,826,346,189,2605.1500,10227.8500,450.6000,0.0328,0.0007,0.5449,A,13281.7700,10227.8500,346.0000
22838,3 TIER CAKE TIN RED AND CREAM,13280.6600,926,271,184,3515.5500,9573.6800,1816.7000,0.1203,0.0007,0.5455,A,13280.6600,9573.6800,347.0000
21704,BAG 250g SWIRLY MARBLES,13239.4100,17180,568,287,9200.1300,3964.6800,512.0700,0.0372,0.0007,0.5462,A,13239.4100,3964.6800,348.0000
15044A,PINK PAPER PARASOL,13228.5500,4970,250,116,11771.8300,1442.1900,8.0500,0.0006,0.0007,0.5469,A,13228.5500,1442.1900,349.0000
75049L,LARGE CIRCULAR MIRROR MOBILE,13183.8000,13992,344,106,6355.8200,6810.4800,808.7500,0.0578,0.0007,0.5476,A,13183.8000,6810.4800,350.0000
20676,RED RETROSPOT BOWL,13173.2000,10529,966,372,6732.1400,6296.6200,156.8100,0.0118,0.0007,0.5482,A,13173.2000,6296.6200,351.0000
22464,HANGING METAL HEART LANTERN,13132.9500,7937,784,397,7613.5300,5101.7400,378.9000,0.0280,0.0007,0.5489,A,13132.9500,5101.7400,352.0000
22553,PLASTERS IN TIN SKULLS,13131.9500,7866,1090,507,5955.2800,6876.5300,158.4000,0.0119,0.0007,0.5496,A,13131.9500,6876.5300,353.0000
21935,SUKI  SHOULDER BAG,13103.2100,7127,921,234,6804.6000,5962.6700,196.1500,0.0147,0.0007,0.5502,A,13103.2100,5962.6700,354.0000
22088,PAPER BUNTING COLOURED LACE,13082.7800,4401,619,266,7421.7300,5661.0500,198.0500,0.0149,0.0007,0.5509,A,13082.7800,5661.0500,355.0000
22766,PHOTO FRAME CORNICE,12979.3000,4406,640,343,3135.7100,9681.5600,185.8500,0.0141,0.0007,0.5515,A,12979.3000,9681.5600,356.0000
84988,SET OF 72 PINK HEART PAPER DOILIES,12929.1900,8316,1019,379,6256.4900,6623.6500,91.2700,0.0070,0.0007,0.5522,A,12929.1900,6623.6500,357.0000
21906,PHARMACIE FIRST AID TIN,12919.9600,1792,424,214,8449.1500,4403.9400,263.2500,0.0200,0.0007,0.5529,A,12919.9600,4403.9400,358.0000
22655,VINTAGE RED KITCHEN CABINET,12845.0000,76,53,45,4720.0000,8125.0000,2320.5000,0.1530,0.0007,0.5535,A,12845.0000,8125.0000,359.0000
22198,LARGE POPCORN HOLDER,12782.7100,7345,646,240,10911.8000,1870.9100,347.3000,0.0265,0.0006,0.5542,A,12782.7100,1870.9100,360.0000
22646,CERAMIC STRAWBERRY CAKE MONEY BANK,12735.9100,8969,880,404,7040.1400,5249.3800,155.0000,0.0120,0.0006,0.5548,A,12735.9100,5249.3800,361.0000
22303,COFFEE MUG APPLES DESIGN,12734.7800,5452,540,266,6381.2300,6155.4900,336.4500,0.0257,0.0006,0.5555,A,12734.7800,6155.4900,362.0000
22947,WOODEN ADVENT CALENDAR RED,12704.1500,1011,209,124,3989.9100,8714.2400,221.2700,0.0171,0.0006,0.5561,A,12704.1500,8714.2400,363.0000
22616,PACK OF 12 LONDON TISSUES,12476.9900,39204,825,319,4496.0700,7765.5500,22.0800,0.0018,0.0006,0.5567,A,12476.9900,7765.5500,364.0000
22623,BOX OF VINTAGE JIGSAW BLOCKS,12454.0800,2316,541,334,7205.8700,5116.7400,355.0500,0.0277,0.0006,0.5574,A,12454.0800,5116.7400,365.0000
62018,SOMBRERO,12450.8500,9567,127,70,6734.0000,5447.3500,-0.0000,-0.0000,0.0006,0.5580,A,12450.8500,5447.3500,366.0000
22144,CHRISTMAS CRAFT LITTLE FRIENDS,12411.8700,5148,704,392,2730.6900,8996.0100,98.7000,0.0079,0.0006,0.5586,A,12411.8700,8996.0100,367.0000
21671,RED SPOT CERAMIC DRAWER KNOB,12386.8200,9526,727,265,6308.2800,5913.8700,237.3100,0.0188,0.0006,0.5593,A,12386.8200,5913.8700,368.0000
22082,RIBBON REEL STRIPES DESIGN,12353.7500,7365,957,512,7637.4200,4513.4700,51.1500,0.0041,0.0006,0.5599,A,12353.7500,4513.4700,369.0000
23174,REGENCY SUGAR BOWL GREEN,12350.7300,3057,322,190,0.0000,12135.0300,345.2000,0.0272,0.0006,0.5605,A,12350.7300,12135.0300,370.0000
22631,CIRCUS PARADE LUNCH BOX,12255.5000,6279,663,271,5048.1300,7039.4400,70.2000,0.0057,0.0006,0.5611,A,12255.5000,7039.4400,371.0000
15056P,EDWARDIAN PARASOL PINK,12246.7700,2476,344,186,7879.9500,4253.7700,1091.0500,0.0818,0.0006,0.5618,A,12246.7700,4253.7700,372.0000
85042,ANTIQUE LILY FAIRY LIGHTS,12239.5100,2686,292,142,12239.5100,0.0000,757.4000,0.0583,0.0006,0.5624,A,12239.5100,0.0000,373.0000
22301,COFFEE MUG CAT + BIRD DESIGN,12231.8800,5051,643,273,7200.0500,4862.1000,192.0000,0.0155,0.0006,0.5630,A,12231.8800,4862.1000,374.0000
21124,SET/10 BLUE SPOTTY PARTY CANDLES,12184.0400,10038,629,406,7315.9900,4824.3000,61.2500,0.0050,0.0006,0.5636,A,12184.0400,4824.3000,375.0000
21670,BLUE SPOT CERAMIC DRAWER KNOB,12170.4500,8918,767,260,6029.1600,6076.6600,100.0000,0.0081,0.0006,0.5642,A,12170.4500,6076.6600,376.0000
22192,BLUE DINER WALL CLOCK,12121.8000,1428,543,260,3932.5100,7892.5300,252.4500,0.0204,0.0006,0.5648,A,12121.8000,7892.5300,377.0000
20969,RED FLORAL FELTCRAFT SHOULDER BAG,12081.5200,3241,613,285,4844.5900,6978.7400,980.0700,0.0750,0.0006,0.5655,A,12081.5200,6978.7400,378.0000
21937,STRAWBERRY   PICNIC BAG,12065.3700,4109,657,286,7163.5700,4890.0000,169.1000,0.0138,0.0006,0.5661,A,12065.3700,4890.0000,379.0000
84212,"ASSORTED FLOWER COLOUR ""LEIS""",11965.3900,24800,277,140,7030.5200,4903.6700,46.8000,0.0039,0.0006,0.5667,A,11965.3900,4903.6700,380.0000
21787,RAIN PONCHO RETROSPOT,11932.8800,15143,469,221,4769.2300,6331.0800,420.0000,0.0340,0.0006,0.5673,A,11932.8800,6331.0800,381.0000
21242,RED RETROSPOT PLATE,11922.8000,7088,657,289,6218.0200,5488.2000,70.9800,0.0059,0.0006,0.5679,A,11922.8000,5488.2000,382.0000
22729,ALARM CLOCK BAKELIKE ORANGE,11882.7500,3004,612,236,2802.5500,9047.0400,130.8900,0.0109,0.0006,0.5685,A,11882.7500,9047.0400,383.0000
22243,5 HOOK HANGER RED MAGIC TOADSTOOL,11871.8000,7685,388,181,7118.5100,4753.2900,141.9000,0.0118,0.0006,0.5691,A,11871.8000,4753.2900,384.0000
84987,SET OF 36 TEATIME PAPER DOILIES,11868.5000,8141,812,406,7394.4300,4465.3700,97.7000,0.0082,0.0006,0.5697,A,11868.5000,4465.3700,385.0000
20975,12 PENCILS SMALL TUBE RED RETROSPOT,11859.7600,18116,902,460,7471.9400,4192.1700,858.3500,0.0675,0.0006,0.5703,A,11859.7600,4192.1700,386.0000
22791,T-LIGHT GLASS FLUTED ANTIQUE,11838.6900,9546,434,226,1874.8100,9387.3400,209.0000,0.0173,0.0006,0.5709,A,11838.6900,9387.3400,387.0000
23300,GARDENERS KNEELING PAD CUP OF TEA,11815.6900,6827,758,351,0.0000,10997.1200,231.6000,0.0192,0.0006,0.5715,A,11815.6900,10997.1200,388.0000
22488,NATURAL SLATE RECTANGLE CHALKBOARD,11793.0100,6908,808,426,6217.6800,5502.8000,80.8500,0.0068,0.0006,0.5721,A,11793.0100,5502.8000,389.0000
22750,FELTCRAFT PRINCESS LOLA DOLL,11780.1000,3147,647,362,4217.0200,7296.9900,37.5000,0.0032,0.0006,0.5727,A,11780.1000,7296.9900,390.0000
21428,SET3 BOOK BOX GREEN GINGHAM FLOWER,11779.9300,2887,465,228,6612.0500,5062.6800,166.0000,0.0139,0.0006,0.5733,A,11779.9300,5062.6800,391.0000
47567B,TEA TIME KITCHEN APRON,11748.7200,2177,348,179,8292.5700,3346.8100,76.0500,0.0064,0.0006,0.5739,A,11748.7200,3346.8100,392.0000
22943,CHRISTMAS LIGHTS 10 VINTAGE BAUBLES,11726.3400,2387,356,215,4941.1700,6580.1600,190.2500,0.0160,0.0006,0.5745,A,11726.3400,6580.1600,393.0000
21154,RED RETROSPOT OVEN GLOVE,11701.2000,8100,903,327,5379.4400,6078.8600,240.7500,0.0202,0.0006,0.5751,A,11701.2000,6078.8600,394.0000
21326,AGED GLASS SILVER T-LIGHT HOLDER,11679.6600,17902,643,307,4789.1900,6521.4700,66.3000,0.0056,0.0006,0.5757,A,11679.6600,6521.4700,395.0000
22151,PLACE SETTING WHITE HEART,11671.3500,27710,716,361,5339.0600,6191.5900,332.4600,0.0277,0.0006,0.5763,A,11671.3500,6191.5900,396.0000
22844,VINTAGE CREAM DOG FOOD CONTAINER,11627.2800,1231,498,229,1940.4600,9425.5400,236.3000,0.0199,0.0006,0.5769,A,11627.2800,9425.5400,397.0000
22649,STRAWBERRY FAIRY CAKE TEAPOT,11616.0300,2317,486,200,7468.3000,4042.0000,352.9000,0.0295,0.0006,0.5774,A,11616.0300,4042.0000,398.0000
23581,JUMBO BAG PAISLEY PARK,11613.0300,5035,338,230,0.0000,10219.2600,224.7600,0.0190,0.0006,0.5780,A,11613.0300,10219.2600,399.0000
21260,FIRST AID TIN,11609.9300,3526,534,303,7887.7000,3676.6000,197.2500,0.0167,0.0006,0.5786,A,11609.9300,3676.6000,400.0000
22508,DOORSTOP RETROSPOT HEART,11599.4500,2890,697,400,5054.8200,6428.5800,97.5000,0.0083,0.0006,0.5792,A,11599.4500,6428.5800,401.0000
22468,BABUSHKA LIGHTS STRING OF 10,11549.3500,1737,413,196,7916.1800,3566.0900,352.3000,0.0296,0.0006,0.5798,A,11549.3500,3566.0900,402.0000
22637,PIGGY BANK RETROSPOT,11523.4200,4490,598,329,4402.0400,7121.3800,171.9000,0.0147,0.0006,0.5804,A,11523.4200,7121.3800,403.0000
22663,JUMBO BAG DOLLY GIRL DESIGN,11469.3200,5766,688,268,4416.0400,6891.2800,66.3000,0.0057,0.0006,0.5810,A,11469.3200,6891.2800,404.0000
22950,36 DOILIES VINTAGE CHRISTMAS,11454.0900,8334,352,256,4321.0900,7133.0000,773.6500,0.0633,0.0006,0.5815,A,11454.0900,7133.0000,405.0000
22740,POLKADOT PEN,11436.1100,13393,300,163,5642.4900,5793.6200,-0.0000,-0.0000,0.0006,0.5821,A,11436.1100,5793.6200,406.0000
21172,PARTY METAL SIGN,11411.1600,7705,971,420,6065.2800,5210.0200,110.8500,0.0096,0.0006,0.5827,A,11411.1600,5210.0200,407.0000
21429,RED GINGHAM ROSE JEWELLERY BOX,11384.7000,6384,997,418,7985.7500,3186.3400,120.3000,0.0105,0.0006,0.5833,A,11384.7000,3186.3400,408.0000
22834,HAND WARMER BABUSHKA DESIGN,11329.0300,6934,597,300,4192.8000,6912.8300,331.2500,0.0284,0.0006,0.5839,A,11329.0300,6912.8300,409.0000
22988,SOLDIERS EGG CUP,11318.4500,9427,446,207,380.1400,10416.6900,132.7800,0.0116,0.0006,0.5844,A,11318.4500,10416.6900,410.0000
22968,ROSE COTTAGE KEEPSAKE BOX,11234.5700,1132,306,182,3372.6400,7822.0100,248.5500,0.0216,0.0006,0.5850,A,11234.5700,7822.0100,411.0000
21922,UNION STRIPE WITH FRINGE  HAMMOCK,11223.0300,1446,388,204,4270.7200,6862.6700,190.6500,0.0167,0.0006,0.5856,A,11223.0300,6862.6700,412.0000
22795,SWEETHEART RECIPE BOOK STAND,11209.5600,1602,498,227,2631.5600,8046.7100,118.9500,0.0105,0.0006,0.5861,A,11209.5600,8046.7100,413.0000
72351B,SET/6 PINK  BUTTERFLY T-LIGHTS,11195.3900,5790,499,208,7183.3400,3940.7900,221.6000,0.0194,0.0006,0.5867,A,11195.3900,3940.7900,414.0000
21868,POTTING SHED TEA MUG,11188.6400,9095,881,377,7926.3900,3245.8000,250.3900,0.0219,0.0006,0.5873,A,11188.6400,3245.8000,415.0000
47599A,PINK PARTY BAGS,11186.8700,5970,369,202,6537.3700,4624.3000,247.3600,0.0216,0.0006,0.5878,A,11186.8700,4624.3000,416.0000
22417,PACK OF 60 SPACEBOY CAKE CASES,11168.7000,21467,1103,521,6602.1600,4481.7900,62.7000,0.0056,0.0006,0.5884,A,11168.7000,4481.7900,417.0000
23170,REGENCY TEA PLATE ROSES,11117.0500,6869,445,224,0.0000,10859.6700,1046.3000,0.0860,0.0006,0.5890,A,11117.0500,10859.6700,418.0000
21735,TWO DOOR CURIO CABINET,11112.8500,853,262,139,8535.4000,2577.4500,2535.6000,0.1858,0.0006,0.5895,A,11112.8500,2577.4500,419.0000
22620,4 TRADITIONAL SPINNING TOPS,11091.9500,8195,841,449,4302.4900,6489.6400,20.4000,0.0018,0.0006,0.5901,A,11091.9500,6489.6400,420.0000
22768,FAMILY PHOTO FRAME CORNICE,11084.6200,1160,354,243,2816.0800,7794.0000,375.2000,0.0327,0.0006,0.5907,A,11084.6200,7794.0000,421.0000
22130,PARTY CONE CHRISTMAS DECORATION,11037.1100,9791,424,298,8372.4800,2618.7300,136.7000,0.0122,0.0006,0.5912,A,11037.1100,2618.7300,422.0000
22694,WICKER STAR,11000.6000,4913,858,484,6740.4800,4126.0000,348.0000,0.0307,0.0006,0.5918,A,11000.6000,4126.0000,423.0000
21749,LARGE RED RETROSPOT WINDMILL,10980.9800,5657,286,153,7103.8900,3877.0900,1381.9000,0.1118,0.0006,0.5923,A,10980.9800,3877.0900,424.0000
20828,GLITTER BUTTERFLY CLIPS,10973.6300,4436,607,261,7893.7500,2971.3500,76.5000,0.0069,0.0006,0.5929,A,10973.6300,2971.3500,425.0000
22668,PINK BABY BUNTING,10930.5000,3598,579,296,4220.0800,6666.3900,177.6500,0.0160,0.0006,0.5935,A,10930.5000,6666.3900,426.0000
21907,I'M ON HOLIDAY METAL SIGN,10910.3200,5184,771,381,5878.9400,4861.5600,44.1000,0.0040,0.0006,0.5940,A,10910.3200,4861.5600,427.0000
21498,RED RETROSPOT WRAP,10872.9200,26776,802,454,6550.5000,4164.9200,42.0000,0.0038,0.0006,0.5946,A,10872.9200,4164.9200,428.0000
37370,RETRO COFFEE MUGS ASSORTED,10854.5900,7171,492,184,7009.7800,3844.8100,57.4200,0.0053,0.0006,0.5951,A,10854.5900,3844.8100,429.0000
21558,SKULL LUNCH BOX WITH CUTLERY,10854.0100,4224,768,267,5285.9400,5510.5400,232.9500,0.0210,0.0006,0.5957,A,10854.0100,5510.5400,430.0000
22274,FELTCRAFT DOLL EMILY,10814.3200,3788,656,344,6840.1900,3797.4600,199.1000,0.0181,0.0005,0.5962,A,10814.3200,3797.4600,431.0000
22904,CALENDAR PAPER CUT DESIGN,10802.2500,3483,463,269,5323.1900,5479.0600,885.9000,0.0758,0.0005,0.5968,A,10802.2500,5479.0600,432.0000
21086,SET/6 RED SPOTTY PAPER CUPS,10792.2100,16674,843,311,5930.3100,4833.6100,422.6400,0.0377,0.0005,0.5973,A,10792.2100,4833.6100,433.0000
22812,PACK 3 BOXES CHRISTMAS PANNETONE,10750.0300,4887,462,270,7139.7800,3602.4500,91.6500,0.0085,0.0005,0.5979,A,10750.0300,3602.4500,434.0000
21833,CAMOUFLAGE LED TORCH,10691.8100,6245,444,210,6097.3800,4434.8700,297.5000,0.0271,0.0005,0.5984,A,10691.8100,4434.8700,435.0000
21624,VINTAGE UNION JACK DOORSTOP,10664.9500,1775,403,281,9327.4400,1266.6500,128.7500,0.0119,0.0005,0.5989,A,10664.9500,1266.6500,436.0000
22064,PINK DOUGHNUT TRINKET POT,10647.1100,6639,693,213,8090.9100,2356.0900,222.7000,0.0205,0.0005,0.5995,A,10647.1100,2356.0900,437.0000
21974,SET OF 36 PAISLEY FLOWER DOILIES,10622.1500,7046,808,355,7076.5500,3451.0200,201.4500,0.0186,0.0005,0.6000,A,10622.1500,3451.0200,438.0000
22348,TEA BAG PLATE RED RETROSPOT,10589.9200,12461,961,344,7004.9300,3526.1100,85.0000,0.0080,0.0005,0.6006,A,10589.9200,3526.1100,439.0000
22349,DOG BOWL CHASING BALL DESIGN,10562.9200,2574,366,226,5173.9000,5351.5600,132.1200,0.0124,0.0005,0.6011,A,10562.9200,5351.5600,440.0000
22595,GINGHAM HEART DECORATION,10557.9200,12551,796,481,4826.6600,5644.1300,103.6800,0.0097,0.0005,0.6016,A,10557.9200,5644.1300,441.0000
82001S,VINYL RECORD FRAME SILVER,10531.4000,2926,230,86,4781.1900,5656.9000,40.5300,0.0038,0.0005,0.6022,A,10531.4000,5656.9000,442.0000
22302,COFFEE MUG PEARS  DESIGN,10510.3000,4933,396,212,5373.4600,4964.0000,94.3500,0.0089,0.0005,0.6027,A,10510.3000,4964.0000,443.0000
23208,LUNCH BAG VINTAGE LEAF DESIGN,10498.0100,6342,668,305,0.0000,9932.2300,109.8500,0.0104,0.0005,0.6032,A,10498.0100,9932.2300,444.0000
21982,PACK OF 12 SUKI TISSUES,10489.0500,32541,718,335,8184.9100,2245.4400,10.8300,0.0010,0.0005,0.6038,A,10489.0500,2245.4400,445.0000
21890,S/6 WOODEN SKITTLES IN COTTON BAG,10484.6500,3500,547,335,6795.1900,3572.0500,30.2000,0.0029,0.0005,0.6043,A,10484.6500,3572.0500,446.0000
20754,RETROSPOT RED WASHING UP GLOVES,10449.0200,5096,852,363,7358.0600,3090.9600,66.3000,0.0063,0.0005,0.6048,A,10449.0200,3090.9600,447.0000
22418,10 COLOUR SPACEBOY PEN,10419.4300,12316,586,332,4833.9800,5478.5400,176.8000,0.0167,0.0005,0.6054,A,10419.4300,5478.5400,448.0000
22174,PHOTO CUBE,10410.6300,5144,557,178,4397.2000,5767.2500,79.2000,0.0076,0.0005,0.6059,A,10410.6300,5767.2500,449.0000
22992,REVOLVER WOODEN RULER,10379.8400,5236,348,217,0.0000,10159.6700,1193.4000,0.1031,0.0005,0.6064,A,10379.8400,10159.6700,450.0000
22725,ALARM CLOCK BAKELIKE CHOCOLATE,10366.1700,2529,549,217,2197.5700,7626.5400,221.2500,0.0209,0.0005,0.6069,A,10366.1700,7626.5400,451.0000
22120,WELCOME  WOODEN BLOCK LETTERS,10353.9900,1022,367,196,5077.0500,5207.2300,187.6000,0.0178,0.0005,0.6075,A,10353.9900,5207.2300,452.0000
22089,PAPER BUNTING VINTAGE PAISLEY,10309.2500,3508,552,290,5848.8700,4442.6800,173.9000,0.0166,0.0005,0.6080,A,10309.2500,4442.6800,453.0000
20979,36 PENCILS TUBE RED RETROSPOT,10279.3100,8162,709,310,5549.3300,4661.8300,463.1800,0.0431,0.0005,0.6085,A,10279.3100,4661.8300,454.0000
21781,MA CAMPAGNE CUTLERY BOX,10275.2200,665,363,150,7598.4700,2676.7500,600.6000,0.0552,0.0005,0.6090,A,10275.2200,2676.7500,455.0000
22771,CLEAR DRAWER KNOB ACRYLIC EDWARDIAN,10267.0800,7585,512,201,1216.6400,8922.5900,37.5000,0.0036,0.0005,0.6095,A,10267.0800,8922.5900,456.0000
22380,TOY TIDY SPACEBOY,10242.8600,4976,688,300,7419.0000,2697.7100,94.5000,0.0091,0.0005,0.6101,A,10242.8600,2697.7100,457.0000
23582,VINTAGE DOILY JUMBO BAG RED,10233.4500,4815,259,186,0.0000,6381.1700,222.6800,0.0213,0.0005,0.6106,A,10233.4500,6381.1700,458.0000
22970,LONDON BUS COFFEE MUG,10224.7500,4367,317,180,0.0000,9998.2200,33.6000,0.0033,0.0005,0.6111,A,10224.7500,9998.2200,459.0000
21531,RED RETROSPOT SUGAR JAM BOWL,10204.7200,4085,776,324,6512.3500,3666.8700,92.5500,0.0090,0.0005,0.6116,A,10204.7200,3666.8700,460.0000
20682,RED RETROSPOT CHILDRENS UMBRELLA,10197.3100,3076,589,296,6006.4800,3908.5700,178.7500,0.0172,0.0005,0.6121,A,10197.3100,3908.5700,461.0000
22748,POPPY'S PLAYHOUSE KITCHEN,10197.1000,4159,742,410,5299.4700,4807.4700,35.7000,0.0035,0.0005,0.6127,A,10197.1000,4807.4700,462.0000
21892,TRADITIONAL WOODEN CATCH CUP GAME,10173.7800,7844,818,447,5851.6200,4016.0600,67.5000,0.0066,0.0005,0.6132,A,10173.7800,4016.0600,463.0000
21033,JUMBO BAG CHARLIE AND LOLA TOYS,10157.7900,4599,573,163,5303.9800,4853.8100,31.2900,0.0031,0.0005,0.6137,A,10157.7900,4853.8100,464.0000
22966,GINGERBREAD MAN COOKIE CUTTER,10156.2600,8239,732,422,944.1100,8844.4400,6.2500,0.0006,0.0005,0.6142,A,10156.2600,8844.4400,465.0000
22180,RETROSPOT LAMP,10143.1800,979,410,226,6581.8400,3561.3400,483.2000,0.0455,0.0005,0.6147,A,10143.1800,3561.3400,466.0000
84792,ENCHANTED BIRD COATHANGER 5 HOOK,10128.8100,2299,519,248,6149.8400,3872.3600,270.4500,0.0260,0.0005,0.6152,A,10128.8100,3872.3600,467.0000
22840,ROUND CAKE TIN VINTAGE RED,10071.3500,1329,402,281,3143.7100,6808.7200,229.5500,0.0223,0.0005,0.6157,A,10071.3500,6808.7200,468.0000
23171,REGENCY TEA PLATE GREEN,10051.9900,6247,381,195,0.0000,9751.7300,146.2500,0.0143,0.0005,0.6163,A,10051.9900,9751.7300,469.0000
21756,BATH BUILDING BLOCK WORD,10039.8500,1628,581,327,4950.2900,4953.9600,35.7000,0.0035,0.0005,0.6168,A,10039.8500,4953.9600,470.0000
22645,CERAMIC HEART FAIRY CAKE MONEY BANK,10006.7200,5617,741,341,5284.9900,4505.7400,125.9500,0.0124,0.0005,0.6173,A,10006.7200,4505.7400,471.0000
22300,COFFEE MUG DOG + BALL DESIGN,9988.3000,4154,526,254,6543.3900,3305.0800,160.6500,0.0158,0.0005,0.6178,A,9988.3000,3305.0800,472.0000
22327,ROUND SNACK BOXES SET OF 4 SKULLS,9981.9000,3078,646,256,5645.2000,4106.5200,64.5000,0.0064,0.0005,0.6183,A,9981.9000,4106.5200,473.0000
23076,ICE CREAM SUNDAE LIP GLOSS,9965.7600,8100,277,202,0.0000,9646.0800,35.0000,0.0035,0.0005,0.6188,A,9965.7600,9646.0800,474.0000
22131,FOOD CONTAINER SET 3 LOVE HEART,9940.2400,5256,692,276,5988.0500,3865.8100,29.1000,0.0029,0.0005,0.6193,A,9940.2400,3865.8100,475.0000
84880,WHITE WIRE EGG HOLDER,9927.8400,1734,375,185,7900.1000,1996.9500,78.9000,0.0079,0.0005,0.6198,A,9927.8400,1996.9500,476.0000
22429,ENAMEL MEASURING JUG CREAM,9912.0400,2296,625,364,4362.3600,5448.9400,178.5000,0.0177,0.0005,0.6203,A,9912.0400,5448.9400,477.0000
22466,FAIRY TALE COTTAGE NIGHTLIGHT,9863.0300,5315,394,199,4255.2900,5393.6900,70.9500,0.0071,0.0005,0.6208,A,9863.0300,5393.6900,478.0000
20829,GLITTER HANGING BUTTERFLY STRING,9841.8200,4828,481,207,7116.7700,2678.9900,1801.9600,0.1548,0.0005,0.6213,A,9841.8200,2678.9900,479.0000
79000,MOROCCAN TEA GLASS,9831.3100,12057,436,195,6453.5700,3377.7400,171.9000,0.0172,0.0005,0.6218,A,9831.3100,3377.7400,480.0000
20677,PINK POLKADOT BOWL,9821.8100,7793,760,268,5071.9700,4576.2600,17.3100,0.0018,0.0005,0.6223,A,9821.8100,4576.2600,481.0000
22745,POPPY'S PLAYHOUSE BEDROOM,9804.5400,3995,703,377,5125.9500,4590.6000,27.3000,0.0028,0.0005,0.6228,A,9804.5400,4590.6000,482.0000
21488,RED WHITE SCARF  HOT WATER BOTTLE,9804.3300,2389,359,216,9238.1600,566.1700,-0.0000,-0.0000,0.0005,0.6233,A,9804.3300,566.1700,483.0000
22549,PICTURE DOMINOES,9728.5600,6528,711,403,4928.7300,4484.9700,1.4500,0.0001,0.0005,0.6238,A,9728.5600,4484.9700,484.0000
47570B,TEA TIME TABLE CLOTH,9643.5700,975,224,129,7916.3400,1727.2300,21.3000,0.0022,0.0005,0.6243,A,9643.5700,1727.2300,485.0000
23175,REGENCY MILK JUG PINK,9600.1500,3164,329,206,0.0000,9440.0900,225.5000,0.0230,0.0005,0.6248,A,9600.1500,9440.0900,486.0000
22665,RECIPE BOX BLUE SKETCHBOOK DESIGN,9598.6900,2958,703,326,4403.6600,5195.0300,129.9500,0.0134,0.0005,0.6253,A,9598.6900,5195.0300,487.0000
22978,PANTRY ROLLING PIN,9568.7300,2465,238,153,0.0000,9501.5100,272.6100,0.0277,0.0005,0.6257,A,9568.7300,9501.5100,488.0000
35961,FOLKART ZINC HEART CHRISTMAS DEC,9550.4800,11472,637,262,6909.6200,2572.5000,0.8500,0.0001,0.0005,0.6262,A,9550.4800,2572.5000,489.0000
82552,WASHROOM METAL SIGN,9541.0600,6965,794,346,4860.4300,4583.0900,8.7500,0.0009,0.0005,0.6267,A,9541.0600,4583.0900,490.0000
16014,SMALL CHINESE STYLE SCISSOR,9513.1000,29355,93,46,5177.3400,4306.3600,-0.0000,-0.0000,0.0005,0.6272,A,9513.1000,4306.3600,491.0000
22942,CHRISTMAS LIGHTS 10 SANTAS,9483.4100,1223,246,176,5014.3700,3973.9000,612.8500,0.0607,0.0005,0.6277,A,9483.4100,3973.9000,492.0000
22767,TRIPLE PHOTO FRAME CORNICE,9478.2300,1004,295,197,2304.6800,6924.8000,398.0000,0.0403,0.0005,0.6282,A,9478.2300,6924.8000,493.0000
21716,BOYS VINTAGE TIN SEASIDE BUCKET,9437.8700,3725,496,241,5524.1500,3876.3100,25.5000,0.0027,0.0005,0.6286,A,9437.8700,3876.3100,494.0000
21385,IVORY HANGING DECORATION  HEART,9426.9400,10912,690,320,5979.3900,3406.9600,5.1000,0.0005,0.0005,0.6291,A,9426.9400,3406.9600,495.0000
20970,PINK FLORAL FELTCRAFT SHOULDER BAG,9402.2900,2494,574,278,5166.4100,4074.6700,11.2500,0.0012,0.0005,0.6296,A,9402.2900,4074.6700,496.0000
22357,KINGS CHOICE BISCUIT TIN,9360.9100,2075,462,259,7185.8700,2037.6100,198.0000,0.0207,0.0005,0.6301,A,9360.9100,2037.6100,497.0000
84692,BOX OF 24 COCKTAIL PARASOLS,9352.2200,19122,1122,348,5022.7400,4222.7400,86.9400,0.0092,0.0005,0.6305,A,9352.2200,4222.7400,498.0000
21658,GLASS  BEURRE DISH,9295.5900,2231,519,166,5573.9600,3721.6300,351.4400,0.0364,0.0005,0.6310,A,9295.5900,3721.6300,499.0000
22219,LOVEBIRD HANGING DECORATION WHITE,9294.2800,9799,1149,384,5256.3000,3972.9400,93.8900,0.0100,0.0005,0.6315,A,9294.2800,3972.9400,500.0000
21243,PINK  SPOTTY PLATE,9292.7700,5639,503,210,5465.6100,3753.6100,27.0400,0.0029,0.0005,0.6320,A,9292.7700,3753.6100,501.0000
22656,VINTAGE BLUE KITCHEN CABINET,9290.0000,45,37,30,5605.0000,3685.0000,2368.5000,0.2032,0.0005,0.6324,A,9290.0000,3685.0000,502.0000
22072,RED RETROSPOT TEA CUP AND SAUCER,9284.7600,2420,511,200,6453.5900,2533.6700,183.7500,0.0194,0.0005,0.6329,A,9284.7600,2533.6700,503.0000
23319,BOX OF 6 MINI 50'S CRACKERS,9266.8400,3739,403,300,0.0000,8746.7500,244.9700,0.0258,0.0005,0.6334,A,9266.8400,8746.7500,504.0000
20747,PICCADILLY TEA SET,9239.8700,684,108,48,9239.8700,0.0000,55.4000,0.0060,0.0005,0.6338,A,9239.8700,0.0000,505.0000
22121,NOEL WOODEN BLOCK LETTERS,9221.1600,1490,438,303,7055.5100,2095.0600,47.6000,0.0051,0.0005,0.6343,A,9221.1600,2095.0600,506.0000
21745,GAOLERS KEYS DECORATIVE GARDEN,9220.2400,2704,486,236,5733.2600,3283.9600,71.2500,0.0077,0.0005,0.6348,A,9220.2400,3283.9600,507.0000
22741,FUNKY DIVA PEN,9173.0300,10652,292,132,1809.1700,7075.0500,43.3500,0.0047,0.0005,0.6352,A,9173.0300,7075.0500,508.0000
23318,BOX OF 6 MINI VINTAGE CRACKERS,9167.3900,3811,376,270,0.0000,8550.1500,368.7100,0.0387,0.0005,0.6357,A,9167.3900,8550.1500,509.0000
22195,LARGE HEART MEASURING SPOONS,9160.7400,5137,811,325,5435.1300,3524.6100,28.3500,0.0031,0.0005,0.6362,A,9160.7400,3524.6100,510.0000
23080,RED METAL BOX TOP SECRET,9158.8700,1079,257,148,0.0000,6779.0000,90.7500,0.0098,0.0005,0.6366,A,9158.8700,6779.0000,511.0000
21777,RECIPE BOX WITH METAL HEART,9147.0600,1135,367,169,9051.6600,95.4000,119.2500,0.0129,0.0005,0.6371,A,9147.0600,95.4000,512.0000
22244,3 HOOK HANGER MAGIC GARDEN,9133.1600,4776,431,169,5853.0500,3280.1100,117.0000,0.0126,0.0005,0.6376,A,9133.1600,3280.1100,513.0000
21933,PINK VINTAGE PAISLEY PICNIC BAG,9117.8300,4128,625,294,4153.8000,4866.0500,58.0500,0.0063,0.0005,0.6380,A,9117.8300,4866.0500,514.0000
84030E,ENGLISH ROSE HOT WATER BOTTLE,9101.6500,2136,485,254,2648.7100,6108.0300,55.2500,0.0060,0.0005,0.6385,A,9101.6500,6108.0300,515.0000
21041,RED RETROSPOT OVEN GLOVE DOUBLE,9072.8900,2674,525,191,5163.2600,3909.6300,38.3500,0.0042,0.0005,0.6389,A,9072.8900,3909.6300,516.0000
22989,SET 2 PANTRY DESIGN TEA TOWELS,9012.2700,2815,372,241,0.0000,8812.3200,78.0000,0.0086,0.0005,0.6394,A,9012.2700,8812.3200,517.0000
22839,3 TIER CAKE TIN GREEN AND CREAM,9001.0700,581,260,142,1989.5000,6894.2400,222.0500,0.0241,0.0005,0.6399,A,9001.0700,6894.2400,518.0000
21985,PACK OF 12 HEARTS DESIGN TISSUES,8989.5100,25583,919,493,6251.8800,2697.4000,31.3200,0.0035,0.0005,0.6403,A,8989.5100,2697.4000,519.0000
21715,GIRLS VINTAGE TIN SEASIDE BUCKET,8987.2400,3553,487,255,5480.0700,3492.1500,69.7500,0.0077,0.0005,0.6408,A,8987.2400,3492.1500,520.0000
22371,AIRLINE BAG VINTAGE TOKYO 78,8970.8000,1836,684,285,3877.2300,4803.2500,76.8800,0.0085,0.0005,0.6412,A,8970.8000,4803.2500,521.0000
23439,HAND WARMER RED LOVE HEART,8941.6100,4027,397,268,0.0000,7929.9700,-0.0000,-0.0000,0.0005,0.6417,A,8941.6100,7929.9700,522.0000
23322,LARGE WHITE HEART OF WICKER,8925.4100,3085,562,350,0.0000,8692.9100,169.8500,0.0187,0.0005,0.6421,A,8925.4100,8692.9100,523.0000
22141,CHRISTMAS CRAFT TREE TOP ANGEL,8909.9100,3670,572,313,2435.6200,6078.9300,33.6000,0.0038,0.0005,0.6426,A,8909.9100,6078.9300,524.0000
22215,CAKE STAND WHITE TWO TIER LACE,8860.9300,1091,359,245,6389.5400,2189.2600,510.0000,0.0544,0.0004,0.6430,A,8860.9300,2189.2600,525.0000
84839,SWEETHEART KEY CABINET,8848.3000,1538,393,219,8848.3000,0.0000,78.6000,0.0088,0.0004,0.6435,A,8848.3000,0.0000,526.0000
21042,RED SPOTTY APRON,8741.1100,1477,399,200,6535.6400,2175.1600,105.8000,0.0120,0.0004,0.6439,A,8741.1100,2175.1600,527.0000
20974,12 PENCILS SMALL TUBE SKULL,8697.5900,13236,822,370,4165.6100,4524.1800,397.8000,0.0437,0.0004,0.6444,A,8697.5900,4524.1800,528.0000
22895,SET OF 2 TEA TOWELS APPLE AND PEARS,8681.8400,2858,411,232,2331.8900,6231.6500,17.7000,0.0020,0.0004,0.6448,A,8681.8400,6231.6500,529.0000
23256,CHILDRENS CUTLERY SPACEBOY,8675.3700,2115,368,232,0.0000,8173.0500,338.0000,0.0375,0.0004,0.6453,A,8675.3700,8173.0500,530.0000
22212,FOUR HOOK  WHITE LOVEBIRDS,8671.7000,4038,828,323,4958.1600,3514.9500,84.0000,0.0096,0.0004,0.6457,A,8671.7000,3514.9500,531.0000
21980,PACK OF 12 RED RETROSPOT TISSUES,8651.5900,31342,676,406,6529.8300,2084.9000,55.6800,0.0064,0.0004,0.6461,A,8651.5900,2084.9000,532.0000
84032A,CHARLIE+LOLA PINK HOT WATER BOTTLE,8644.7500,3241,662,227,5253.8700,3107.3800,112.1000,0.0128,0.0004,0.6466,A,8644.7500,3107.3800,533.0000
21135,VICTORIAN  METAL POSTCARD SPRING,8638.2200,6027,405,251,5430.5300,3136.7100,182.8000,0.0207,0.0004,0.6470,A,8638.2200,3136.7100,534.0000
22110,BIRD HOUSE HOT WATER BOTTLE,8620.7600,2631,512,217,3706.0700,4447.7700,10.2000,0.0012,0.0004,0.6475,A,8620.7600,4447.7700,535.0000
23534,WALL ART STOP FOR TEA,8614.8500,1388,260,159,0.0000,7781.6100,41.6500,0.0048,0.0004,0.6479,A,8614.8500,7781.6100,536.0000
22283,6 EGG HOUSE PAINTED WOOD,8596.6900,1040,382,196,5854.3600,2678.8400,143.1000,0.0164,0.0004,0.6483,A,8596.6900,2678.8400,537.0000
21381,MINI WOODEN HAPPY BIRTHDAY GARLAND,8583.2100,5113,532,234,5445.2100,3108.2200,949.7100,0.0996,0.0004,0.6488,A,8583.2100,3108.2200,538.0000
23082,SET 6 PAPER TABLE LANTERN HEARTS,8577.5100,2333,297,205,0.0000,7939.9900,103.1600,0.0119,0.0004,0.6492,A,8577.5100,7939.9900,539.0000
23078,ICE CREAM PEN LIP GLOSS,8553.3400,6831,257,159,0.0000,8501.2000,60.0000,0.0070,0.0004,0.6496,A,8553.3400,8501.2000,540.0000
21186,WHITE DOVE HONEYCOMB PAPER GARLAND,8540.4200,5277,369,187,8533.7000,6.7200,14.5000,0.0017,0.0004,0.6501,A,8540.4200,6.7200,541.0000
22073,RED RETROSPOT STORAGE JAR,8517.8900,2140,474,227,7174.2500,1343.6400,164.2800,0.0189,0.0004,0.6505,A,8517.8900,1343.6400,542.0000
22078,RIBBON REEL LACE DESIGN,8510.8400,4013,480,246,5562.4300,2864.4100,79.8000,0.0093,0.0004,0.6509,A,8510.8400,2864.4100,543.0000
23493,VINTAGE DOILY TRAVEL SEWING KIT,8509.6800,3970,415,282,0.0000,7570.1800,11.4000,0.0013,0.0004,0.6514,A,8509.6800,7570.1800,544.0000
21932,SCANDINAVIAN PAISLEY PICNIC BAG,8508.1600,3876,649,315,3506.1800,4908.9200,58.3000,0.0068,0.0004,0.6518,A,8508.1600,4908.9200,545.0000
22079,RIBBON REEL HEARTS DESIGN,8500.7400,5054,684,397,5152.3500,3218.1300,100.6500,0.0117,0.0004,0.6522,A,8500.7400,3218.1300,546.0000
72807C,SET/3 VANILLA SCENTED CANDLE IN BOX,8493.4200,1984,345,164,5348.3700,3145.0500,566.3800,0.0625,0.0004,0.6527,A,8493.4200,3145.0500,547.0000
79323LP,LIGHT PINK CHERRY LIGHTS,8481.1900,1433,170,107,8481.1900,0.0000,2702.8000,0.2417,0.0004,0.6531,A,8481.1900,0.0000,548.0000
48189,DOOR MAT FRIENDSHIP,8477.0300,1322,274,152,8025.9200,451.1100,67.5000,0.0079,0.0004,0.6535,A,8477.0300,451.1100,549.0000
23321,SMALL WHITE HEART OF WICKER,8473.2700,4737,629,378,0.0000,8177.9400,64.3500,0.0075,0.0004,0.6539,A,8473.2700,8177.9400,550.0000
22751,FELTCRAFT PRINCESS OLIVIA DOLL,8472.2200,2271,466,269,2659.5000,5618.0400,22.5000,0.0026,0.0004,0.6544,A,8472.2200,5618.0400,551.0000
23535,WALL ART BICYCLE SAFETY,8469.9900,1329,215,135,0.0000,6614.8000,5.9500,0.0007,0.0004,0.6548,A,8469.9900,6614.8000,552.0000
85049E,SCANDINAVIAN REDS RIBBONS,8469.7200,6329,830,434,4678.6100,3689.3300,35.0000,0.0041,0.0004,0.6552,A,8469.7200,3689.3300,553.0000
22354,RETROSPOT PADDED SEAT CUSHION,8458.3100,2229,280,157,5597.3300,2853.5200,70.8900,0.0083,0.0004,0.6557,A,8458.3100,2853.5200,554.0000
22329,ROUND CONTAINER SET OF 5 RETROSPOT,8445.3000,5168,610,261,5781.7600,2630.6200,47.8500,0.0056,0.0004,0.6561,A,8445.3000,2630.6200,555.0000
22358,KINGS CHOICE TEA CADDY,8414.2600,2658,605,295,5857.1400,2440.7700,170.3500,0.0198,0.0004,0.6565,A,8414.2600,2440.7700,556.0000
21411,GINGHAM HEART  DOORSTOP RED,8394.3900,2103,624,358,5412.3600,2300.9600,34.0000,0.0040,0.0004,0.6569,A,8394.3900,2300.9600,557.0000
22628,PICNIC BOXES SET OF 3 RETROSPOT,8387.6000,1748,350,172,3761.7400,4507.0600,133.6500,0.0157,0.0004,0.6574,A,8387.6000,4507.0600,558.0000
51008,AFGHAN SLIPPER SOCK PAIR,8378.8000,2604,80,44,6688.2500,1690.5500,1054.0500,0.1117,0.0004,0.6578,A,8378.8000,1690.5500,559.0000
22689,DOORMAT MERRY CHRISTMAS RED,8366.7200,1092,264,182,3190.4700,5176.2500,354.0000,0.0406,0.0004,0.6582,A,8366.7200,5176.2500,560.0000
21934,SKULL SHOULDER BAG,8283.4700,4602,725,164,3803.1900,4290.8700,100.6500,0.0120,0.0004,0.6586,A,8283.4700,4290.8700,561.0000
21244,BLUE POLKADOT PLATE,8282.4500,5047,445,207,4493.1300,3782.7400,38.8700,0.0047,0.0004,0.6591,A,8282.4500,3782.7400,562.0000
85067,CREAM SWEETHEART WALL CABINET,8239.8900,498,175,110,8113.2400,126.6500,202.4500,0.0240,0.0004,0.6595,A,8239.8900,126.6500,563.0000
21874,GIN AND TONIC MUG,8229.1700,6348,617,211,4079.2400,3995.5900,36.4600,0.0044,0.0004,0.6599,A,8229.1700,3995.5900,564.0000
22055,MINI CAKE STAND  HANGING STRAWBERY,8212.1900,4945,724,252,6125.7000,1971.1100,82.9500,0.0100,0.0004,0.6603,A,8212.1900,1971.1100,565.0000
21238,RED RETROSPOT CUP,8181.8500,9498,903,324,4693.4100,3422.4800,126.3900,0.0152,0.0004,0.6607,A,8181.8500,3422.4800,566.0000
85049A,TRADITIONAL CHRISTMAS RIBBONS,8123.5300,6158,667,387,4276.1700,3634.7300,63.7500,0.0078,0.0004,0.6611,A,8123.5300,3634.7300,567.0000
84508A,CAMOUFLAGE DESIGN TEDDY,8091.4800,3809,108,51,4643.4300,3448.0500,21.9000,0.0027,0.0004,0.6616,A,8091.4800,3448.0500,568.0000
82551,LAUNDRY 15C METAL SIGN,8082.5900,5642,751,306,3539.7000,4476.2400,7.7000,0.0010,0.0004,0.6620,A,8082.5900,4476.2400,569.0000
20675,BLUE POLKADOT BOWL,8079.0800,6474,693,281,4094.7100,3927.1500,49.8100,0.0061,0.0004,0.6624,A,8079.0800,3927.1500,570.0000
22796,PHOTO FRAME 3 CLASSIC HANGING,8060.2500,810,316,201,2252.9000,5687.9500,563.8500,0.0654,0.0004,0.6628,A,8060.2500,5687.9500,571.0000
22738,RIBBON REEL SNOWY VILLAGE,8047.2200,4468,498,274,4191.1500,3650.5900,207.0000,0.0251,0.0004,0.6632,A,8047.2200,3650.5900,572.0000
84568,GIRLS ALPHABET IRON ON PATCHES,8033.4700,38506,310,49,5110.3400,2861.8100,181.6500,0.0221,0.0004,0.6636,A,8033.4700,2861.8100,573.0000
22504,CABIN BAG VINTAGE RETROSPOT,7985.0300,366,115,55,3310.4100,4584.7700,322.2500,0.0388,0.0004,0.6640,A,7985.0300,4584.7700,574.0000
21115,ROSE CARAVAN DOORSTOP,7975.1900,1252,431,266,4800.3500,2810.2200,6.7500,0.0008,0.0004,0.6644,A,7975.1900,2810.2200,575.0000
22592,CARDHOLDER HOLLY WREATH METAL,7964.3400,1982,304,207,4943.2200,2617.7200,7.5000,0.0009,0.0004,0.6648,A,7964.3400,2617.7200,576.0000
21769,VINTAGE POST OFFICE CABINET,7954.8700,123,48,42,7347.2200,607.6500,319.8000,0.0386,0.0004,0.6652,A,7954.8700,607.6500,577.0000
22353,LUNCH BOX WITH CUTLERY FAIRY CAKES,7933.1900,3045,493,200,7777.6400,155.5500,51.0000,0.0064,0.0004,0.6656,A,7933.1900,155.5500,578.0000
22275,WEEKEND BAG VINTAGE ROSE PAISLEY,7909.3300,950,313,168,7381.4800,527.8500,42.5000,0.0053,0.0004,0.6660,A,7909.3300,527.8500,579.0000
21116,OWL DOORSTOP,7904.9600,1356,534,164,3853.1700,4035.2100,4.9500,0.0006,0.0004,0.6664,A,7904.9600,4035.2100,580.0000
21875,KINGS CHOICE MUG,7889.5800,6824,414,218,5460.2000,2322.5300,81.5300,0.0102,0.0004,0.6668,A,7889.5800,2322.5300,581.0000
22350,ILLUSTRATED CAT BOWL,7885.9900,2841,331,169,4063.8700,3773.6700,5.1000,0.0006,0.0004,0.6672,A,7885.9900,3773.6700,582.0000
22890,NOVELTY BISCUITS CAKE STAND 3 TIER,7881.6600,806,260,148,3882.0900,3919.8500,481.3500,0.0576,0.0004,0.6676,A,7881.6600,3919.8500,583.0000
21976,PACK OF 60 MUSHROOM CAKE CASES,7832.5200,14643,950,404,4945.5700,2829.2200,30.2500,0.0038,0.0004,0.6680,A,7832.5200,2829.2200,584.0000
23238,SET OF 4 KNICK KNACK TINS LONDON,7825.5600,1862,274,150,0.0000,7191.6900,65.6000,0.0083,0.0004,0.6684,A,7825.5600,7191.6900,585.0000
22588,CARD HOLDER GINGHAM HEART,7805.2300,2860,483,320,5655.9200,2074.1000,411.8700,0.0501,0.0004,0.6688,A,7805.2300,2074.1000,586.0000
22784,LANTERN CREAM GAZEBO,7776.6400,1561,369,234,1371.1000,6224.6700,249.0000,0.0310,0.0004,0.6692,A,7776.6400,6224.6700,587.0000
20717,STRAWBERRY SHOPPER BAG,7773.7300,6301,757,283,4209.2500,3528.6700,137.2500,0.0173,0.0004,0.6696,A,7773.7300,3528.6700,588.0000
21588,RETROSPOT GIANT TUBE MATCHES,7766.4000,3358,284,191,4316.2500,2955.0000,63.7500,0.0081,0.0004,0.6700,A,7766.4000,2955.0000,589.0000
23007,SPACEBOY BABY GIFT SET,7758.7000,499,184,110,0.0000,7564.5200,101.7000,0.0129,0.0004,0.6704,A,7758.7000,7564.5200,590.0000
22809,SET OF 6 T-LIGHTS SANTA,7753.2200,2598,379,259,3930.7200,3496.6800,132.0000,0.0167,0.0004,0.6708,A,7753.2200,3496.6800,591.0000
23204,CHARLOTTE BAG APPLES DESIGN,7741.9400,7976,583,199,0.0000,7257.7300,138.3400,0.0176,0.0004,0.6712,A,7741.9400,7257.7300,592.0000
21110,LARGE CAKE TOWEL PINK SPOTS,7736.1200,1641,329,173,3913.6700,3822.4500,38.9000,0.0050,0.0004,0.6716,A,7736.1200,3822.4500,593.0000
84032B,CHARLIE + LOLA RED HOT WATER BOTTLE,7716.9500,3291,601,288,5286.5100,2060.8000,168.9000,0.0214,0.0004,0.6720,A,7716.9500,2060.8000,594.0000
22550,HOLIDAY FUN LUDO,7692.1400,2064,425,275,3497.2500,4082.5900,330.0000,0.0411,0.0004,0.6724,A,7692.1400,4082.5900,595.0000
22813,PACK 3 BOXES BIRD PANNETONE,7679.4300,3953,373,222,3038.6500,4476.9700,1.9500,0.0003,0.0004,0.6727,A,7679.4300,4476.9700,596.0000
22165,"DIAMANTE HEART SHAPED WALL MIRROR,",7673.7300,976,272,82,4345.5300,2458.1900,89.2500,0.0115,0.0004,0.6731,A,7673.7300,2458.1900,597.0000
21870,I CAN ONLY PLEASE ONE PERSON MUG,7651.2400,6102,630,243,5789.7800,1861.4600,121.2500,0.0156,0.0004,0.6735,A,7651.2400,1861.4600,598.0000
22528,GARDENERS KNEELING PAD,7630.9100,5830,554,284,7627.5500,3.3600,56.2500,0.0073,0.0004,0.6739,A,7630.9100,3.3600,599.0000
84968C,SET OF 16 VINTAGE PISTACHIO CUTLERY,7629.2500,637,191,64,4043.2600,3585.9900,51.0000,0.0066,0.0004,0.6743,A,7629.2500,3585.9900,600.0000
22669,RED BABY BUNTING,7628.6900,2391,438,263,4069.6900,3429.9700,142.2500,0.0183,0.0004,0.6747,A,7628.6900,3429.9700,601.0000
22493,PAINT YOUR OWN CANVAS SET,7627.9200,4750,418,244,3637.9800,3815.1100,398.1000,0.0496,0.0004,0.6751,A,7627.9200,3815.1100,602.0000
22991,GIRAFFE WOODEN RULER,7608.7900,3889,274,185,0.0000,7435.5800,1185.9000,0.1348,0.0004,0.6755,A,7608.7900,7435.5800,603.0000
22242,"HOOK, 5 HANGER , MAGIC TOADSTOOL",7595.4600,4779,368,186,6601.0800,994.3800,94.0500,0.0122,0.0004,0.6758,A,7595.4600,994.3800,604.0000
85065,CREAM SWEETHEART TRAYS,7575.4400,624,256,162,7575.4400,0.0000,377.8000,0.0475,0.0004,0.6762,A,7575.4400,0.0000,605.0000
22360,GLASS JAR ENGLISH CONFECTIONERY,7567.9500,2514,425,209,4357.4300,3117.5500,527.4000,0.0651,0.0004,0.6766,A,7567.9500,3117.5500,606.0000
22489,PACK OF 12 TRADITIONAL CRAYONS,7559.5900,17942,785,417,3486.6200,3892.1200,128.8800,0.0168,0.0004,0.6770,A,7559.5900,3892.1200,607.0000
22224,WHITE LOVEBIRD LANTERN,7530.8900,2374,401,234,4763.8800,2661.3600,64.9000,0.0085,0.0004,0.6774,A,7530.8900,2661.3600,608.0000
21463,MIRRORED DISCO BALL,7520.5100,1355,302,169,4073.5600,3326.1000,397.3500,0.0502,0.0004,0.6778,A,7520.5100,3326.1000,609.0000
85064,CREAM SWEETHEART LETTER RACK,7514.8600,1599,279,172,6538.6100,976.2500,20.2000,0.0027,0.0004,0.6781,A,7514.8600,976.2500,610.0000
22199,FRYING PAN RED RETROSPOT,7485.8500,1829,405,158,5558.0100,1775.1400,1066.7500,0.1247,0.0004,0.6785,A,7485.8500,1775.1400,611.0000
82580,BATHROOM METAL SIGN,7471.7200,13273,1336,443,3997.4100,3336.6700,129.4900,0.0170,0.0004,0.6789,A,7471.7200,3336.6700,612.0000
21746,SMALL RED RETROSPOT WINDMILL,7469.5900,5966,488,234,3702.6600,3766.9300,72.5000,0.0096,0.0004,0.6793,A,7469.5900,3766.9300,613.0000
21361,LOVE LARGE WOOD LETTERS,7450.9900,563,286,181,5945.0300,1505.9600,202.2000,0.0264,0.0004,0.6797,A,7450.9900,1505.9600,614.0000
22739,RIBBON REEL CHRISTMAS SOCK BAUBLE,7415.1900,4056,601,329,3830.1700,3374.9600,190.5000,0.0250,0.0004,0.6800,A,7415.1900,3374.9600,615.0000
11001,ASSTD DESIGN RACING CAR PEN,7413.7200,4832,251,118,5024.2800,2344.2600,1093.3900,0.1285,0.0004,0.6804,A,7413.7200,2344.2600,616.0000
21737,SET 3 WICKER LOG BASKETS,7402.5600,400,164,118,7402.5600,0.0000,-0.0000,-0.0000,0.0004,0.6808,A,7402.5600,0.0000,617.0000
72351A,SET/6 TURQUOISE BUTTERFLY T-LIGHTS,7402.2800,3744,399,174,4874.1300,2486.1500,67.0300,0.0090,0.0004,0.6812,A,7402.2800,2486.1500,618.0000
22945,CHRISTMAS METAL TAGS ASSORTED,7386.1000,7665,338,244,4366.9800,2966.3200,210.7800,0.0277,0.0004,0.6815,A,7386.1000,2966.3200,619.0000
21114,LAVENDER SCENTED FABRIC HEART,7368.6400,5716,494,359,5559.3100,1796.8300,75.0000,0.0101,0.0004,0.6819,A,7368.6400,1796.8300,620.0000
22465,HANGING METAL STAR LANTERN,7366.7400,4567,461,270,4213.6500,2752.6000,217.6500,0.0287,0.0004,0.6823,A,7366.7400,2752.6000,621.0000
21876,POTTERING MUG,7364.1500,5673,623,239,2529.6400,4610.5500,112.4000,0.0150,0.0004,0.6827,A,7364.1500,4610.5500,622.0000
23382,BOX OF 6 CHRISTMAS CAKE DECORATIONS,7356.1800,1875,220,136,0.0000,5889.3800,63.7500,0.0086,0.0004,0.6830,A,7356.1800,5889.3800,623.0000
22798,ANTIQUE GLASS DRESSING TABLE POT,7350.8400,2372,356,173,1786.5900,4942.6600,153.4000,0.0204,0.0004,0.6834,A,7350.8400,4942.6600,624.0000
21561,DINOSAUR LUNCH BOX WITH CUTLERY,7331.9600,2980,522,260,4204.5800,3072.2600,7.6500,0.0010,0.0004,0.6838,A,7331.9600,3072.2600,625.0000
22029,SPACEBOY BIRTHDAY CARD,7321.0800,17698,1101,429,3923.4300,3251.1700,25.2000,0.0034,0.0004,0.6841,A,7321.0800,3251.1700,626.0000
22282,12 EGG HOUSE PAINTED WOOD,7304.6900,561,216,92,4926.1700,2328.0600,25.5000,0.0035,0.0004,0.6845,A,7304.6900,2328.0600,627.0000
22907,PACK OF 20 NAPKINS PANTRY DESIGN,7294.3300,8704,829,445,1612.4300,5535.1400,167.0800,0.0224,0.0004,0.6849,A,7294.3300,5535.1400,628.0000
23083,SET 6 PAPER TABLE LANTERN STARS,7254.6500,1933,246,161,0.0000,6632.7500,214.1700,0.0287,0.0004,0.6853,A,7254.6500,6632.7500,629.0000
85174,S/4 CACTI CANDLES,7252.8600,1471,357,126,4305.9800,2834.9200,607.6500,0.0773,0.0004,0.6856,A,7252.8600,2834.9200,630.0000
22414,DOORMAT NEIGHBOURHOOD WITCH,7211.0600,1188,220,92,5172.6700,1953.1700,16.2000,0.0022,0.0004,0.6860,A,7211.0600,1953.1700,631.0000
22626,BLACK KITCHEN SCALES,7209.9800,842,339,200,2782.6200,4225.4300,110.5000,0.0151,0.0004,0.6864,A,7209.9800,4225.4300,632.0000
22577,WOODEN HEART CHRISTMAS SCANDINAVIAN,7157.6600,14028,832,517,3081.7200,3679.3000,83.0500,0.0115,0.0004,0.6867,A,7157.6600,3679.3000,633.0000
22827,RUSTIC  SEVENTEEN DRAWER SIDEBOARD,7150.0000,46,35,29,1735.0000,5415.0000,580.0000,0.0750,0.0004,0.6871,A,7150.0000,5415.0000,634.0000
21981,PACK OF 12 WOODLAND TISSUES,7142.8000,26250,553,282,5487.4400,1616.5600,9.6900,0.0014,0.0004,0.6874,A,7142.8000,1616.5600,635.0000
22644,CERAMIC CHERRY CAKE MONEY BANK,7120.6300,4892,610,304,4120.6100,2746.0900,254.4500,0.0345,0.0004,0.6878,A,7120.6300,2746.0900,636.0000
23236,STORAGE TIN VINTAGE DOILY,7106.2100,2509,327,203,0.0000,7002.1100,95.3700,0.0132,0.0004,0.6882,A,7106.2100,7002.1100,637.0000
21625,VINTAGE UNION JACK APRON,7086.2700,991,334,186,4118.9600,2897.1200,-0.0000,-0.0000,0.0004,0.6885,A,7086.2700,2897.1200,638.0000
23320,GIANT 50'S CHRISTMAS CRACKER,7072.1600,2668,333,260,0.0000,6549.5700,37.5700,0.0053,0.0004,0.6889,A,7072.1600,6549.5700,639.0000
21700,BIG DOUGHNUT FRIDGE MAGNETS,7070.1600,6384,525,186,4735.2200,2323.0400,102.8500,0.0143,0.0004,0.6892,A,7070.1600,2323.0400,640.0000
22781,GUMBALL MAGAZINE RACK,7068.2300,868,307,160,1869.5700,5003.1600,366.7500,0.0493,0.0004,0.6896,A,7068.2300,5003.1600,641.0000
37450,CERAMIC CAKE BOWL + HANGING CAKES,7046.7400,2452,391,138,4920.3500,2111.7500,193.2000,0.0267,0.0004,0.6900,A,7046.7400,2111.7500,642.0000
23215,JINGLE BELL HEART ANTIQUE SILVER,7044.6400,3567,210,162,0.0000,6668.4600,214.8000,0.0296,0.0004,0.6903,A,7044.6400,6668.4600,643.0000
21984,PACK OF 12 PINK PAISLEY TISSUES,7030.3300,25373,432,256,5913.3800,1097.4400,41.2800,0.0058,0.0004,0.6907,A,7030.3300,1097.4400,644.0000
23543,WALL ART KEEP CALM,7019.0100,1237,103,81,0.0000,3973.4100,-0.0000,-0.0000,0.0004,0.6910,A,7019.0100,3973.4100,645.0000
22618,COOKING SET RETROSPOT,7004.2500,720,242,180,6332.7200,671.5300,1226.0700,0.1490,0.0004,0.6914,A,7004.2500,671.5300,646.0000
23283,DOORMAT VINTAGE LEAF,7003.3800,994,233,146,0.0000,6601.3300,57.4500,0.0081,0.0004,0.6917,A,7003.3800,6601.3300,647.0000
23293,SET OF 12 FAIRY CAKE BAKING CASES,7001.9900,8486,552,323,0.0000,6537.2600,26.5600,0.0038,0.0004,0.6921,A,7001.9900,6537.2600,648.0000
21497,FANCY FONTS BIRTHDAY WRAP,6999.0000,17550,485,330,3569.0000,3263.5000,-0.0000,-0.0000,0.0004,0.6925,A,6999.0000,3263.5000,649.0000
22567,20 DOLLY PEGS RETROSPOT,6991.5300,5587,506,287,3709.2300,3231.5300,61.4500,0.0087,0.0004,0.6928,A,6991.5300,3231.5300,650.0000
22498,WOODEN REGATTA BUNTING,6963.4900,1140,381,211,4841.5000,2095.8500,-0.0000,-0.0000,0.0004,0.6932,A,6963.4900,2095.8500,651.0000
22563,HAPPY STENCIL CRAFT,6956.3500,5968,533,293,3598.1700,2963.2100,3.7500,0.0005,0.0004,0.6935,A,6956.3500,2963.2100,652.0000
10002,INFLATABLE POLITICAL GLOBE,6946.5100,8676,362,164,6186.6200,759.8900,883.5500,0.1128,0.0004,0.6939,A,6946.5100,759.8900,653.0000
23254,CHILDRENS CUTLERY DOLLY GIRL,6932.1600,1710,299,204,0.0000,6782.7700,83.0000,0.0118,0.0004,0.6942,A,6932.1600,6782.7700,654.0000
22377,BOTTLE BAG RETROSPOT,6924.3100,3620,435,200,4752.7800,2150.8100,116.8000,0.0166,0.0004,0.6946,A,6924.3100,2150.8100,655.0000
21768,WALL MOUNTED VINTAGE ORGANISER,6924.0400,510,163,95,6924.0400,0.0000,27.7000,0.0040,0.0004,0.6949,A,6924.0400,0.0000,656.0000
21903,MAN FLU METAL SIGN,6923.5700,3443,407,230,4429.2400,2370.1100,33.1000,0.0048,0.0004,0.6953,A,6923.5700,2370.1100,657.0000
22220,CAKE STAND LOVEBIRD 2 TIER WHITE,6895.3900,746,270,190,5036.1900,1608.4500,485.7000,0.0658,0.0004,0.6956,A,6895.3900,1608.4500,658.0000
22938,CUPCAKE LACE PAPER SET 6,6891.2500,3687,273,237,2402.6200,4478.6500,117.0000,0.0167,0.0003,0.6960,A,6891.2500,4478.6500,659.0000
22085,PAPER CHAIN KIT SKULLS,6886.8200,2539,230,141,5319.8300,1516.8000,1501.7500,0.1790,0.0003,0.6963,A,6886.8200,1516.8000,660.0000
21563,RED HEART SHAPE LOVE BUCKET,6881.6100,2788,362,180,4078.4800,2316.7000,52.0500,0.0075,0.0003,0.6967,A,6881.6100,2316.7000,661.0000
23109,PACK OF SIX LED TEA LIGHTS,6878.3700,2401,268,178,0.0000,6228.9200,239.0400,0.0336,0.0003,0.6970,A,6878.3700,6228.9200,662.0000
85220,SMALL FAIRY CAKE FRIDGE MAGNETS,6875.0000,12236,5,4,6875.0000,0.0000,3645.6500,0.3465,0.0003,0.6974,A,6875.0000,0.0000,663.0000
23103,JINGLE BELL HEART DECORATION,6859.3600,4080,365,231,0.0000,6516.2600,46.2000,0.0067,0.0003,0.6977,A,6859.3600,6516.2600,664.0000
37448,CERAMIC CAKE DESIGN SPOTTED MUG,6858.5000,4570,528,198,4644.4200,2146.3500,97.8600,0.0141,0.0003,0.6981,A,6858.5000,2146.3500,665.0000
47502,POLKADOT CUTLERY 24 PCS IN TRAY,6855.7500,640,79,40,6855.7500,0.0000,387.9500,0.0536,0.0003,0.6984,A,6855.7500,0.0000,666.0000
22378,WALL TIDY RETROSPOT,6841.2100,3756,546,167,3192.1400,3575.5400,31.5000,0.0046,0.0003,0.6988,A,6841.2100,3575.5400,667.0000
22187,GREEN CHRISTMAS TREE CARD HOLDER,6824.9500,2105,364,230,3579.2700,3010.6400,191.4500,0.0273,0.0003,0.6991,A,6824.9500,3010.6400,668.0000
23541,WALL ART CLASSIC PUDDINGS,6823.9100,872,152,97,0.0000,6699.2100,16.5000,0.0024,0.0003,0.6995,A,6823.9100,6699.2100,669.0000
35004B,SET OF 3 BLACK FLYING DUCKS,6809.6500,1474,275,64,3874.8400,2880.3100,364.6500,0.0508,0.0003,0.6998,A,6809.6500,2880.3100,670.0000
21989,PACK OF 20 SKULL PAPER NAPKINS,6801.7500,8565,654,264,4566.1000,2208.0900,409.4400,0.0568,0.0003,0.7001,A,6801.7500,2208.0900,671.0000
23297,SET 40 HEART SHAPE PETIT FOUR CASES,6792.2300,4303,161,123,0.0000,6792.2300,42.9000,0.0063,0.0003,0.7005,A,6792.2300,6792.2300,672.0000
37500,TEA TIME TEAPOT IN GIFT BOX,6787.4600,881,263,147,4426.7800,2256.3700,119.9700,0.0174,0.0003,0.7008,A,6787.4600,2256.3700,673.0000
20973,12 PENCIL SMALL TUBE WOODLAND,6786.3000,9882,658,309,3570.1800,3008.7200,4.5500,0.0007,0.0003,0.7012,A,6786.3000,3008.7200,674.0000
22430,ENAMEL WATERING CAN CREAM,6786.1300,1402,356,230,3520.0400,3256.1900,171.9500,0.0247,0.0003,0.7015,A,6786.1300,3256.1900,675.0000
22311,OFFICE MUG WARMER BLACK+SILVER,6782.1100,2125,300,120,3363.6000,2981.2800,33.5000,0.0049,0.0003,0.7019,A,6782.1100,2981.2800,676.0000
22431,WATERING CAN BLUE ELEPHANT,6777.3700,3368,620,269,2774.7600,3965.0800,35.1000,0.0052,0.0003,0.7022,A,6777.3700,3965.0800,677.0000
22845,VINTAGE CREAM CAT FOOD CONTAINER,6777.3000,1001,394,192,1374.0200,5235.8000,88.1000,0.0128,0.0003,0.7026,A,6777.3000,5235.8000,678.0000
21992,VINTAGE PAISLEY STATIONERY SET,6766.1500,3333,656,242,3237.0300,3529.1200,17.7000,0.0026,0.0003,0.7029,A,6766.1500,3529.1200,679.0000
22810,SET OF 6 T-LIGHTS SNOWMEN,6761.5800,2210,328,213,3715.9000,3030.9300,169.6000,0.0245,0.0003,0.7032,A,6761.5800,3030.9300,680.0000
22575,METAL MERRY CHRISTMAS WREATH,6760.1600,3144,330,207,5538.0900,1220.1200,160.5000,0.0232,0.0003,0.7036,A,6760.1600,1220.1200,681.0000
23008,DOLLY GIRL BABY GIFT SET,6753.5100,435,133,99,0.0000,6676.4500,118.6500,0.0173,0.0003,0.7039,A,6753.5100,6676.4500,682.0000
23229,VINTAGE DONKEY TAIL GAME,6739.7100,1869,256,186,0.0000,6136.2300,40.8900,0.0060,0.0003,0.7043,A,6739.7100,6136.2300,683.0000
22432,WATERING CAN PINK BUNNY,6738.2200,3536,517,266,3387.6000,3243.8900,35.1000,0.0052,0.0003,0.7046,A,6738.2200,3243.8900,684.0000
23480,MINI LIGHTS WOODLAND MUSHROOMS,6726.6400,1800,215,143,0.0000,5752.4800,68.1000,0.0100,0.0003,0.7050,A,6726.6400,5752.4800,685.0000
22746,POPPY'S PLAYHOUSE LIVINGROOM,6722.3500,2921,564,319,3477.4100,3179.7700,25.2000,0.0037,0.0003,0.7053,A,6722.3500,3179.7700,686.0000
23247,BISCUIT TIN 50'S CHRISTMAS,6715.9300,2206,309,231,0.0000,6322.7300,118.5400,0.0173,0.0003,0.7056,A,6715.9300,6322.7300,687.0000
22221,CAKE STAND LOVEBIRD 2 TIER PINK,6712.2800,906,156,108,5607.7400,988.3900,119.4000,0.0175,0.0003,0.7060,A,6712.2800,988.3900,688.0000
22526,WHEELBARROW FOR CHILDREN,6702.4200,545,207,153,4982.1600,1632.6300,153.0000,0.0223,0.0003,0.7063,A,6702.4200,1632.6300,689.0000
22059,CERAMIC STRAWBERRY DESIGN MUG,6687.4900,4974,458,183,4593.2500,1894.0000,96.8500,0.0143,0.0003,0.7067,A,6687.4900,1894.0000,690.0000
85047,WHITE BEADED GARLAND STRING 20LIGHT,6683.3800,1054,236,137,6664.3300,19.0500,450.7000,0.0632,0.0003,0.7070,A,6683.3800,19.0500,691.0000
23169,CLASSIC GLASS COOKIE JAR,6671.1400,1558,314,203,0.0000,6504.0500,379.1500,0.0538,0.0003,0.7073,A,6671.1400,6504.0500,692.0000
85014D,PINK/BROWN DOTS RUFFLED UMBRELLA,6670.4000,1919,90,73,6670.4000,0.0000,-0.0000,-0.0000,0.0003,0.7077,A,6670.4000,0.0000,693.0000
47599B,BLUE PARTY BAGS,6664.6400,3493,286,170,3842.3200,2797.1200,343.9600,0.0491,0.0003,0.7080,A,6664.6400,2797.1200,694.0000
85068,CREAM SWEETHEART SHELF + HOOKS,6655.1900,961,197,130,6655.1900,0.0000,29.8000,0.0045,0.0003,0.7083,A,6655.1900,0.0000,695.0000
21107,CREAM SLICE FLANNEL PINK SPOT,6654.2700,2312,313,167,4152.7100,1883.7700,-0.0000,-0.0000,0.0003,0.7087,A,6654.2700,1883.7700,696.0000
22779,WOODEN OWLS LIGHT GARLAND,6648.3500,1739,193,112,845.7500,5721.8500,110.5000,0.0163,0.0003,0.7090,A,6648.3500,5721.8500,697.0000
22661,CHARLOTTE BAG DOLLY GIRL DESIGN,6647.6500,8231,631,246,2415.7000,4144.8900,13.3400,0.0020,0.0003,0.7094,A,6647.6500,4144.8900,698.0000
22898,CHILDRENS APRON APPLES DESIGN,6627.5600,3180,471,261,1453.2400,4918.4900,1.6500,0.0002,0.0003,0.7097,A,6627.5600,4918.4900,699.0000
85175,CACTI T-LIGHT CANDLES,6626.4200,15614,442,199,4334.0800,2292.3400,248.8200,0.0362,0.0003,0.7100,A,6626.4200,2292.3400,700.0000
21592,RETROSPOT CIGAR BOX MATCHES,6576.6000,5896,476,312,4412.1400,1945.2800,30.0000,0.0045,0.0003,0.7104,A,6576.6000,1945.2800,701.0000
22080,RIBBON REEL SPOTS DESIGN,6570.1900,3922,519,336,4541.9600,1927.6000,67.6500,0.0102,0.0003,0.7107,A,6570.1900,1927.6000,702.0000
16156S,WRAP PINK FAIRY CAKES,6558.6200,16661,419,271,4227.6200,2289.0000,61.3200,0.0093,0.0003,0.7110,A,6558.6200,2289.0000,703.0000
21240,BLUE POLKADOT CUP,6543.3900,7590,769,287,3430.5800,3079.8000,37.9900,0.0058,0.0003,0.7114,A,6543.3900,3079.8000,704.0000
84968A,SET OF 16 VINTAGE ROSE CUTLERY,6538.0800,529,204,66,3398.7800,3126.5500,390.3000,0.0563,0.0003,0.7117,A,6538.0800,3126.5500,705.0000
21201,TROPICAL  HONEYCOMB PAPER GARLAND,6522.2600,2743,235,109,3534.4400,2922.5000,33.1500,0.0051,0.0003,0.7120,A,6522.2600,2922.5000,706.0000
22332,SKULLS PARTY BAG + STICKER SET,6522.2000,4159,381,233,4842.5500,1666.4500,669.3000,0.0931,0.0003,0.7124,A,6522.2000,1666.4500,707.0000
22364,GLASS JAR DIGESTIVE BISCUITS,6516.3100,2060,340,164,4506.1400,1955.0000,309.8500,0.0454,0.0003,0.7127,A,6516.3100,1955.0000,708.0000
22596,CHRISTMAS STAR WISH LIST CHALKBOARD,6515.6000,6371,438,309,2372.6800,3663.1500,34.1200,0.0052,0.0003,0.7130,A,6515.6000,3663.1500,709.0000
22148,EASTER CRAFT 4 CHICKS,6499.7900,3247,299,209,2570.6400,3905.7500,101.4000,0.0154,0.0003,0.7134,A,6499.7900,3905.7500,710.0000
85062,PEARL CRYSTAL PUMPKIN T-LIGHT HLDR,6491.9800,3964,342,172,4042.6800,2399.8600,14.2700,0.0022,0.0003,0.7137,A,6491.9800,2399.8600,711.0000
23311,VINTAGE CHRISTMAS STOCKING,6488.2000,2390,344,246,0.0000,5784.1700,38.2500,0.0059,0.0003,0.7140,A,6488.2000,5784.1700,712.0000
22142,CHRISTMAS CRAFT WHITE FAIRY,6464.2400,4313,503,336,1513.7000,4688.1000,26.1000,0.0040,0.0003,0.7143,A,6464.2400,4688.1000,713.0000
23553,LANDMARK FRAME CAMDEN TOWN,6457.1500,569,68,50,0.0000,4883.7300,-0.0000,-0.0000,0.0003,0.7147,A,6457.1500,4883.7300,714.0000
21494,ROTATING LEAVES T-LIGHT HOLDER,6456.5000,3839,501,147,2877.6700,3289.9600,5.0000,0.0008,0.0003,0.7150,A,6456.5000,3289.9600,715.0000
21500,PINK POLKADOT WRAP,6453.5000,15975,492,301,3860.5000,2540.5000,-0.0000,-0.0000,0.0003,0.7153,A,6453.5000,2540.5000,716.0000
23188,VINTAGE  2 METER FOLDING RULER,6451.0700,3473,333,207,0.0000,5961.2800,23.1000,0.0036,0.0003,0.7157,A,6451.0700,5961.2800,717.0000
21239,PINK  POLKADOT CUP,6449.4400,7382,751,266,3740.4000,2671.9900,44.0700,0.0068,0.0003,0.7160,A,6449.4400,2671.9900,718.0000
15060B,FAIRY CAKE DESIGN UMBRELLA,6448.7300,1415,449,174,4641.1800,1807.5500,42.2200,0.0065,0.0003,0.7163,A,6448.7300,1807.5500,719.0000
23571,TRADITIONAL NAUGHTS & CROSSES,6436.6100,2859,257,195,0.0000,6024.3100,-0.0000,-0.0000,0.0003,0.7166,A,6436.6100,6024.3100,720.0000
22578,WOODEN STAR CHRISTMAS SCANDINAVIAN,6433.9800,13320,768,484,2556.3000,3293.4400,112.4900,0.0172,0.0003,0.7170,A,6433.9800,3293.4400,721.0000
23134,LARGE ZINC HEART WALL ORGANISER,6431.1100,1065,38,29,0.0000,6431.1100,-0.0000,-0.0000,0.0003,0.7173,A,6431.1100,6431.1100,722.0000
22979,PANTRY WASHING UP BRUSH,6401.9700,4097,381,225,0.0000,6298.4100,117.5500,0.0180,0.0003,0.7176,A,6401.9700,6298.4100,723.0000
22063,CERAMIC BOWL WITH STRAWBERRY DESIGN,6391.4600,2315,356,142,5003.3600,1218.5200,46.8000,0.0073,0.0003,0.7179,A,6391.4600,1218.5200,724.0000
79067,CORONA MEXICAN TRAY,6383.9500,1616,396,160,5664.2600,719.6900,62.7000,0.0097,0.0003,0.7183,A,6383.9500,719.6900,725.0000
23307,SET OF 60 PANTRY DESIGN CAKE CASES,6379.5900,12063,629,366,0.0000,6070.7400,48.4000,0.0075,0.0003,0.7186,A,6379.5900,6070.7400,726.0000
23172,REGENCY TEA PLATE PINK,6360.9100,3871,305,160,0.0000,6021.0500,154.3000,0.0237,0.0003,0.7189,A,6360.9100,6021.0500,727.0000
22582,PACK OF 6 SWEETIE GIFT BOXES,6334.9700,2526,295,225,3685.6200,2623.9900,183.6000,0.0282,0.0003,0.7192,A,6334.9700,2623.9900,728.0000
84520B,PACK 20 ENGLISH ROSE PAPER NAPKINS,6332.6700,7403,722,327,5824.3000,508.3700,10.2000,0.0016,0.0003,0.7195,A,6332.6700,508.3700,729.0000
47559B,TEA TIME OVEN GLOVE,6325.4400,5127,701,303,3736.7900,2481.5100,67.5000,0.0106,0.0003,0.7199,A,6325.4400,2481.5100,730.0000
22849,BREAD BIN DINER STYLE MINT,6321.6300,405,162,101,1260.0000,5061.6300,251.2000,0.0382,0.0003,0.7202,A,6321.6300,5061.6300,731.0000
22065,CHRISTMAS PUDDING TRINKET POT,6320.1200,8688,456,249,2849.2900,3218.0000,54.7700,0.0086,0.0003,0.7205,A,6320.1200,3218.0000,732.0000
22783,SET 3 WICKER OVAL BASKETS W LIDS,6316.3000,482,45,38,355.0500,5961.2500,-0.0000,-0.0000,0.0003,0.7208,A,6316.3000,5961.2500,733.0000
22460,EMBOSSED GLASS TEALIGHT HOLDER,6300.1200,4784,376,206,3010.3700,3183.0100,32.1200,0.0051,0.0003,0.7212,A,6300.1200,3183.0100,734.0000
22185,SLATE TILE NATURAL HANGING,6293.4200,3942,462,298,4001.9800,2055.2300,6.6000,0.0010,0.0003,0.7215,A,6293.4200,2055.2300,735.0000
22906,12 MESSAGE CARDS WITH ENVELOPES,6256.0800,3395,445,274,3296.6600,2742.0800,88.6500,0.0140,0.0003,0.7218,A,6256.0800,2742.0800,736.0000
84884A,ANT WHITE WIRE HEART SPIRAL,6248.2800,1708,312,195,5046.3700,1157.5400,3.9500,0.0006,0.0003,0.7221,A,6248.2800,1157.5400,737.0000
21714,CITRONELLA CANDLE GARDEN POT,6229.8900,4321,522,230,3211.7400,2961.6100,70.1000,0.0111,0.0003,0.7224,A,6229.8900,2961.6100,738.0000
22435,SET OF 9 HEART SHAPED BALLOONS,6218.9700,4942,537,303,2762.2200,3297.0000,154.7500,0.0243,0.0003,0.7227,A,6218.9700,3297.0000,739.0000
22826,LOVE SEAT ANTIQUE WHITE METAL,6210.0000,58,41,33,0.0000,6210.0000,517.5000,0.0769,0.0003,0.7231,A,6210.0000,6210.0000,740.0000
21078,SET/20 STRAWBERRY PAPER NAPKINS,6194.0000,7226,741,342,3653.6100,2540.3900,1.7000,0.0003,0.0003,0.7234,A,6194.0000,2540.3900,741.0000
22780,LIGHT GARLAND BUTTERFILES PINK,6176.0900,1625,179,110,1131.7500,4967.8400,106.2500,0.0169,0.0003,0.7237,A,6176.0900,4967.8400,742.0000
22222,CAKE PLATE LOVEBIRD WHITE,6165.7900,1490,403,203,2285.5900,3830.4600,24.7500,0.0040,0.0003,0.7240,A,6165.7900,3830.4600,743.0000
22196,SMALL HEART MEASURING SPOONS,6159.0400,6607,981,304,3399.7800,2563.9300,36.0400,0.0058,0.0003,0.7243,A,6159.0400,2563.9300,744.0000
20751,FUNKY WASHING UP GLOVES ASSORTED,6157.6600,2903,471,264,4048.9400,2106.6200,6.3000,0.0010,0.0003,0.7246,A,6157.6600,2106.6200,745.0000
22848,BREAD BIN DINER STYLE PINK,6145.5500,382,151,75,920.1500,5225.4000,208.3500,0.0328,0.0003,0.7249,A,6145.5500,5225.4000,746.0000
23192,BUNDLE OF 3 ALPHABET EXERCISE BOOKS,6142.2900,3533,345,224,0.0000,5801.5000,4.9500,0.0008,0.0003,0.7252,A,6142.2900,5801.5000,747.0000
84832,ZINC WILLIE WINKIE  CANDLE STICK,6138.9500,6799,630,281,3425.4000,2541.0400,10.2000,0.0017,0.0003,0.7256,A,6138.9500,2541.0400,748.0000
21584,RETROSPOT SMALL TUBE MATCHES,6129.4500,3805,352,253,4374.5500,1682.3000,44.5500,0.0072,0.0003,0.7259,A,6129.4500,1682.3000,749.0000
21667,GLASS CAKE COVER AND PLATE,6126.2500,354,163,119,6096.3500,29.9000,393.7500,0.0604,0.0003,0.7262,A,6126.2500,29.9000,750.0000
23118,PARISIENNE JEWELLERY DRAWER,6102.1800,813,258,154,0.0000,5430.6800,180.0000,0.0287,0.0003,0.7265,A,6102.1800,5430.6800,751.0000
21499,BLUE POLKADOT WRAP,6070.3400,15077,460,302,3250.5000,2777.8400,82.5000,0.0134,0.0003,0.7268,A,6070.3400,2777.8400,752.0000
22167,OVAL WALL MIRROR DIAMANTE,6066.2800,691,303,92,3665.2100,2338.0600,248.7500,0.0394,0.0003,0.7271,A,6066.2800,2338.0600,753.0000
21591,COSY HOUR CIGAR BOX MATCHES,6053.0800,4018,365,264,4051.9400,1924.8900,67.5000,0.0110,0.0003,0.7274,A,6053.0800,1924.8900,754.0000
72802C,VANILLA SCENT CANDLE JEWELLED BOX,6051.8100,2185,269,143,3359.3700,2692.4400,584.0600,0.0880,0.0003,0.7277,A,6051.8100,2692.4400,755.0000
22361,GLASS JAR DAISY FRESH COTTON WOOL,6051.0100,1850,496,189,3452.7800,2522.7400,232.8500,0.0371,0.0003,0.7280,A,6051.0100,2522.7400,756.0000
21586,KINGS CHOICE GIANT TUBE MATCHES,6036.6000,2590,238,172,4314.7500,1721.8500,94.3500,0.0154,0.0003,0.7283,A,6036.6000,1721.8500,757.0000
85178,VICTORIAN SEWING KIT,6030.7700,5483,313,177,3206.9400,2748.2200,337.8500,0.0530,0.0003,0.7286,A,6030.7700,2748.2200,758.0000
23526,WALL ART DOG LICENCE,6021.4000,1012,143,79,0.0000,5082.2100,95.2000,0.0156,0.0003,0.7289,A,6021.4000,5082.2100,759.0000
21918,SET 12 KIDS COLOUR  CHALK STICKS,6020.2800,14615,788,369,3069.6100,2904.2500,18.0600,0.0030,0.0003,0.7292,A,6020.2800,2904.2500,760.0000
22331,WOODLAND PARTY BAG + STICKER SET,6011.5700,3660,437,225,3036.4300,2937.2300,46.2000,0.0076,0.0003,0.7296,A,6011.5700,2937.2300,761.0000
22841,ROUND CAKE TIN VINTAGE GREEN,6010.4700,773,306,219,1900.7500,4038.5000,151.0500,0.0245,0.0003,0.7299,A,6010.4700,4038.5000,762.0000
22772,PINK DRAWER KNOB ACRYLIC EDWARDIAN,6009.9200,4453,314,105,798.2200,5131.0500,18.7500,0.0031,0.0003,0.7302,A,6009.9200,5131.0500,763.0000
22855,FINE WICKER HEART,5995.4900,4808,427,271,2691.2600,3304.2300,15.0000,0.0025,0.0003,0.7305,A,5995.4900,3304.2300,764.0000
22045,SPACEBOY GIFT WRAP,5992.1400,14567,473,290,3308.3000,2620.8400,44.1000,0.0073,0.0003,0.7308,A,5992.1400,2620.8400,765.0000
23296,SET OF 6 TEA TIME BAKING CASES,5988.0500,4981,378,243,0.0000,5912.5200,33.7500,0.0056,0.0003,0.7311,A,5988.0500,5912.5200,766.0000
22278,OVERNIGHT BAG VINTAGE ROSE PAISLEY,5969.4300,1018,383,164,3260.1300,2462.9100,117.3200,0.0193,0.0003,0.7314,A,5969.4300,2462.9100,767.0000
23312,VINTAGE CHRISTMAS GIFT SACK,5968.3000,1424,214,168,0.0000,5441.3600,4.1500,0.0007,0.0003,0.7317,A,5968.3000,5441.3600,768.0000
22491,PACK OF 12 COLOURED PENCILS,5961.0500,7436,390,264,2767.2200,3166.7000,134.2800,0.0220,0.0003,0.7320,A,5961.0500,3166.7000,769.0000
23052,RECYCLED ACAPULCO MAT TURQUOISE,5949.3400,654,278,147,0.0000,5816.5600,8.2500,0.0014,0.0003,0.7323,A,5949.3400,5816.5600,770.0000
23154,SET OF 4 JAM JAR MAGNETS,5907.3600,2732,235,141,0.0000,5604.2700,126.8800,0.0210,0.0003,0.7326,A,5907.3600,5604.2700,771.0000
48197,DOOR MAT BIRD ON THE WIRE,5905.6400,898,225,81,5905.6400,0.0000,-0.0000,-0.0000,0.0003,0.7329,A,5905.6400,0.0000,772.0000
84509A,SET OF 4 ENGLISH ROSE PLACEMATS,5901.5400,1524,404,180,2484.2600,3379.9000,48.7500,0.0082,0.0003,0.7332,A,5901.5400,3379.9000,773.0000
22241,GARLAND WOODEN HAPPY EASTER,5897.4200,4377,474,242,3255.4900,2641.9300,22.3100,0.0038,0.0003,0.7335,A,5897.4200,2641.9300,774.0000
21407,BROWN CHECK CAT DOORSTOP,5896.0800,1297,453,231,4474.9700,1421.1100,8.5000,0.0014,0.0003,0.7338,A,5896.0800,1421.1100,775.0000
22737,RIBBON REEL CHRISTMAS PRESENT,5894.8800,3299,493,300,3199.0800,2567.1900,66.0000,0.0111,0.0003,0.7341,A,5894.8800,2567.1900,776.0000
23113,PANTRY CHOPPING BOARD,5868.5000,1154,57,39,0.0000,5806.4300,4803.0600,0.4501,0.0003,0.7344,A,5868.5000,5806.4300,777.0000
22660,DOORMAT I LOVE LONDON,5862.8000,884,194,96,3183.8400,2591.6600,47.7000,0.0081,0.0003,0.7347,A,5862.8000,2591.6600,778.0000
21832,CHOCOLATE CALCULATOR,5849.9600,3346,459,204,4049.9600,1768.7100,69.3000,0.0117,0.0003,0.7350,A,5849.9600,1768.7100,779.0000
22971,QUEENS GUARD COFFEE MUG,5849.2900,2431,272,164,0.0000,5737.9300,37.6500,0.0064,0.0003,0.7353,A,5849.2900,5737.9300,780.0000
23485,BOTANICAL GARDENS WALL CLOCK,5843.9200,262,83,70,0.0000,5585.7200,407.4000,0.0652,0.0003,0.7356,A,5843.9200,5585.7200,781.0000
21988,PACK OF 6 SKULL PAPER PLATES,5820.9500,7830,416,209,3958.2000,1849.2200,368.6400,0.0596,0.0003,0.7359,A,5820.9500,1849.2200,782.0000
85038,6 CHOCOLATE LOVE HEART T-LIGHTS,5820.3800,2786,382,191,3640.7200,1924.4100,-0.0000,-0.0000,0.0003,0.7362,A,5820.3800,1924.4100,783.0000
85132C,CHARLIE AND LOLA FIGURES TINS,5818.9400,2062,302,144,2256.6200,3562.3200,79.4000,0.0135,0.0003,0.7365,A,5818.9400,3562.3200,784.0000
22951,60 CAKE CASES DOLLY GIRL DESIGN,5807.4200,11032,634,345,1796.8700,3924.2000,116.4000,0.0196,0.0003,0.7367,A,5807.4200,3924.2000,785.0000
21313,GLASS HEART T-LIGHT HOLDER,5794.0600,6738,415,173,2887.5400,2847.5800,110.1500,0.0187,0.0003,0.7370,A,5794.0600,2847.5800,786.0000
22200,FRYING PAN PINK POLKADOT,5784.9200,1296,357,120,3975.4400,1747.4400,44.2500,0.0076,0.0003,0.7373,A,5784.9200,1747.4400,787.0000
22687,DOORMAT CHRISTMAS VILLAGE,5784.6700,895,149,97,2430.4500,3221.1800,-0.0000,-0.0000,0.0003,0.7376,A,5784.6700,3221.1800,788.0000
22964,3 PIECE SPACEBOY COOKIE CUTTER SET,5777.2300,2765,408,228,296.1400,5250.6500,29.4000,0.0051,0.0003,0.7379,A,5777.2300,5250.6500,789.0000
22899,CHILDREN'S APRON DOLLY GIRL,5771.8600,2774,421,249,1443.3300,4108.5600,14.4500,0.0025,0.0003,0.7382,A,5771.8600,4108.5600,790.0000
21452,TOADSTOOL MONEY BOX,5754.9300,1883,408,228,3205.8200,2461.8800,127.0000,0.0216,0.0003,0.7385,A,5754.9300,2461.8800,791.0000
22441,GROW YOUR OWN BASIL IN ENAMEL MUG,5744.2700,2651,472,295,3442.9600,2169.2900,21.0000,0.0036,0.0003,0.7388,A,5744.2700,2169.2900,792.0000
37495,FAIRY CAKE BIRTHDAY CANDLE SET,5736.3500,1561,330,206,4114.1100,1607.2400,493.2000,0.0792,0.0003,0.7391,A,5736.3500,1607.2400,793.0000
84968B,S/16 VINTAGE IVORY CUTLERY,5732.4100,432,135,51,5706.9100,25.5000,12.7500,0.0022,0.0003,0.7394,A,5732.4100,25.5000,794.0000
23205,CHARLOTTE BAG VINTAGE ALPHABET,5728.0800,5859,467,201,0.0000,5439.9900,140.2500,0.0239,0.0003,0.7397,A,5728.0800,5439.9900,795.0000
21528,DAIRY MAID TRADITIONAL TEAPOT,5721.8500,905,257,145,4143.4300,1565.1300,213.4000,0.0360,0.0003,0.7400,A,5721.8500,1565.1300,796.0000
22070,SMALL RED RETROSPOT MUG IN BOX,5720.2400,1840,320,217,3362.0900,2309.6000,474.7900,0.0766,0.0003,0.7403,A,5720.2400,2309.6000,797.0000
21577,SAVE THE PLANET COTTON TOTE BAG,5718.7700,2557,464,241,4053.8700,1626.6000,36.0000,0.0063,0.0003,0.7405,A,5718.7700,1626.6000,798.0000
22115,METAL SIGN EMPIRE TEA,5703.9500,2892,500,244,3683.0400,1953.2400,2.9500,0.0005,0.0003,0.7408,A,5703.9500,1953.2400,799.0000
22341,LOVE GARLAND PAINTED ZINC,5702.1900,3469,240,128,4874.5600,811.1800,1858.2000,0.2458,0.0003,0.7411,A,5702.1900,811.1800,800.0000
22060,LARGE CAKE STAND HANGING HEARTS,5699.3100,735,158,112,4580.3600,1118.9500,186.7000,0.0317,0.0003,0.7414,A,5699.3100,1118.9500,801.0000
22335,HEART DECORATION PAINTED ZINC,5655.1700,8682,510,242,3982.3800,1611.3900,292.9500,0.0493,0.0003,0.7417,A,5655.1700,1611.3900,802.0000
21703,BAG 125g SWIRLY MARBLES,5647.3100,14579,561,293,2118.4200,3463.5100,71.8200,0.0126,0.0003,0.7420,A,5647.3100,3463.5100,803.0000
22119,PEACE WOODEN BLOCK LETTERS,5631.1700,910,340,244,3864.6000,1487.2400,48.6500,0.0086,0.0003,0.7423,A,5631.1700,1487.2400,804.0000
22854,CREAM SWEETHEART EGG HOLDER,5624.5000,1160,244,169,1915.9800,3708.5200,29.7000,0.0053,0.0003,0.7426,A,5624.5000,3708.5200,805.0000
22653,BUTTON BOX,5622.1100,3033,381,156,2241.6600,3111.0100,85.8000,0.0150,0.0003,0.7428,A,5622.1100,3111.0100,806.0000
22156,HEART DECORATION WITH PEARLS,5613.2200,6245,581,259,3498.3900,2030.7400,183.4100,0.0316,0.0003,0.7431,A,5613.2200,2030.7400,807.0000
21207,SKULL AND CROSSBONES  GARLAND,5599.0700,3602,282,167,3912.5700,1663.4400,709.2500,0.1124,0.0003,0.7434,A,5599.0700,1663.4400,808.0000
21730,GLASS STAR FROSTED T-LIGHT HOLDER,5578.7200,1124,293,155,3059.3400,2440.0600,172.5500,0.0300,0.0003,0.7437,A,5578.7200,2440.0600,809.0000
23531,WALL ART BIG LOVE,5559.1100,979,112,77,0.0000,4777.4300,-0.0000,-0.0000,0.0003,0.7440,A,5559.1100,4777.4300,810.0000
23126,FELTCRAFT GIRL AMELIE KIT,5556.7900,1114,291,198,0.0000,5292.6000,79.2000,0.0141,0.0003,0.7443,A,5556.7900,5292.6000,811.0000
21900,"KEY FOB , SHED",5538.2400,8337,835,361,3337.1700,2127.5200,3.2500,0.0006,0.0003,0.7445,A,5538.2400,2127.5200,812.0000
84971S,SMALL HEART FLOWERS HOOK,5534.9600,6538,459,180,3973.2600,1518.4900,1.7000,0.0003,0.0003,0.7448,A,5534.9600,1518.4900,813.0000
23177,TREASURE ISLAND BOOK BOX,5528.0400,2535,267,174,0.0000,4465.7500,45.0000,0.0081,0.0003,0.7451,A,5528.0400,4465.7500,814.0000
23133,LARGE IVORY HEART WALL ORGANISER,5525.4000,782,155,94,0.0000,5396.8900,8.2500,0.0015,0.0003,0.7454,A,5525.4000,5396.8900,815.0000
22602,CHRISTMAS RETROSPOT HEART WOOD,5521.8200,6530,535,305,3496.2500,1910.2500,44.2000,0.0079,0.0003,0.7457,A,5521.8200,1910.2500,816.0000
23158,SET OF 5 LUCKY CAT MAGNETS,5517.9900,2635,255,96,0.0000,5152.5400,124.8000,0.0221,0.0003,0.7459,A,5517.9900,5152.5400,817.0000
22534,MAGIC DRAWING SLATE SPACEBOY,5516.0500,12894,583,353,3644.9300,1824.5000,58.3800,0.0105,0.0003,0.7462,A,5516.0500,1824.5000,818.0000
23583,LUNCH BAG PAISLEY PARK,5513.8300,3395,325,233,0.0000,4824.0300,16.5000,0.0030,0.0003,0.7465,A,5513.8300,4824.0300,819.0000
22670,FRENCH WC SIGN BLUE METAL,5513.0700,4434,425,218,2995.0700,2358.4000,1340.5600,0.1956,0.0003,0.7468,A,5513.0700,2358.4000,820.0000
82599,FANNY'S REST STOPMETAL SIGN,5508.8400,2519,506,185,4291.1100,1217.7300,6.7600,0.0012,0.0003,0.7471,A,5508.8400,1217.7300,821.0000
85061W,WHITE JEWELLED HEART DECORATION,5502.4900,6366,469,201,3605.0400,1831.2200,21.2500,0.0038,0.0003,0.7473,A,5502.4900,1831.2200,822.0000
22168,ORGANISER WOOD ANTIQUE WHITE,5501.4300,662,312,250,4296.1300,1205.3000,381.6500,0.0649,0.0003,0.7476,A,5501.4300,1205.3000,823.0000
79029,GLASS HONEYPOT WASP CATCHER,5501.1200,2958,343,201,5501.1200,0.0000,49.3500,0.0089,0.0003,0.7479,A,5501.1200,0.0000,824.0000
40016,CHINESE DRAGON PAPER LANTERNS,5492.3500,15447,244,133,3356.0100,2136.3400,-0.0000,-0.0000,0.0003,0.7482,A,5492.3500,2136.3400,825.0000
21112,"SWISS ROLL TOWEL, PINK  SPOTS",5484.2600,2222,189,104,2599.1300,2879.3400,507.3000,0.0847,0.0003,0.7485,A,5484.2600,2879.3400,826.0000
20983,12 PENCILS TALL TUBE RED RETROSPOT,5481.8300,6295,641,359,3099.3700,2325.2200,26.3500,0.0048,0.0003,0.7487,A,5481.8300,2325.2200,827.0000
22203,MILK PAN RED RETROSPOT,5473.2600,1403,392,166,3990.1300,1357.0800,56.2500,0.0102,0.0003,0.7490,A,5473.2600,1357.0800,828.0000
72756,FAIRY CAKE CANDLES,5472.8900,4021,129,114,5472.8900,0.0000,37.2500,0.0068,0.0003,0.7493,A,5472.8900,0.0000,829.0000
22763,KEY CABINET MA CAMPAGNE,5470.3900,666,135,95,3284.1200,2026.8900,69.6500,0.0126,0.0003,0.7496,A,5470.3900,2026.8900,830.0000
16161P,WRAP ENGLISH ROSE,5466.9000,13273,440,289,2475.9800,2927.9200,10.5000,0.0019,0.0003,0.7498,A,5466.9000,2927.9200,831.0000
22437,SET OF 9 BLACK SKULL BALLOONS,5461.3700,6518,443,258,3042.4300,2357.8100,13.6000,0.0025,0.0003,0.7501,A,5461.3700,2357.8100,832.0000
85063,CREAM SWEETHEART MAGAZINE RACK,5460.6400,310,180,104,5460.6400,0.0000,1060.7000,0.1627,0.0003,0.7504,A,5460.6400,0.0000,833.0000
22483,RED GINGHAM TEDDY BEAR,5458.2100,1883,349,223,3143.4700,2133.6700,50.1500,0.0091,0.0003,0.7507,A,5458.2100,2133.6700,834.0000
20978,36 PENCILS TUBE SKULLS,5453.5700,4129,557,253,3053.5200,2293.2500,22.5000,0.0041,0.0003,0.7510,A,5453.5700,2293.2500,835.0000
22443,GROW YOUR OWN HERBS SET OF 3,5449.0800,690,264,193,4049.3900,1399.6900,39.7500,0.0072,0.0003,0.7512,A,5449.0800,1399.6900,836.0000
21432,SET OF 3 CASES WOODLAND DESIGN,5441.8600,943,237,152,5441.8600,0.0000,129.3500,0.0232,0.0003,0.7515,A,5441.8600,0.0000,837.0000
22186,RED STAR CARD HOLDER,5434.3500,2005,345,234,3436.8700,1866.3400,182.3000,0.0325,0.0003,0.7518,A,5434.3500,1866.3400,838.0000
23135,SMALL ZINC HEART WALL ORGANISER,5416.1800,1541,45,31,0.0000,5350.6700,-0.0000,-0.0000,0.0003,0.7521,A,5416.1800,5350.6700,839.0000
21069,VINTAGE BILLBOARD TEA MUG,5415.6100,5108,279,110,3163.8400,2251.7700,770.8900,0.1246,0.0003,0.7523,A,5415.6100,2251.7700,840.0000
21491,SET OF THREE VINTAGE GIFT WRAPS,5404.0600,2897,248,184,5402.1100,1.9500,99.4500,0.0181,0.0003,0.7526,A,5404.0600,1.9500,841.0000
84937,KASHMIR FOLKART TUMBLERS,5396.6400,2543,124,50,5396.6400,0.0000,37.8000,0.0070,0.0003,0.7529,A,5396.6400,0.0000,842.0000
84968D,SET OF 16 VINTAGE RED CUTLERY,5393.7100,472,106,45,3732.2400,1611.0100,12.7500,0.0024,0.0003,0.7532,A,5393.7100,1611.0100,843.0000
22218,CAKE STAND LACE WHITE,5378.4100,1235,264,143,5374.1600,4.2500,250.7500,0.0445,0.0003,0.7534,A,5378.4100,4.2500,844.0000
23494,VINTAGE DOILY DELUXE SEWING KIT,5377.8100,813,205,145,0.0000,4294.4900,386.7500,0.0671,0.0003,0.7537,A,5377.8100,4294.4900,845.0000
22775,PURPLE DRAWERKNOB ACRYLIC EDWARDIAN,5372.5300,3779,284,98,750.6600,4497.4000,87.5000,0.0160,0.0003,0.7540,A,5372.5300,4497.4000,846.0000
37446,MINI CAKE STAND WITH HANGING CAKES,5351.1000,3704,410,168,3364.8600,1939.8400,121.7000,0.0222,0.0003,0.7542,A,5351.1000,1939.8400,847.0000
35832,WOOLLY HAT SOCK GLOVE ADVENT STRING,5347.7500,1739,188,132,5347.7500,0.0000,13.5500,0.0025,0.0003,0.7545,A,5347.7500,0.0000,848.0000
21363,HOME SMALL WOOD LETTERS,5345.9800,994,401,224,3932.1400,1413.8400,92.6500,0.0170,0.0003,0.7548,A,5345.9800,1413.8400,849.0000
22842,BISCUIT TIN VINTAGE RED,5315.3300,819,237,183,1492.1200,3809.9200,134.2000,0.0246,0.0003,0.7551,A,5315.3300,3809.9200,850.0000
22998,TRAVEL CARD WALLET KEEP CALM,5314.9000,12490,534,217,0.0000,5171.9900,74.3400,0.0138,0.0003,0.7553,A,5314.9000,5171.9900,851.0000
22801,ANTIQUE GLASS PEDESTAL BOWL,5296.7000,1305,299,173,1081.5600,4028.1500,138.3900,0.0255,0.0003,0.7556,A,5296.7000,4028.1500,852.0000
22175,PINK OWL SOFT TOY,5293.0600,1829,363,161,2692.9300,2422.0100,23.6000,0.0044,0.0003,0.7559,A,5293.0600,2422.0100,853.0000
22030,SWALLOWS GREETING CARD,5278.4800,12927,685,353,3030.5100,2203.7400,50.4000,0.0095,0.0003,0.7561,A,5278.4800,2203.7400,854.0000
21718,RED METAL BEACH SPADE,5254.0500,4033,467,223,3139.4100,2084.8000,65.0000,0.0122,0.0003,0.7564,A,5254.0500,2084.8000,855.0000
22896,PEG BAG APPLES DESIGN,5253.5000,2085,367,187,1189.7400,3985.2600,45.9000,0.0087,0.0003,0.7567,A,5253.5000,3985.2600,856.0000
21993,FLORAL FOLK STATIONERY SET,5233.2300,2858,577,208,1869.8900,3111.1400,15.0000,0.0029,0.0003,0.7569,A,5233.2300,3111.1400,857.0000
22564,ALPHABET STENCIL CRAFT,5228.9000,4576,343,208,2165.3800,2983.7200,721.0700,0.1212,0.0003,0.7572,A,5228.9000,2983.7200,858.0000
22476,EMPIRE UNION JACK TV DINNER TRAY,5228.5100,1334,269,145,2384.3500,1610.7200,49.5000,0.0094,0.0003,0.7575,A,5228.5100,1610.7200,859.0000
21713,CITRONELLA CANDLE FLOWERPOT,5221.0400,2769,391,232,3384.4000,1826.2100,233.0000,0.0427,0.0003,0.7577,A,5221.0400,1826.2100,860.0000
23132,SMALL IVORY HEART WALL ORGANISER,5219.1000,1034,152,115,0.0000,5153.9300,23.0000,0.0044,0.0003,0.7580,A,5219.1000,5153.9300,861.0000
22433,WATERING CAN GREEN DINOSAUR,5215.5300,2793,422,211,2548.0300,2651.6700,29.2500,0.0056,0.0003,0.7583,A,5215.5300,2651.6700,862.0000
22691,DOORMAT WELCOME SUNRISE,5214.0400,760,218,124,2527.3200,2588.4300,665.3500,0.1132,0.0003,0.7585,A,5214.0400,2588.4300,863.0000
22117,METAL SIGN HER DINNER IS SERVED,5207.7300,1765,230,142,1311.2800,3881.7000,2.9500,0.0006,0.0003,0.7588,A,5207.7300,3881.7000,864.0000
21587,COSY HOUR GIANT TUBE MATCHES,5198.5500,2081,260,207,4717.8000,480.7500,15.3000,0.0029,0.0003,0.7591,A,5198.5500,480.7500,865.0000
85132A,CHARLIE + LOLA BISCUITS TINS,5195.7700,1354,250,98,3630.1000,1565.6700,33.7500,0.0065,0.0003,0.7593,A,5195.7700,1565.6700,866.0000
23263,SET OF 3 WOODEN HEART DECORATIONS,5184.6900,3893,445,269,0.0000,4859.0300,58.7500,0.0112,0.0003,0.7596,A,5184.6900,4859.0300,867.0000
22472,TV DINNER TRAY DOLLY GIRL,5175.1700,1102,250,131,3638.2600,1340.3100,24.7500,0.0048,0.0003,0.7598,A,5175.1700,1340.3100,868.0000
21872,GLAMOROUS  MUG,5172.5500,5099,330,169,3712.5700,1396.6900,41.4700,0.0080,0.0003,0.7601,A,5172.5500,1396.6900,869.0000
23157,SET OF 6 NATIVITY MAGNETS,5170.1000,2570,163,111,0.0000,5165.9700,444.0000,0.0791,0.0003,0.7604,A,5170.1000,5165.9700,870.0000
22894,TABLECLOTH RED APPLES DESIGN,5169.2800,562,192,125,2141.9000,3007.4800,17.0000,0.0033,0.0003,0.7606,A,5169.2800,3007.4800,871.0000
22412,METAL SIGN NEIGHBOURHOOD WITCH,5159.7200,2410,402,166,3221.5700,1938.1500,4.2000,0.0008,0.0003,0.7609,A,5159.7200,1938.1500,872.0000
23165,LARGE CERAMIC TOP STORAGE JAR,5147.6600,3118,280,167,0.0000,4811.9400,154.5000,0.0291,0.0003,0.7612,A,5147.6600,4811.9400,873.0000
22571,ROCKING HORSE RED CHRISTMAS,5144.5900,5791,511,294,2953.1600,2005.6100,80.1700,0.0153,0.0003,0.7614,A,5144.5900,2005.6100,874.0000
23162,REGENCY TEA STRAINER,5143.6900,1412,176,96,0.0000,4929.8000,-0.0000,-0.0000,0.0003,0.7617,A,5143.6900,4929.8000,875.0000
22509,SEWING BOX RETROSPOT DESIGN,5138.2600,389,187,142,3005.8200,1686.0900,288.0500,0.0531,0.0003,0.7619,A,5138.2600,1686.0900,876.0000
22426,ENAMEL WASH BOWL CREAM,5137.0500,1334,372,182,2278.0900,2807.0500,129.7000,0.0246,0.0003,0.7622,A,5137.0500,2807.0500,877.0000
21495,SKULLS AND CROSSBONES WRAP,5119.3000,12465,376,201,2763.3000,2293.0000,10.5000,0.0020,0.0003,0.7625,A,5119.3000,2293.0000,878.0000
22374,AIRLINE BAG VINTAGE JET SET RED,5116.8400,1027,430,226,2676.5700,2368.9800,23.3500,0.0045,0.0003,0.7627,A,5116.8400,2368.9800,879.0000
21471,STRAWBERRY RAFFIA FOOD COVER,5114.3800,1411,319,165,2886.2900,2185.3200,15.0000,0.0029,0.0003,0.7630,A,5114.3800,2185.3200,880.0000
22610,PENS ASSORTED FUNNY FACE,5114.3800,12716,287,157,2536.1400,2530.3600,30.6000,0.0059,0.0003,0.7632,A,5114.3800,2530.3600,880.0000
23397,FOOT STOOL HOME SWEET HOME,5097.6500,489,217,139,0.0000,4908.1000,59.7000,0.0116,0.0003,0.7635,A,5097.6500,4908.1000,882.0000
23234,BISCUIT TIN VINTAGE CHRISTMAS,5088.4500,1725,277,201,0.0000,4718.3200,46.2400,0.0090,0.0003,0.7637,A,5088.4500,4718.3200,883.0000
20977,36 PENCILS TUBE WOODLAND,5081.2400,3801,485,242,2750.1000,2331.1400,95.0000,0.0184,0.0003,0.7640,A,5081.2400,2331.1400,884.0000
21578,WOODLAND DESIGN  COTTON TOTE BAG,5080.8600,2213,380,184,3416.3500,1659.5500,22.5000,0.0044,0.0003,0.7643,A,5080.8600,1659.5500,885.0000
23295,SET OF 12 MINI LOAF BAKING CASES,5078.4300,6140,444,250,0.0000,4873.9000,10.7900,0.0021,0.0003,0.7645,A,5078.4300,4873.9000,886.0000
23198,PANTRY MAGNETIC  SHOPPING LIST,5068.4000,3346,475,259,0.0000,4721.8700,92.8000,0.0180,0.0003,0.7648,A,5068.4000,4721.8700,887.0000
21544,SKULLS  WATER TRANSFER TATTOOS,5054.7600,6067,503,229,3364.5300,1587.8000,20.4000,0.0040,0.0003,0.7650,A,5054.7600,1587.8000,888.0000
21706,FOLDING UMBRELLA RED/WHITE POLKADOT,5046.0100,1352,254,134,3424.2500,1572.2000,148.5000,0.0286,0.0003,0.7653,A,5046.0100,1572.2000,889.0000
23314,VINTAGE CHRISTMAS TABLECLOTH,5037.9600,409,117,87,0.0000,4675.6600,62.5000,0.0123,0.0003,0.7655,A,5037.9600,4675.6600,890.0000
46000S,POLYESTER FILLER PAD 40x40cm,5032.9500,3471,380,240,2776.7500,2205.4500,101.5000,0.0198,0.0003,0.7658,A,5032.9500,2205.4500,891.0000
21071,VINTAGE BILLBOARD DRINK ME MUG,5029.5700,4294,472,163,3644.2900,1385.2800,13.6700,0.0027,0.0003,0.7661,A,5029.5700,1385.2800,892.0000
22957,SET 3 PAPER VINTAGE CHICK PAPER EGG,5023.5000,1778,214,179,0.0000,5023.5000,71.9000,0.0141,0.0003,0.7663,A,5023.5000,5023.5000,893.0000
22732,3D VINTAGE CHRISTMAS STICKERS,5004.3400,3775,337,195,2841.5900,2080.0800,-0.0000,-0.0000,0.0003,0.7666,A,5004.3400,2080.0800,894.0000
22318,FIVE HEART HANGING DECORATION,5001.6800,1589,389,204,3460.0600,1529.9300,59.0000,0.0117,0.0003,0.7668,A,5001.6800,1529.9300,895.0000
84796B,BLUE SAVANNAH PICNIC HAMPER FOR 2,4999.7900,600,180,28,2606.2000,2393.5900,-0.0000,-0.0000,0.0003,0.7671,A,4999.7900,2393.5900,896.0000
23310,BUBBLEGUM RING ASSORTED,4997.2800,12050,245,146,0.0000,4787.0200,-0.0000,-0.0000,0.0003,0.7673,A,4997.2800,4787.0200,897.0000
22583,PACK OF 6 HANDBAG GIFT BOXES,4996.5500,1889,349,250,3423.6000,1555.5200,272.8500,0.0518,0.0003,0.7676,A,4996.5500,1555.5200,898.0000
47568,ENGLISH ROSE DESIGN PEG BAG,4993.5200,2389,410,179,4993.5200,0.0000,44.9700,0.0089,0.0003,0.7678,A,4993.5200,0.0000,899.0000
22604,SET OF 4 NAPKIN CHARMS CUTLERY,4983.1200,2027,247,162,1938.3600,2926.8700,61.2000,0.0121,0.0003,0.7681,A,4983.1200,2926.8700,900.0000
21896,POTTING SHED TWINE,4979.7400,2404,290,187,2700.6500,2274.8900,28.6500,0.0057,0.0003,0.7683,A,4979.7400,2274.8900,901.0000
23556,LANDMARK FRAME COVENT GARDEN,4974.5100,439,53,46,0.0000,4812.0500,12.5000,0.0025,0.0003,0.7686,A,4974.5100,4812.0500,902.0000
21056,DOCTOR'S BAG SOFT TOY,4970.2800,546,195,119,3204.8800,1640.0400,693.9000,0.1225,0.0003,0.7688,A,4970.2800,1640.0400,903.0000
23570,TRADITIONAL PICK UP STICKS GAME,4944.3700,2782,276,203,0.0000,4372.6200,-0.0000,-0.0000,0.0003,0.7691,A,4944.3700,4372.6200,904.0000
85184C,S/4 VALENTINE DECOUPAGE HEART BOX,4912.3600,2282,345,186,1914.7200,2944.7600,-0.0000,-0.0000,0.0002,0.7693,A,4912.3600,2944.7600,905.0000
22276,WASH BAG VINTAGE ROSE PAISLEY,4900.1600,1895,373,213,4061.3000,820.3200,42.9000,0.0087,0.0002,0.7696,A,4900.1600,820.3200,906.0000
23010,CIRCUS PARADE BABY GIFT SET,4896.5500,316,111,73,0.0000,4802.5400,50.8500,0.0103,0.0002,0.7698,A,4896.5500,4802.5400,907.0000
22956,36 FOIL HEART CAKE CASES,4896.4900,2503,256,189,903.9100,3908.8400,283.2000,0.0547,0.0002,0.7701,A,4896.4900,3908.8400,908.0000
23351,ROLL WRAP 50'S CHRISTMAS,4880.6500,3539,354,242,0.0000,4357.2200,104.8800,0.0210,0.0002,0.7703,A,4880.6500,4357.2200,909.0000
22593,CHRISTMAS GINGHAM STAR,4870.6500,5475,415,247,2783.3100,1907.4500,103.6800,0.0208,0.0002,0.7706,A,4870.6500,1907.4500,910.0000
23503,PLAYING CARDS KEEP CALM & CARRY ON,4864.3000,3646,335,284,0.0000,4589.3800,2.5000,0.0005,0.0002,0.7708,A,4864.3000,4589.3800,911.0000
21534,DAIRY MAID LARGE MILK JUG,4852.7900,955,342,199,2943.9100,1864.3300,143.5500,0.0287,0.0002,0.7711,A,4852.7900,1864.3300,912.0000
22107,PIZZA PLATE IN BOX,4849.3400,1243,369,118,2691.2800,1785.3500,330.7100,0.0638,0.0002,0.7713,A,4849.3400,1785.3500,913.0000
84270,ASSTD DESIGN BUBBLE GUM RING,4836.9000,22996,476,249,4833.3300,3.5700,293.4000,0.0572,0.0002,0.7716,A,4836.9000,3.5700,914.0000
22027,TEA PARTY BIRTHDAY CARD,4836.7300,11369,845,335,2952.9400,1840.1500,87.1200,0.0177,0.0002,0.7718,A,4836.7300,1840.1500,915.0000
23554,LANDMARK FRAME OXFORD STREET,4830.5300,424,57,49,0.0000,4718.0700,-0.0000,-0.0000,0.0002,0.7721,A,4830.5300,4718.0700,916.0000
23555,LANDMARK FRAME NOTTING HILL,4818.0700,424,50,45,0.0000,4680.6100,-0.0000,-0.0000,0.0002,0.7723,A,4818.0700,4680.6100,917.0000
21249,WOODLAND  HEIGHT CHART STICKERS,4791.1800,1668,259,156,2631.1800,2124.9300,46.4000,0.0096,0.0002,0.7726,A,4791.1800,2124.9300,918.0000
21986,PACK OF 12 PINK POLKADOT TISSUES,4788.4500,13484,469,275,3590.7200,1181.8300,6.9600,0.0015,0.0002,0.7728,A,4788.4500,1181.8300,919.0000
22442,GROW YOUR OWN FLOWERS SET OF 3,4781.2200,868,172,140,3539.9200,840.9500,141.9000,0.0288,0.0002,0.7730,A,4781.2200,840.9500,920.0000
23389,SPACEBOY MINI BACKPACK,4780.5400,1122,237,159,0.0000,4552.3200,8.3000,0.0017,0.0002,0.7733,A,4780.5400,4552.3200,921.0000
20681,PINK SPOTTY CHILDS UMBRELLA,4779.9000,1412,341,184,4272.9400,506.9600,99.7500,0.0204,0.0002,0.7735,A,4779.9000,506.9600,922.0000
23159,SET OF 5 PANCAKE DAY MAGNETS,4771.7600,2321,223,121,0.0000,4771.7600,52.0000,0.0108,0.0002,0.7738,A,4771.7600,4771.7600,923.0000
22128,PARTY CONES CANDY ASSORTED,4767.0900,3929,195,143,2639.5600,2127.5300,70.0000,0.0145,0.0002,0.7740,A,4767.0900,2127.5300,924.0000
23184,BULL DOG BOTTLE OPENER,4764.5000,874,264,129,0.0000,4494.6400,64.3500,0.0133,0.0002,0.7742,A,4764.5000,4494.6400,925.0000
21916,SET 12 RETRO WHITE CHALK STICKS,4763.2400,11040,713,304,2789.3300,1919.9000,94.5000,0.0195,0.0002,0.7745,A,4763.2400,1919.9000,926.0000
22474,SPACEBOY TV DINNER TRAY,4761.3800,975,254,144,3125.1100,1440.5800,136.0000,0.0278,0.0002,0.7747,A,4761.3800,1440.5800,927.0000
22688,DOORMAT PEACE ON EARTH BLUE,4756.7000,865,93,77,1237.0400,3503.1600,-0.0000,-0.0000,0.0002,0.7750,A,4756.7000,3503.1600,928.0000
23569,TRADTIONAL ALPHABET STAMP SET,4752.3100,961,192,152,0.0000,3539.1400,9.9000,0.0021,0.0002,0.7752,A,4752.3100,3539.1400,929.0000
22434,BALLOON PUMP WITH 10 BALLOONS,4749.0900,2555,281,203,3168.9300,1531.1800,35.1000,0.0073,0.0002,0.7755,A,4749.0900,1531.1800,930.0000
23286,BLUE VINTAGE SPOT BEAKER,4747.6200,5048,222,125,0.0000,4718.5700,41.6500,0.0087,0.0002,0.7757,A,4747.6200,4718.5700,931.0000
23558,LANDMARK FRAME LONDON BRIDGE,4741.3700,418,52,43,0.0000,4616.4100,-0.0000,-0.0000,0.0002,0.7759,A,4741.3700,4616.4100,932.0000
22399,MAGNETS PACK OF 4 CHILDHOOD MEMORY,4739.6000,4044,277,180,3392.5200,1317.0800,30.0000,0.0063,0.0002,0.7762,A,4739.6000,1317.0800,933.0000
22672,FRENCH BATHROOM SIGN BLUE METAL,4737.7600,2851,370,227,2226.5400,2427.1100,28.0500,0.0059,0.0002,0.7764,A,4737.7600,2427.1100,934.0000
85049G,CHOCOLATE BOX RIBBONS,4733.6200,3841,510,288,2725.6800,1929.2300,56.2500,0.0117,0.0002,0.7767,A,4733.6200,1929.2300,935.0000
22305,COFFEE MUG PINK PAISLEY DESIGN,4716.6300,2269,144,87,3112.0500,1573.9800,28.0500,0.0059,0.0002,0.7769,A,4716.6300,1573.9800,936.0000
23241,TREASURE TIN GYMKHANA DESIGN,4709.0700,2184,363,183,0.0000,4390.1100,14.5600,0.0031,0.0002,0.7771,A,4709.0700,4390.1100,937.0000
22304,COFFEE MUG BLUE PAISLEY DESIGN,4704.8600,2386,167,98,3336.6800,1272.3200,44.5500,0.0094,0.0002,0.7774,A,4704.8600,1272.3200,938.0000
20961,STRAWBERRY BATH SPONGE,4702.6500,3542,514,177,2953.4700,1627.0000,88.7500,0.0185,0.0002,0.7776,A,4702.6500,1627.0000,939.0000
23176,ABC TREASURE BOOK BOX,4697.5800,2167,226,159,0.0000,4616.1800,101.2500,0.0211,0.0002,0.7779,A,4697.5800,4616.1800,940.0000
22562,MONSTERS STENCIL CRAFT,4693.5500,3987,393,251,2920.1800,1653.4900,-0.0000,-0.0000,0.0002,0.7781,A,4693.5500,1653.4900,941.0000
20963,APPLE BATH SPONGE,4681.1500,3463,509,168,2767.4800,1820.4000,12.5000,0.0027,0.0002,0.7783,A,4681.1500,1820.4000,942.0000
22721,SET OF 3 CAKE TINS SKETCHBOOK,4678.7100,1022,297,183,0.0000,4257.2700,-0.0000,-0.0000,0.0002,0.7786,A,4678.7100,4257.2700,943.0000
22075,6 RIBBONS ELEGANT CHRISTMAS,4676.6500,3107,358,201,2173.3100,2143.8500,19.8000,0.0042,0.0002,0.7788,A,4676.6500,2143.8500,944.0000
82581,TOILET METAL SIGN,4673.2000,8443,913,371,2517.3100,2086.1400,38.6600,0.0082,0.0002,0.7790,A,4673.2000,2086.1400,945.0000
72807B,SET/3 OCEAN SCENT CANDLE JEWEL BOX,4658.6200,1062,225,112,2827.9100,1830.7100,119.0000,0.0249,0.0002,0.7793,A,4658.6200,1830.7100,946.0000
15044B,BLUE PAPER PARASOL,4644.1300,1670,189,97,3697.3000,946.8300,2.9500,0.0006,0.0002,0.7795,A,4644.1300,946.8300,947.0000
22574,HEART WOODEN CHRISTMAS DECORATION,4632.5700,5078,415,253,2430.4300,1864.7100,219.8400,0.0453,0.0002,0.7797,A,4632.5700,1864.7100,948.0000
21328,BALLOONS  WRITING SET,4629.1300,2451,643,257,2210.4500,2364.3400,-0.0000,-0.0000,0.0002,0.7800,A,4629.1300,2364.3400,949.0000
22800,ANTIQUE TALL SWIRLGLASS TRINKET POT,4605.1500,1132,268,149,1040.6600,3426.0600,60.0000,0.0129,0.0002,0.7802,A,4605.1500,3426.0600,950.0000
21811,HANGING HEART WITH BELL,4592.1800,6352,382,199,1904.7800,2687.4000,18.7200,0.0041,0.0002,0.7805,A,4592.1800,2687.4000,951.0000
21878,PACK OF 6 SANDCASTLE FLAGS ASSORTED,4590.7300,5591,403,225,2417.6800,2164.0500,304.8100,0.0623,0.0002,0.7807,A,4590.7300,2164.0500,952.0000
51014A,"FEATHER PEN,HOT PINK",4575.2200,6719,376,161,2556.4400,1933.2700,165.7500,0.0350,0.0002,0.7809,A,4575.2200,1933.2700,953.0000
21506,"FANCY FONT BIRTHDAY CARD,",4574.8100,10974,665,310,2473.8000,1958.4000,25.2000,0.0055,0.0002,0.7811,A,4574.8100,1958.4000,954.0000
23285,PINK VINTAGE SPOT BEAKER,4572.4100,4807,191,108,0.0000,4560.1500,1.7000,0.0004,0.0002,0.7814,A,4572.4100,4560.1500,955.0000
10135,COLOURING PENCILS BROWN TUBE,4568.7100,4228,324,178,2361.3200,2110.2500,13.7500,0.0030,0.0002,0.7816,A,4568.7100,2110.2500,956.0000
22743,MAKE YOUR OWN FLOWERPOWER CARD KIT,4563.1500,1509,351,199,2142.8100,2194.3100,17.7000,0.0039,0.0002,0.7818,A,4563.1500,2194.3100,957.0000
22736,RIBBON REEL MAKING SNOWMEN,4563.0300,2542,408,232,2247.7800,2169.9100,37.9500,0.0082,0.0002,0.7821,A,4563.0300,2169.9100,958.0000
15044D,RED PAPER PARASOL,4562.6000,1597,227,105,2739.8900,1816.8100,26.1500,0.0057,0.0002,0.7823,A,4562.6000,1816.8100,959.0000
23404,HOME SWEET HOME BLACKBOARD,4561.7600,1011,169,104,0.0000,3848.7600,143.5500,0.0305,0.0002,0.7825,A,4561.7600,3848.7600,960.0000
23168,CLASSIC CAFE SUGAR DISPENSER,4559.9200,3292,337,140,0.0000,4373.2200,65.6100,0.0142,0.0002,0.7828,A,4559.9200,4373.2200,961.0000
23275,SET OF 3 HANGING OWLS OLLIE BEAK,4557.9700,3749,325,171,0.0000,4174.7400,95.4100,0.0205,0.0002,0.7830,A,4557.9700,4174.7400,962.0000
22601,CHRISTMAS RETROSPOT ANGEL WOOD,4549.7400,5253,417,257,2327.3600,2095.5000,3.4000,0.0007,0.0002,0.7832,A,4549.7400,2095.5000,963.0000
85184D,S/4 BLUE ROUND DECOUPAGE BOXES,4549.7300,8312,66,48,4549.7300,0.0000,1664.9200,0.2679,0.0002,0.7835,A,4549.7300,0.0000,964.0000
37447,CERAMIC CAKE DESIGN SPOTTED PLATE,4546.8100,2895,364,141,3233.5300,1274.2300,109.1600,0.0234,0.0002,0.7837,A,4546.8100,1274.2300,965.0000
21614,SET OF 12 ROSE BOTANICAL T-LIGHTS,4541.1200,1628,194,123,4387.8300,153.2900,336.0500,0.0689,0.0002,0.7839,A,4541.1200,153.2900,966.0000
21990,MODERN FLORAL STATIONERY SET,4540.9900,2460,497,170,1660.5400,2677.0000,15.0000,0.0033,0.0002,0.7842,A,4540.9900,2677.0000,967.0000
22908,PACK OF 20 NAPKINS RED APPLES,4529.9500,5617,485,266,956.1200,3464.8300,5.9500,0.0013,0.0002,0.7844,A,4529.9500,3464.8300,968.0000
21564,PINK  HEART SHAPE LOVE BUCKET,4527.4500,1952,294,134,2695.8300,1359.9900,31.6500,0.0069,0.0002,0.7846,A,4527.4500,1359.9900,969.0000
23309,SET OF 60 I LOVE LONDON CAKE CASES,4527.2000,8332,407,178,0.0000,4143.0500,48.4000,0.0106,0.0002,0.7848,A,4527.2000,4143.0500,970.0000
22760,"TRAY, BREAKFAST IN BED",4519.6400,357,120,82,1027.7800,3491.8600,125.7000,0.0271,0.0002,0.7851,A,4519.6400,3491.8600,971.0000
23163,REGENCY SUGAR TONGS,4515.2200,1832,209,95,0.0000,4310.9800,114.4000,0.0247,0.0002,0.7853,A,4515.2200,4310.9800,973.0000
23112,PARISIENNE CURIO CABINET,4514.5800,547,241,134,0.0000,4180.2200,239.8500,0.0504,0.0002,0.7855,A,4514.5800,4180.2200,974.0000
22451,SILK PURSE BABUSHKA RED,4507.0400,1342,238,134,3727.8900,779.1500,26.8000,0.0059,0.0002,0.7858,A,4507.0400,779.1500,975.0000
22747,POPPY'S PLAYHOUSE BATHROOM,4499.8000,2041,402,241,2412.6500,2033.3900,12.6000,0.0028,0.0002,0.7860,A,4499.8000,2033.3900,976.0000
21109,"LARGE CAKE TOWEL, CHOCOLATE SPOTS",4498.6900,1177,223,131,1733.5400,2266.6700,13.5000,0.0030,0.0002,0.7862,A,4498.6900,2266.6700,977.0000
84279P,CHERRY BLOSSOM  DECORATIVE FLASK,4491.6700,1149,299,169,2914.7100,1545.3800,163.5600,0.0351,0.0002,0.7864,A,4491.6700,1545.3800,978.0000
84968E,SET OF 16 VINTAGE BLACK CUTLERY,4490.4800,387,98,41,2967.9500,1472.0700,51.0000,0.0112,0.0002,0.7867,A,4490.4800,1472.0700,979.0000
23167,SMALL CERAMIC TOP STORAGE JAR,4476.0100,5847,231,129,0.0000,4171.7500,365.1900,0.0754,0.0002,0.7869,A,4476.0100,4171.7500,980.0000
23530,WALL ART ONLY ONE PERSON,4465.9700,1062,87,60,0.0000,3550.0900,-0.0000,-0.0000,0.0002,0.7871,A,4465.9700,3550.0900,981.0000
22291,"SPRING DEC , HANGING CHICK CREAM",4456.4300,3223,264,141,2509.8100,1946.6200,69.6000,0.0154,0.0002,0.7874,A,4456.4300,1946.6200,982.0000
21064,BOOM BOX SPEAKER BOYS,4453.2700,889,171,75,3151.7200,1050.0200,53.5500,0.0119,0.0002,0.7876,A,4453.2700,1050.0200,983.0000
23288,GREEN VINTAGE SPOT BEAKER,4444.2300,4625,185,107,0.0000,4428.2200,15.1700,0.0034,0.0002,0.7878,A,4444.2300,4428.2200,984.0000
21864,UNION JACK FLAG PASSPORT COVER,4442.0400,1858,411,166,2398.2500,1919.2000,42.0000,0.0094,0.0002,0.7880,A,4442.0400,1919.2000,985.0000
22299,PIG KEYRING WITH LIGHT & SOUND,4432.0700,3913,202,103,3045.1000,1139.3800,71.2500,0.0158,0.0002,0.7883,A,4432.0700,1139.3800,986.0000
22733,3D TRADITIONAL CHRISTMAS STICKERS,4429.2400,3444,338,216,2334.1600,2035.0800,25.0000,0.0056,0.0002,0.7885,A,4429.2400,2035.0800,987.0000
79341,WILLOW BRANCH LIGHTS.,4423.6900,725,79,49,4423.6900,0.0000,2519.6000,0.3629,0.0002,0.7887,A,4423.6900,0.0000,988.0000
21810,CHRISTMAS HANGING STAR WITH BELL,4415.3600,7064,344,171,1392.5700,2664.3200,73.7500,0.0164,0.0002,0.7889,A,4415.3600,2664.3200,989.0000
22548,HEADS AND TAILS SPORTING FUN,4411.8100,3532,428,293,2060.3700,2351.4400,-0.0000,-0.0000,0.0002,0.7892,A,4411.8100,2351.4400,990.0000
84031A,CHARLIE+LOLA RED HOT WATER BOTTLE,4409.9200,1100,314,95,2448.7600,1761.5500,71.5500,0.0160,0.0002,0.7894,A,4409.9200,1761.5500,991.0000
22573,STAR WOODEN CHRISTMAS DECORATION,4408.0800,4912,405,235,1980.8300,2130.2700,-0.0000,-0.0000,0.0002,0.7896,A,4408.0800,2130.2700,992.0000
21967,PACK OF 12 SKULL TISSUES,4406.4700,15669,479,250,2823.0600,1563.3600,-0.0000,-0.0000,0.0002,0.7898,A,4406.4700,1563.3600,993.0000
22449,SILK PURSE BABUSHKA PINK,4384.5000,1326,308,155,2797.2000,1587.3000,40.2000,0.0091,0.0002,0.7900,A,4384.5000,1587.3000,994.0000
85053,FRENCH ENAMEL CANDLEHOLDER,4382.1800,2041,378,185,715.8900,3352.4200,84.4600,0.0189,0.0002,0.7903,A,4382.1800,3352.4200,995.0000
22594,CHRISTMAS GINGHAM TREE,4379.8800,4794,412,232,2474.1100,1772.6300,0.8500,0.0002,0.0002,0.7905,A,4379.8800,1772.6300,996.0000
20674,GREEN POLKADOT BOWL,4379.7700,3437,463,196,2347.2900,1978.9300,18.5600,0.0042,0.0002,0.7907,A,4379.7700,1978.9300,997.0000
22071,SMALL WHITE RETROSPOT MUG IN BOX,4378.3800,1536,256,200,2990.3300,1350.5900,248.7500,0.0538,0.0002,0.7909,A,4378.3800,1350.5900,998.0000
21537,RED RETROSPOT PUDDING BOWL,4359.9600,1010,256,174,2967.7500,1341.2100,247.0000,0.0536,0.0002,0.7912,A,4359.9600,1341.2100,999.0000
79320,FLAMINGO LIGHTS,4357.3800,904,150,67,4357.3800,0.0000,77.1000,0.0174,0.0002,0.7914,A,4357.3800,0.0000,1000.0000
23349,ROLL WRAP VINTAGE CHRISTMAS,4355.1000,3231,337,214,0.0000,3901.0000,30.0000,0.0068,0.0002,0.7916,A,4355.1000,3901.0000,1001.0000
22227,HANGING HEART MIRROR DECORATION,4353.9200,6036,643,195,2645.8500,1658.4200,21.4500,0.0049,0.0002,0.7918,A,4353.9200,1658.4200,1002.0000
22202,MILK PAN PINK RETROSPOT,4351.2500,1078,264,91,4031.9000,319.3500,116.2500,0.0260,0.0002,0.7920,A,4351.2500,319.3500,1003.0000
84598,BOYS ALPHABET IRON ON PATCHES,4350.1400,20775,217,30,3804.1000,535.9600,120.9600,0.0271,0.0002,0.7923,A,4350.1400,535.9600,1004.0000
15039,SANDALWOOD FAN,4347.3200,5103,306,127,2367.8300,1904.4400,22.9500,0.0053,0.0002,0.7925,A,4347.3200,1904.4400,1005.0000
22611,VINTAGE UNION JACK SHOPPING BAG,4343.5800,908,195,135,3266.5500,1077.0300,19.8000,0.0045,0.0002,0.7927,A,4343.5800,1077.0300,1006.0000
21899,"KEY FOB , GARAGE DESIGN",4336.1200,6697,622,313,2574.9000,1702.3400,43.5500,0.0099,0.0002,0.7929,A,4336.1200,1702.3400,1007.0000
22892,SET OF SALT AND PEPPER TOADSTOOLS,4329.5600,3526,295,162,1300.4600,3029.1000,139.9400,0.0313,0.0002,0.7931,A,4329.5600,3029.1000,1008.0000
22425,ENAMEL COLANDER CREAM,4326.4700,855,301,195,1980.3500,2296.3800,112.5500,0.0254,0.0002,0.7934,A,4326.4700,2296.3800,1009.0000
84997b,CHILDRENS CUTLERY RETROSPOT RED,4322.5700,514,85,0,1269.6500,2970.0200,-0.0000,-0.0000,0.0002,0.7936,A,4322.5700,2970.0200,1010.0000
21913,VINTAGE SEASIDE JIGSAW PUZZLES,4309.9800,1131,298,170,2744.1500,1539.6200,15.0000,0.0035,0.0002,0.7938,A,4309.9800,1539.6200,1011.0000
47580,TEA TIME DES TEA COSY,4308.8000,1666,344,158,3186.9800,1111.6200,53.5500,0.0123,0.0002,0.7940,A,4308.8000,1111.6200,1012.0000
21012,ANTIQUE ALL GLASS CANDLESTICK,4300.0000,2300,299,112,1681.7500,2342.9300,10.5000,0.0024,0.0002,0.7942,A,4300.0000,2342.9300,1013.0000
21153,RED SPOTTY TABLECLOTH,4294.6900,393,139,91,4294.6900,0.0000,21.3000,0.0049,0.0002,0.7945,A,4294.6900,0.0000,1014.0000
21245,GREEN POLKADOT PLATE,4288.6400,2579,304,146,2496.3700,1622.7400,6.7600,0.0016,0.0002,0.7947,A,4288.6400,1622.7400,1015.0000
84969,BOX OF 6 ASSORTED COLOUR TEASPOONS,4288.4300,971,341,100,1898.9100,2368.4800,21.2500,0.0049,0.0002,0.7949,A,4288.4300,2368.4800,1016.0000
23050,RECYCLED ACAPULCO MAT GREEN,4286.5500,497,205,116,0.0000,4187.1600,8.2500,0.0019,0.0002,0.7951,A,4286.5500,4187.1600,1017.0000
20966,SANDWICH BATH SPONGE,4282.7400,3021,420,137,3259.9400,1022.8000,1.2500,0.0003,0.0002,0.7953,A,4282.7400,1022.8000,1018.0000
22723,SET OF 6 HERB TINS SKETCHBOOK,4282.5700,1169,295,170,0.0000,4101.4500,7.9000,0.0018,0.0002,0.7955,A,4282.5700,4101.4500,1019.0000
22285,"DECORATION HEN ON NEST, HANGING",4281.0100,2725,261,165,2786.1100,1471.8100,19.8000,0.0046,0.0002,0.7958,A,4281.0100,1471.8100,1020.0000
84950,ASSORTED COLOUR T-LIGHT HOLDER,4279.0700,6149,274,156,1974.2400,2241.4700,44.5000,0.0103,0.0002,0.7960,A,4279.0700,2241.4700,1021.0000
23237,SET OF 4 KNICK KNACK TINS LEAF,4278.5400,1054,177,131,0.0000,4095.9400,69.3500,0.0160,0.0002,0.7962,A,4278.5400,4095.9400,1022.0000
22312,OFFICE MUG WARMER POLKADOT,4277.6500,1241,269,104,2315.3600,1857.9600,81.6500,0.0187,0.0002,0.7964,A,4277.6500,1857.9600,1023.0000
72802B,OCEAN SCENT CANDLE IN JEWELLED BOX,4263.2200,1560,212,119,2269.7400,1993.4800,679.2400,0.1374,0.0002,0.7966,A,4263.2200,1993.4800,1024.0000
20665,RED RETROSPOT PURSE,4262.2400,1337,348,167,2715.9700,1511.5300,94.4000,0.0217,0.0002,0.7968,A,4262.2400,1511.5300,1025.0000
22744,MAKE YOUR OWN MONSOON CARD KIT,4260.7100,1521,300,196,2169.1700,1878.7200,163.7000,0.0370,0.0002,0.7971,A,4260.7100,1878.7200,1026.0000
22530,MAGIC DRAWING SLATE DOLLY GIRL,4258.7700,10069,468,285,2741.0500,1485.8000,20.1600,0.0047,0.0002,0.7973,A,4258.7700,1485.8000,1027.0000
20982,12 PENCILS TALL TUBE SKULLS,4254.0000,4863,576,316,2369.0800,1790.3500,24.6500,0.0058,0.0002,0.7975,A,4254.0000,1790.3500,1028.0000
21556,CERAMIC STRAWBERRY MONEY BOX,4249.5100,1609,293,132,1733.9900,2515.5200,10.2000,0.0024,0.0002,0.7977,A,4249.5100,2515.5200,1029.0000
22497,SET OF 2 TINS VINTAGE BATHROOM,4243.3200,930,279,160,3098.1700,1140.9000,21.2500,0.0050,0.0002,0.7979,A,4243.3200,1140.9000,1030.0000
21068,VINTAGE BILLBOARD LOVE/HATE MUG,4227.1300,4068,373,149,2336.8000,1870.4900,98.3300,0.0227,0.0002,0.7981,A,4227.1300,1870.4900,1031.0000
21355,TOAST ITS - I LOVE YOU,4225.5500,3458,341,213,3226.7200,993.8300,60.0000,0.0140,0.0002,0.7984,A,4225.5500,993.8300,1032.0000
72807A,SET/3 ROSE CANDLE IN JEWELLED BOX,4217.7900,925,216,95,2367.9700,1849.8200,72.2500,0.0168,0.0002,0.7986,A,4217.7900,1849.8200,1033.0000
23089,GLASS BON BON JAR,4217.7300,2355,225,101,0.0000,4005.6400,25.6500,0.0060,0.0002,0.7988,A,4217.7300,4005.6400,1034.0000
22851,SET 20 NAPKINS FAIRY CAKES DESIGN,4214.9300,5192,523,306,1839.4900,2356.8800,66.3000,0.0155,0.0002,0.7990,A,4214.9300,2356.8800,1035.0000
22600,CHRISTMAS RETROSPOT STAR WOOD,4212.4500,4863,429,278,2667.5200,1402.7500,23.8000,0.0056,0.0002,0.7992,A,4212.4500,1402.7500,1036.0000
21707,FOLDING UMBRELLA BLACKBLUE POLKADOT,4209.7000,1010,172,107,3446.0400,724.0600,-0.0000,-0.0000,0.0002,0.7994,A,4209.7000,724.0600,1037.0000
23012,GLASS APOTHECARY BOTTLE PERFUME,4208.9600,1074,246,151,0.0000,3899.1600,31.6000,0.0075,0.0002,0.7996,A,4208.9600,3899.1600,1038.0000
22797,CHEST OF DRAWERS GINGHAM HEART,4205.5600,242,140,98,1354.2000,2801.1200,411.7500,0.0892,0.0002,0.7999,A,4205.5600,2801.1200,1039.0000
21470,FLOWER VINE RAFFIA FOOD COVER,4202.1800,1105,319,160,2724.3600,1436.6500,33.7500,0.0080,0.0002,0.8001,B,4202.1800,1436.6500,1040.0000
23144,ZINC T-LIGHT HOLDER STARS SMALL,4197.8300,5089,274,180,0.0000,4030.6000,36.5200,0.0086,0.0002,0.8003,B,4197.8300,4030.6000,1041.0000
21609,SET 12 LAVENDER  BOTANICAL T-LIGHTS,4195.1400,1502,218,142,2105.5000,2089.6400,-0.0000,-0.0000,0.0002,0.8005,B,4195.1400,2089.6400,1042.0000
21143,ANTIQUE GLASS HEART DECORATION,4190.1000,2109,182,128,3480.9200,709.1800,37.0500,0.0088,0.0002,0.8007,B,4190.1000,709.1800,1043.0000
21474,SWEETHEART CREAM STEEL FOLDIN BENCH,4189.5000,210,94,69,4189.5000,0.0000,139.6500,0.0323,0.0002,0.8009,B,4189.5000,0.0000,1044.0000
22926,IVORY GIANT GARDEN THERMOMETER,4174.1100,684,216,152,499.4100,3674.7000,89.2500,0.0209,0.0002,0.8011,B,4174.1100,3674.7000,1045.0000
22833,HALL CABINET WITH 3 DRAWERS,4163.5400,120,13,9,1560.0100,2603.5300,-0.0000,-0.0000,0.0002,0.8013,B,4163.5400,2603.5300,1046.0000
22127,PARTY CONES CARNIVAL ASSORTED,4160.6100,3474,155,128,3655.7300,504.8800,122.3100,0.0286,0.0002,0.8016,B,4160.6100,504.8800,1047.0000
23110,PARISIENNE KEY CABINET,4158.6800,702,255,157,0.0000,4023.5500,293.2500,0.0659,0.0002,0.8018,B,4158.6800,4023.5500,1048.0000
21590,KINGS CHOICE CIGAR BOX MATCHES,4151.2800,3456,286,203,4151.2800,0.0000,32.5000,0.0078,0.0002,0.8020,B,4151.2800,0.0000,1049.0000
70006,LOVE HEART POCKET WARMER,4147.8100,4443,290,141,2282.1800,1776.5800,2.4400,0.0006,0.0002,0.8022,B,4147.8100,1776.5800,1050.0000
23486,ANTIQUE HEART SHELF UNIT,4145.4700,275,74,64,0.0000,1943.1900,199.6500,0.0459,0.0002,0.8024,B,4145.4700,1943.1900,1051.0000
23306,SET OF 36 DOILIES PANTRY DESIGN,4123.3800,2808,277,182,0.0000,4116.0900,10.1500,0.0025,0.0002,0.8026,B,4123.3800,4116.0900,1052.0000
22125,UNION JACK HOT WATER BOTTLE,4118.8400,658,183,117,3978.9800,139.8600,314.8500,0.0710,0.0002,0.8028,B,4118.8400,139.8600,1053.0000
22807,SET OF 6 T-LIGHTS TOADSTOOLS,4102.9100,1384,294,125,1674.7300,2220.9200,51.2500,0.0123,0.0002,0.8030,B,4102.9100,2220.9200,1054.0000
23255,CHILDRENS CUTLERY CIRCUS PARADE,4101.3700,1015,158,116,0.0000,3960.2700,37.3500,0.0090,0.0002,0.8032,B,4101.3700,3960.2700,1055.0000
84596B,SMALL DOLLY MIX DESIGN ORANGE BOWL,4100.2700,6278,725,256,1529.7500,2500.6200,46.7200,0.0113,0.0002,0.8034,B,4100.2700,2500.6200,1056.0000
23193,BUFFALO BILL TREASURE BOOK BOX,4097.2800,1930,175,109,0.0000,3277.0400,45.0000,0.0109,0.0002,0.8036,B,4097.2800,3277.0400,1057.0000
23194,GYMKHANA TREASURE BOOK BOX,4086.3700,1839,214,142,0.0000,3975.2400,83.2500,0.0200,0.0002,0.8039,B,4086.3700,3975.2400,1058.0000
21911,GARDEN METAL SIGN,4085.8000,2549,344,200,3882.5900,203.2100,19.8000,0.0048,0.0002,0.8041,B,4085.8000,203.2100,1059.0000
16161U,WRAP SUKI AND FRIENDS,4084.9200,10026,318,203,2397.4200,1666.5000,31.5000,0.0077,0.0002,0.8043,B,4084.9200,1666.5000,1060.0000
23009,I LOVE LONDON BABY GIFT SET,4082.5200,263,103,48,0.0000,3971.5600,-0.0000,-0.0000,0.0002,0.8045,B,4082.5200,3971.5600,1061.0000
21472,LADYBIRD + BEE RAFFIA FOOD COVER,4081.5700,1057,285,161,3605.1600,476.4100,-0.0000,-0.0000,0.0002,0.8047,B,4081.5700,476.4100,1062.0000
21901,"KEY FOB , BACK DOOR",4077.7600,6183,688,315,2797.2700,1227.4600,99.4500,0.0238,0.0002,0.8049,B,4077.7600,1227.4600,1063.0000
20981,12 PENCILS TALL TUBE WOODLAND,4076.8100,4727,513,290,2334.5400,1698.9200,67.1500,0.0162,0.0002,0.8051,B,4076.8100,1698.9200,1064.0000
22359,GLASS JAR KINGS CHOICE,4072.8300,1285,202,117,3464.1100,597.0300,115.0500,0.0275,0.0002,0.8053,B,4072.8300,597.0300,1065.0000
22284,HEN HOUSE DECORATION,4067.2400,2495,300,157,2425.6200,1618.5300,42.9000,0.0104,0.0002,0.8055,B,4067.2400,1618.5300,1066.0000
84580,MOUSE TOY WITH PINK T-SHIRT,4066.9400,1061,442,197,2580.7600,1420.5300,15.0000,0.0037,0.0002,0.8057,B,4066.9400,1420.5300,1067.0000
72349B,SET/6 PURPLE BUTTERFLY T-LIGHTS,4058.3900,1994,287,123,2567.5000,1365.1700,25.2000,0.0062,0.0002,0.8059,B,4058.3900,1365.1700,1068.0000
21717,EASTER TIN BUCKET,4057.4800,1561,176,122,3110.5500,946.9300,22.9500,0.0056,0.0002,0.8061,B,4057.4800,946.9300,1069.0000
35924,HANGING FAIRY CAKE DECORATION,4055.7000,2167,188,65,2571.4000,1480.1700,347.6800,0.0790,0.0002,0.8063,B,4055.7000,1480.1700,1070.0000
21679,SKULLS  STICKERS,4054.9100,4895,370,181,3026.3300,997.3400,652.6800,0.1386,0.0002,0.8065,B,4054.9100,997.3400,1071.0000
23340,VINTAGE CHRISTMAS CAKE FRILL,4053.8800,2512,151,112,0.0000,3933.5400,-0.0000,-0.0000,0.0002,0.8067,B,4053.8800,3933.5400,1072.0000
23081,GREEN METAL BOX ARMY SUPPLIES,4046.5000,484,139,80,0.0000,3715.6200,49.5000,0.0121,0.0002,0.8069,B,4046.5000,3715.6200,1073.0000
22639,SET OF 4 NAPKIN CHARMS HEARTS,4036.4200,1657,275,192,2098.7100,1866.9600,15.3000,0.0038,0.0002,0.8072,B,4036.4200,1866.9600,1074.0000
21349,IVY HEART WREATH,4024.2300,555,171,113,3868.6300,155.6000,54.0000,0.0132,0.0002,0.8074,B,4024.2300,155.6000,1075.0000
22053,EMPIRE DESIGN ROSETTE,4023.3900,4553,87,61,416.9700,3606.4200,2.5000,0.0006,0.0002,0.8076,B,4023.3900,3606.4200,1076.0000
22057,CERAMIC PLATE STRAWBERRY DESIGN,4019.1800,3065,260,113,3351.2600,599.2800,122.1800,0.0295,0.0002,0.8078,B,4019.1800,599.2800,1077.0000
20967,GREY FLORAL FELTCRAFT SHOULDER BAG,4012.3400,1059,296,187,2980.6500,1031.6900,75.0000,0.0183,0.0002,0.8080,B,4012.3400,1031.6900,1078.0000
22454,MEASURING TAPE BABUSHKA RED,4007.3800,1430,179,115,3179.5600,827.8200,41.3000,0.0102,0.0002,0.8082,B,4007.3800,827.8200,1079.0000
22245,"HOOK, 1 HANGER ,MAGIC GARDEN",4005.8500,4653,413,166,2935.0000,1070.8500,26.3500,0.0065,0.0002,0.8084,B,4005.8500,1070.8500,1080.0000
22959,WRAP CHRISTMAS VILLAGE,4002.9600,9788,284,251,1988.5400,1919.5000,147.0000,0.0354,0.0002,0.8086,B,4002.9600,1919.5000,1081.0000
23129,HEART SHAPED HOLLY WREATH,3999.5000,950,172,138,0.0000,3908.2400,4.1500,0.0010,0.0002,0.8088,B,3999.5000,3908.2400,1082.0000
85206A,CREAM FELT EASTER EGG BASKET,3994.4600,2334,318,234,2422.2300,1572.2300,16.5000,0.0041,0.0002,0.8090,B,3994.4600,1572.2300,1083.0000
21987,PACK OF 6 SKULL PAPER CUPS,3990.6600,6421,385,209,2644.0100,1334.2900,138.0500,0.0334,0.0002,0.8092,B,3990.6600,1334.2900,1084.0000
23130,MISTLETOE HEART WREATH GREEN,3988.9800,962,184,139,0.0000,3839.5900,37.3500,0.0093,0.0002,0.8094,B,3988.9800,3839.5900,1085.0000
22612,TEA COSY VINTAGE UNION JACK,3984.9900,1001,109,83,3984.9900,0.0000,15.0000,0.0038,0.0002,0.8096,B,3984.9900,0.0000,1086.0000
22445,PENCIL CASE LIFE IS BEAUTIFUL,3975.4100,1296,275,147,2350.6500,1581.0600,-0.0000,-0.0000,0.0002,0.8098,B,3975.4100,1581.0600,1087.0000
22731,3D CHRISTMAS STAMPS STICKERS,3974.3700,2965,266,165,2438.1300,1471.7100,42.5000,0.0106,0.0002,0.8100,B,3974.3700,1471.7100,1088.0000
21648,ASSORTED TUTTI FRUTTI SMALL PURSE,3968.9800,2950,231,96,2976.1900,985.4100,274.4000,0.0647,0.0002,0.8102,B,3968.9800,985.4100,1089.0000
21812,GARLAND WITH HEARTS AND BELLS,3957.0900,813,205,103,2205.8700,1693.5100,128.7000,0.0315,0.0002,0.8104,B,3957.0900,1693.5100,1090.0000
21034,REX CASH+CARRY JUMBO SHOPPER,3951.0500,4159,1902,800,2109.0000,1764.1500,26.6000,0.0067,0.0002,0.8106,B,3951.0500,1764.1500,1091.0000
18097C,WHITE TALL PORCELAIN T-LIGHT HOLDER,3942.7700,1770,211,110,2341.5600,1591.2900,571.8000,0.1267,0.0002,0.8108,B,3942.7700,1591.2900,1092.0000
22788,BROCANTE COAT RACK,3942.6200,476,84,51,1916.6600,2025.9600,66.7500,0.0166,0.0002,0.8110,B,3942.6200,2025.9600,1093.0000
23557,LANDMARK FRAME BAKER STREET,3930.2700,350,32,25,0.0000,3855.3100,-0.0000,-0.0000,0.0002,0.8112,B,3930.2700,3855.3100,1094.0000
22980,PANTRY SCRUBBING BRUSH,3914.9600,2366,291,198,0.0000,3883.6700,124.0500,0.0307,0.0002,0.8114,B,3914.9600,3883.6700,1095.0000
46000M,POLYESTER FILLER PAD 45x45cm,3901.3500,2517,353,205,2318.8000,1542.2500,32.5500,0.0083,0.0002,0.8116,B,3901.3500,1542.2500,1096.0000
23049,RECYCLED ACAPULCO MAT RED,3896.8400,456,186,103,0.0000,3863.8400,24.7500,0.0063,0.0002,0.8118,B,3896.8400,3863.8400,1097.0000
22314,OFFICE MUG WARMER CHOC+BLUE,3891.4300,1111,249,101,2129.3600,1568.8400,15.8000,0.0040,0.0002,0.8120,B,3891.4300,1568.8400,1098.0000
21192,WHITE BELL HONEYCOMB PAPER,3888.9400,2169,216,96,1964.0000,1924.9400,69.6000,0.0176,0.0002,0.8122,B,3888.9400,1924.9400,1099.0000
37340,MULTICOLOUR SPRING FLOWER MUG,3886.4300,13671,204,79,2190.5700,1650.5600,501.2200,0.1142,0.0002,0.8124,B,3886.4300,1650.5600,1100.0000
22790,"MIRROR, ARCHED GEORGIAN",3884.0000,200,1,1,3884.0000,0.0000,-0.0000,-0.0000,0.0002,0.8126,B,3884.0000,0.0000,1101.0000
23552,BICYCLE PUNCTURE REPAIR KIT,3883.9900,1864,116,93,0.0000,1288.2000,-0.0000,-0.0000,0.0002,0.8128,B,3883.9900,1288.2000,1102.0000
23032,DRAWER KNOB CRACKLE GLAZE IVORY,3876.7800,2342,199,117,0.0000,3876.7800,75.9000,0.0192,0.0002,0.8130,B,3876.7800,3876.7800,1103.0000
22591,CARDHOLDER GINGHAM CHRISTMAS TREE,3874.5500,1355,208,148,2365.1400,1436.4800,214.7000,0.0525,0.0002,0.8132,B,3874.5500,1436.4800,1104.0000
22118,JOY WOODEN BLOCK LETTERS,3873.0200,806,271,195,2971.5600,766.9500,9.9000,0.0025,0.0002,0.8134,B,3873.0200,766.9500,1105.0000
22843,BISCUIT TIN VINTAGE GREEN,3872.0100,597,177,135,960.7400,2897.9800,107.2000,0.0269,0.0002,0.8136,B,3872.0100,2897.9800,1106.0000
22475,SKULL DESIGN TV DINNER TRAY,3871.6500,772,256,115,2265.9800,1468.6000,29.7000,0.0076,0.0002,0.8138,B,3871.6500,1468.6000,1107.0000
21055,TOOL BOX SOFT TOY,3865.9400,389,222,122,2083.4000,1764.6400,62.6500,0.0159,0.0002,0.8140,B,3865.9400,1764.6400,1108.0000
22478,BIRDHOUSE GARDEN MARKER,3855.9100,2778,317,176,1637.7900,2153.3600,2.5000,0.0006,0.0002,0.8142,B,3855.9100,2153.3600,1109.0000
22777,GLASS CLOCHE LARGE,3855.8200,457,100,67,904.2900,2951.5300,50.1500,0.0128,0.0002,0.8144,B,3855.8200,2951.5300,1110.0000
22272,FELTCRAFT DOLL MARIA,3851.2900,1372,300,207,3286.3700,564.9200,2.9500,0.0008,0.0002,0.8145,B,3851.2900,564.9200,1111.0000
23253,16 PIECE CUTLERY SET PANTRY DESIGN,3848.8600,258,70,44,0.0000,3783.6700,31.9000,0.0082,0.0002,0.8147,B,3848.8600,3783.6700,1112.0000
21447,12 IVORY ROSE PEG PLACE SETTINGS,3846.3800,2779,336,149,2368.2800,1478.1000,1.2500,0.0003,0.0002,0.8149,B,3846.3800,1478.1000,1113.0000
22778,GLASS CLOCHE SMALL,3844.4600,972,194,107,697.6400,3146.8200,250.7700,0.0612,0.0002,0.8151,B,3844.4600,3146.8200,1114.0000
21067,VINTAGE RED TEATIME MUG,3840.6700,4771,266,130,3334.0200,506.6500,39.7600,0.0102,0.0002,0.8153,B,3840.6700,506.6500,1115.0000
23131,MISTLETOE HEART WREATH CREAM,3840.1300,943,115,91,0.0000,3827.6800,24.9000,0.0064,0.0002,0.8155,B,3840.1300,3827.6800,1116.0000
23111,PARISIENNE SEWING BOX,3839.2400,312,138,80,0.0000,3289.7600,283.2000,0.0687,0.0002,0.8157,B,3839.2400,3289.7600,1117.0000
85040B,SET/4 BLUE FLOWER CANDLES IN BOWL,3838.5300,2466,252,132,3609.0600,229.4700,97.6500,0.0248,0.0002,0.8159,B,3838.5300,229.4700,1118.0000
22965,3 TRADITIONAl BISCUIT CUTTERS  SET,3838.2400,1844,260,187,923.4300,2841.8000,79.8000,0.0204,0.0002,0.8161,B,3838.2400,2841.8000,1119.0000
21846,PINK DIAMANTE PEN IN GIFT BOX,3833.4000,1625,264,51,2626.4300,1163.9100,81.8500,0.0209,0.0002,0.8163,B,3833.4000,1163.9100,1120.0000
71038,WHITE HANGING BEADS CANDLE HOLDER,3821.9500,723,144,85,2577.0000,1244.9500,70.8500,0.0182,0.0002,0.8165,B,3821.9500,1244.9500,1121.0000
72802A,ROSE SCENT CANDLE IN JEWELLED BOX,3806.9000,918,182,112,2472.7400,1265.5800,185.0900,0.0464,0.0002,0.8167,B,3806.9000,1265.5800,1122.0000
21100,CHARLIE AND LOLA CHARLOTTE BAG,3806.5500,2547,269,119,3644.3400,162.2100,6.6000,0.0017,0.0002,0.8169,B,3806.5500,162.2100,1123.0000
23542,WALL ART 70'S ALPHABET,3800.1600,506,89,55,0.0000,2828.3200,48.7000,0.0127,0.0002,0.8171,B,3800.1600,2828.3200,1124.0000
22579,WOODEN TREE CHRISTMAS SCANDINAVIAN,3799.8500,7157,553,347,1810.9600,1988.8900,81.6000,0.0210,0.0002,0.8173,B,3799.8500,1988.8900,1125.0000
22458,CAST IRON HOOK GARDEN FORK,3795.5700,1525,173,121,2373.7400,1421.8300,-0.0000,-0.0000,0.0002,0.8175,B,3795.5700,1421.8300,1126.0000
84016,FLAG OF ST GEORGE CAR FLAG,3791.6700,1004,62,43,3779.5100,12.1600,50.3000,0.0131,0.0002,0.8177,B,3791.6700,12.1600,1127.0000
21813,GARLAND WITH STARS AND BELLS,3791.1100,821,184,76,1510.6400,2032.0600,103.9500,0.0267,0.0002,0.8178,B,3791.1100,2032.0600,1128.0000
22292,HANGING CHICK  YELLOW DECORATION,3786.7900,2788,222,145,2177.9300,1608.8600,34.8000,0.0091,0.0002,0.8180,B,3786.7900,1608.8600,1129.0000
23299,FOOD COVER WITH BEADS SET 2,3784.1300,1015,146,110,0.0000,3754.2900,30.0000,0.0079,0.0002,0.8182,B,3784.1300,3754.2900,1130.0000
21627,ELEPHANT CARNIVAL POUFFE,3781.3000,196,115,31,2481.4700,1299.8300,78.7000,0.0204,0.0002,0.8184,B,3781.3000,1299.8300,1131.0000
21743,STAR PORTABLE TABLE LIGHT,3778.8800,1292,182,117,2888.2800,890.6000,174.0500,0.0440,0.0002,0.8186,B,3778.8800,890.6000,1132.0000
23092,LARGE ANTIQUE WHITE PHOTO FRAME,3773.5800,525,135,96,0.0000,3599.0000,77.7500,0.0202,0.0002,0.8188,B,3773.5800,3599.0000,1133.0000
84356,POMPOM CURTAIN,3771.0400,750,133,58,1646.8900,2085.1500,41.7000,0.0109,0.0002,0.8190,B,3771.0400,2085.1500,1134.0000
21329,DINOSAURS  WRITING SET,3770.5600,2088,555,253,2041.9200,1656.1600,33.0000,0.0087,0.0002,0.8192,B,3770.5600,1656.1600,1135.0000
85049C,ROMANTIC PINKS RIBBONS,3770.0400,3000,500,303,2251.8500,1492.0200,31.2500,0.0082,0.0002,0.8194,B,3770.0400,1492.0200,1136.0000
23127,FELTCRAFT GIRL NICOLE KIT,3763.9500,737,194,146,0.0000,3555.1600,64.3500,0.0168,0.0002,0.8196,B,3763.9500,3555.1600,1137.0000
22830,UTILTY CABINET WITH HOOKS,3760.7100,181,18,14,1150.4200,2610.2900,-0.0000,-0.0000,0.0002,0.8198,B,3760.7100,2610.2900,1138.0000
21845,DAIRY MAID STRIPE MUG,3759.2000,2522,158,104,2038.1100,1721.0900,111.0400,0.0287,0.0002,0.8200,B,3759.2000,1721.0900,1139.0000
22544,MINI JIGSAW SPACEBOY,3758.2000,9386,341,196,2042.0200,1590.8300,38.2200,0.0101,0.0002,0.8201,B,3758.2000,1590.8300,1140.0000
22162,HEART GARLAND RUSTIC PADDED,3746.7500,1221,260,92,2905.5100,841.2400,35.4000,0.0094,0.0002,0.8203,B,3746.7500,841.2400,1141.0000
21795,SET OF 3 BLUE STRIPE BASKET,3734.9400,441,80,64,3734.9400,0.0000,12.7500,0.0034,0.0002,0.8205,B,3734.9400,0.0000,1142.0000
22494,EMERGENCY FIRST AID TIN,3732.1700,2766,468,200,2158.6500,1540.2500,63.7500,0.0168,0.0002,0.8207,B,3732.1700,1540.2500,1143.0000
23091,ZINC HERB GARDEN CONTAINER,3725.0700,591,209,160,0.0000,3725.0700,43.7500,0.0116,0.0002,0.8209,B,3725.0700,3725.0700,1144.0000
23182,TOILET SIGN OCCUPIED OR VACANT,3718.0900,3777,433,140,0.0000,3639.5500,11.6200,0.0031,0.0002,0.8211,B,3718.0900,3639.5500,1145.0000
23064,CINDERELLA CHANDELIER,3717.5600,221,23,20,0.0000,3717.5600,1514.0500,0.2894,0.0002,0.8213,B,3717.5600,3717.5600,1146.0000
22782,SET 3 WICKER STORAGE BASKETS,3712.3000,254,84,75,312.3500,3275.2000,-0.0000,-0.0000,0.0002,0.8215,B,3712.3000,3275.2000,1147.0000
85232D,SET/3 DECOUPAGE STACKING TINS,3705.9600,715,223,120,2708.4900,962.7000,64.3500,0.0171,0.0002,0.8217,B,3705.9600,962.7000,1148.0000
22398,MAGNETS PACK OF 4 SWALLOWS,3705.3700,4254,430,273,2115.8600,1526.3300,120.0000,0.0314,0.0002,0.8218,B,3705.3700,1526.3300,1149.0000
21351,CINAMMON & ORANGE WREATH,3702.7500,1099,177,113,3029.8700,627.5500,91.9500,0.0242,0.0002,0.8220,B,3702.7500,627.5500,1150.0000
20692,FLORAL ELEPHANT SOFT TOY,3699.7600,912,139,75,3699.7600,0.0000,8.5000,0.0023,0.0002,0.8222,B,3699.7600,0.0000,1151.0000
21246,RED RETROSPOT BIG BOWL,3685.6300,749,209,99,2348.8500,1336.7800,39.6000,0.0106,0.0002,0.8224,B,3685.6300,1336.7800,1152.0000
23013,GLASS APOTHECARY BOTTLE TONIC,3678.1100,925,223,135,0.0000,3343.0500,23.7000,0.0064,0.0002,0.8226,B,3678.1100,3343.0500,1153.0000
85040A,S/4 PINK FLOWER CANDLES IN BOWL,3677.8400,2088,400,193,2067.2200,1564.4800,72.6000,0.0194,0.0002,0.8228,B,3677.8400,1564.4800,1154.0000
20785,FUSCHIA RETRO BAR STOOL,3672.3500,102,36,14,3149.0500,523.3000,39.9500,0.0108,0.0002,0.8230,B,3672.3500,523.3000,1155.0000
84558A,3D DOG PICTURE PLAYING CARDS,3666.4600,1272,199,116,2670.2000,993.3100,73.7500,0.0197,0.0002,0.8232,B,3666.4600,993.3100,1156.0000
23497,CLASSIC CHROME BICYCLE BELL,3660.3700,2561,195,150,0.0000,2158.3100,17.4000,0.0047,0.0002,0.8233,B,3660.3700,2158.3100,1157.0000
23191,BUNDLE OF 3 RETRO NOTE BOOKS,3656.9400,2218,281,182,0.0000,3506.8700,4.9500,0.0014,0.0002,0.8235,B,3656.9400,3506.8700,1158.0000
22769,CHALKBOARD KITCHEN ORGANISER,3656.8600,174,45,32,3290.1300,366.7300,400.1500,0.0986,0.0002,0.8237,B,3656.8600,366.7300,1159.0000
22823,CHEST NATURAL WOOD 20 DRAWERS,3655.0000,32,18,17,910.0000,2745.0000,-0.0000,-0.0000,0.0002,0.8239,B,3655.0000,2745.0000,1160.0000
22962,JAM JAR WITH PINK LID,3647.7300,4374,354,183,352.8200,3242.2700,72.9700,0.0196,0.0002,0.8241,B,3647.7300,3242.2700,1161.0000
21486,PINK HEART DOTS HOT WATER BOTTLE,3646.1700,1118,294,127,3498.2900,147.8800,3.7500,0.0010,0.0002,0.8243,B,3646.1700,147.8800,1162.0000
22589,CARDHOLDER GINGHAM STAR,3636.9800,1321,238,170,2424.1600,1128.5000,45.9000,0.0125,0.0002,0.8244,B,3636.9800,1128.5000,1163.0000
22774,RED DRAWER KNOB ACRYLIC EDWARDIAN,3636.0600,2827,184,75,734.3100,2886.7500,34.8100,0.0095,0.0002,0.8246,B,3636.0600,2886.7500,1164.0000
23085,ANTIQUE SILVER BAUBLE LAMP,3635.2300,381,78,64,0.0000,3312.4300,128.7500,0.0342,0.0002,0.8248,B,3635.2300,3312.4300,1165.0000
85114B,IVORY ENCHANTED FOREST PLACEMAT,3632.9000,2026,223,99,2728.7600,869.5500,3.3000,0.0009,0.0002,0.8250,B,3632.9000,869.5500,1166.0000
23294,SET OF 6 SNACK LOAF BAKING CASES,3631.0500,4420,354,214,0.0000,3534.3300,10.7900,0.0030,0.0002,0.8252,B,3631.0500,3534.3300,1167.0000
22461,SAVOY ART DECO CLOCK,3620.5600,411,146,82,2166.9800,1453.5800,625.7000,0.1474,0.0002,0.8254,B,3620.5600,1453.5800,1168.0000
23210,WHITE ROCKING HORSE HAND PAINTED,3617.7800,2902,192,115,0.0000,3433.4200,219.7600,0.0573,0.0002,0.8256,B,3617.7800,3433.4200,1169.0000
21866,UNION JACK FLAG LUGGAGE TAG,3612.7500,2185,453,190,2316.6200,1255.2000,31.2500,0.0086,0.0002,0.8257,B,3612.7500,1255.2000,1170.0000
22944,CHRISTMAS METAL POSTCARD WITH BELLS,3592.9900,4882,158,89,1749.3500,1713.0200,311.2100,0.0797,0.0002,0.8259,B,3592.9900,1713.0200,1171.0000
21509,COWBOYS AND INDIANS BIRTHDAY CARD,3592.2600,8708,628,264,2019.9800,1531.1900,10.0800,0.0028,0.0002,0.8261,B,3592.2600,1531.1900,1172.0000
22536,MAGIC DRAWING SLATE PURDEY,3589.1800,9098,365,243,1783.9700,1780.8500,47.8200,0.0131,0.0002,0.8263,B,3589.1800,1780.8500,1173.0000
22704,WRAP RED APPLES,3585.7600,8728,295,207,1417.0000,2084.7600,21.0000,0.0058,0.0002,0.8265,B,3585.7600,2084.7600,1174.0000
21784,SHOE SHINE BOX,3578.0800,294,178,78,2945.0100,633.0700,69.6500,0.0191,0.0002,0.8266,B,3578.0800,633.0700,1175.0000
21054,NURSE'S BAG SOFT TOY,3573.8000,386,182,119,2939.2700,634.5300,17.9000,0.0050,0.0002,0.8268,B,3573.8000,634.5300,1176.0000
84968F,SET OF 16 VINTAGE SKY BLUE CUTLERY,3571.7700,298,131,52,1666.0900,1905.6800,-0.0000,-0.0000,0.0002,0.8270,B,3571.7700,1905.6800,1177.0000
20784,RED RETRO BAR STOOL,3570.8700,101,37,6,3570.8700,0.0000,39.9500,0.0111,0.0002,0.8272,B,3570.8700,0.0000,1178.0000
23332,IVORY WICKER HEART LARGE,3570.7600,2076,287,207,0.0000,3291.9500,3.3000,0.0009,0.0002,0.8274,B,3570.7600,3291.9500,1179.0000
22334,DINOSAUR PARTY BAG + STICKER SET,3555.6600,2232,264,180,2394.9500,1147.5100,31.3500,0.0087,0.0002,0.8276,B,3555.6600,1147.5100,1180.0000
22603,CHRISTMAS RETROSPOT TREE WOOD,3553.7900,4145,388,236,2316.7100,1141.5100,11.0500,0.0031,0.0002,0.8277,B,3553.7900,1141.5100,1181.0000
21794,CLASSIC FRENCH STYLE BASKET NATURAL,3552.0900,713,178,123,1338.6700,2213.4200,79.3500,0.0219,0.0002,0.8279,B,3552.0900,2213.4200,1182.0000
20886,BOX OF 9 PEBBLE CANDLES,3551.9200,1783,308,163,2563.7400,988.1800,11.7000,0.0033,0.0002,0.8281,B,3551.9200,988.1800,1183.0000
22320,BIRDS MOBILE VINTAGE DESIGN,3550.9700,599,180,130,2403.7000,1129.4200,136.8500,0.0371,0.0002,0.8283,B,3550.9700,1129.4200,1184.0000
22176,BLUE OWL SOFT TOY,3548.6300,1186,258,125,2008.8000,1539.8300,26.5500,0.0074,0.0002,0.8285,B,3548.6300,1539.8300,1185.0000
22166,WALL MIRROR RECTANGLE DIAMANTE PINK,3536.7000,441,159,31,1922.3000,1283.8300,63.6000,0.0177,0.0002,0.8286,B,3536.7000,1283.8300,1186.0000
20786,BLACK RETRO BAR STOOL,3533.9000,99,31,9,3533.9000,0.0000,79.9000,0.0221,0.0002,0.8288,B,3533.9000,0.0000,1187.0000
47505,MINATURE COLOURED GARDENING SET,3532.3700,738,178,129,3532.3700,0.0000,87.0500,0.0241,0.0002,0.8290,B,3532.3700,0.0000,1188.0000
21179,NO JUNK MAIL METAL SIGN,3529.5400,4294,505,231,2214.1100,1315.4300,4.6800,0.0013,0.0002,0.8292,B,3529.5400,1315.4300,1189.0000
22902,TOTE BAG I LOVE LONDON,3527.5600,1726,199,102,877.4800,2608.2900,50.4000,0.0141,0.0002,0.8294,B,3527.5600,2608.2900,1190.0000
23353,6 GIFT TAGS VINTAGE CHRISTMAS,3517.5200,4016,327,227,0.0000,3285.8500,19.9200,0.0056,0.0002,0.8295,B,3517.5200,3285.8500,1191.0000
22939,APRON APPLE DELIGHT,3517.3900,703,181,109,1109.8700,2195.0200,69.3000,0.0193,0.0002,0.8297,B,3517.3900,2195.0200,1192.0000
22531,MAGIC DRAWING SLATE CIRCUS PARADE,3512.8000,8148,406,251,2099.5500,1386.3700,-0.0000,-0.0000,0.0002,0.8299,B,3512.8000,1386.3700,1193.0000
22765,NEWSPAPER STAND,3508.3000,311,53,36,3191.3500,316.9500,14.9500,0.0042,0.0002,0.8301,B,3508.3000,316.9500,1194.0000
23189,SET OF 12 FORK CANDLES,3507.5100,1249,141,89,0.0000,3319.6100,2.8900,0.0008,0.0002,0.8302,B,3507.5100,3319.6100,1195.0000
84352,SILVER CHRISTMAS TREE BAUBLE STAND,3505.5800,206,126,90,2928.2300,577.3500,118.6500,0.0327,0.0002,0.8304,B,3505.5800,577.3500,1196.0000
22076,6 RIBBONS EMPIRE,3496.7900,2357,375,197,1827.2600,1484.0600,-0.0000,-0.0000,0.0002,0.8306,B,3496.7900,1484.0600,1197.0000
21469,POLKA DOT RAFFIA FOOD COVER,3482.0100,1165,210,130,2396.6900,1059.0700,67.5000,0.0190,0.0002,0.8308,B,3482.0100,1059.0700,1198.0000
21466,RED FLOWER CROCHET FOOD COVER,3479.7900,927,275,147,2362.9000,1075.7200,-0.0000,-0.0000,0.0002,0.8310,B,3479.7900,1075.7200,1199.0000
23232,WRAP VINTAGE LEAF DESIGN,3478.9200,8626,238,188,0.0000,3373.9200,21.4200,0.0061,0.0002,0.8311,B,3478.9200,3373.9200,1200.0000
22309,TEA COSY RED  STRIPE,3466.7300,1334,266,117,2373.1300,1045.9900,66.3000,0.0188,0.0002,0.8313,B,3466.7300,1045.9900,1201.0000
22764,"RUSTIC WOODEN CABINET, GLASS DOORS",3462.4900,183,25,23,3287.7200,174.7700,93.8000,0.0264,0.0002,0.8315,B,3462.4900,174.7700,1202.0000
21507,"ELEPHANT, BIRTHDAY CARD,",3460.4500,8235,584,267,2035.1700,1373.2800,10.0800,0.0029,0.0002,0.8317,B,3460.4500,1373.2800,1203.0000
23350,ROLL WRAP VINTAGE SPOT,3456.3300,2721,305,205,0.0000,3150.8000,30.0000,0.0086,0.0002,0.8318,B,3456.3300,3150.8000,1204.0000
22172,METAL SHELF WITH RAIL,3451.8200,378,185,124,3451.8200,0.0000,34.0000,0.0098,0.0002,0.8320,B,3451.8200,0.0000,1205.0000
23426,METAL SIGN DROP YOUR PANTS,3450.2100,1277,206,126,0.0000,3221.8100,17.3400,0.0050,0.0002,0.8322,B,3450.2100,3221.8100,1206.0000
23388,WOODLAND MINI BACKPACK,3448.6900,825,154,115,0.0000,3286.8800,-0.0000,-0.0000,0.0002,0.8324,B,3448.6900,3286.8800,1207.0000
85123a,WHITE HANGING HEART T-LIGHT HOLDER,3444.0200,516,99,0,1491.5400,1793.3600,-0.0000,-0.0000,0.0002,0.8325,B,3444.0200,1793.3600,1208.0000
23536,WALL ART VILLAGE SHOW,3442.1300,626,85,68,0.0000,3250.0500,23.8000,0.0069,0.0002,0.8327,B,3442.1300,3250.0500,1209.0000
23065,LARGE DECO JEWELLERY STAND,3439.9400,274,99,81,0.0000,3439.9400,12.5000,0.0036,0.0002,0.8329,B,3439.9400,3439.9400,1210.0000
23156,SET OF 5 MINI GROCERY MAGNETS,3437.8500,1672,205,117,0.0000,3331.7700,49.9200,0.0143,0.0002,0.8331,B,3437.8500,3331.7700,1211.0000
22440,BALLOON WATER BOMB PACK OF 35,3437.2100,8613,292,187,1052.0900,2368.3200,22.6800,0.0066,0.0002,0.8332,B,3437.2100,2368.3200,1212.0000
23354,6 GIFT TAGS 50'S CHRISTMAS,3431.8900,3743,322,235,0.0000,3226.2800,49.8000,0.0143,0.0002,0.8334,B,3431.8900,3226.2800,1213.0000
22452,MEASURING TAPE BABUSHKA PINK,3428.9000,1295,255,112,1597.7900,1825.2100,38.3500,0.0111,0.0002,0.8336,B,3428.9000,1825.2100,1214.0000
21364,PEACE SMALL WOOD LETTERS,3427.9700,471,167,118,3205.0100,222.9600,13.5000,0.0039,0.0002,0.8338,B,3427.9700,222.9600,1215.0000
23014,GLASS APOTHECARY BOTTLE ELIXIR,3427.4800,858,209,122,0.0000,3258.9500,35.5500,0.0103,0.0002,0.8339,B,3427.4800,3258.9500,1216.0000
21039,RED SPOTTY SHOPPING BAG,3423.6500,1313,228,141,2069.9600,1351.1400,40.8000,0.0118,0.0002,0.8341,B,3423.6500,1351.1400,1217.0000
37501,TEA TIME TEA SET IN GIFT BOX,3422.0000,484,177,106,2515.1700,906.8300,104.2500,0.0296,0.0002,0.8343,B,3422.0000,906.8300,1218.0000
21902,"KEY FOB , FRONT  DOOR",3419.0800,5376,474,250,2148.2600,1238.6100,37.0500,0.0107,0.0002,0.8344,B,3419.0800,1238.6100,1219.0000
22459,CAST IRON HOOK GARDEN TROWEL,3410.1400,1386,172,124,2391.9500,1018.1900,-0.0000,-0.0000,0.0002,0.8346,B,3410.1400,1018.1900,1220.0000
21191,LARGE WHITE HONEYCOMB PAPER BELL,3408.6100,1479,201,96,1956.7900,1339.1200,-0.0000,-0.0000,0.0002,0.8348,B,3408.6100,1339.1200,1221.0000
84472,PINK AND LILAC QUILTED THROW,3402.3200,87,30,23,3402.3200,0.0000,125.9000,0.0357,0.0002,0.8350,B,3402.3200,0.0000,1222.0000
23239,SET OF 4 KNICK KNACK TINS POPPIES,3399.4900,853,178,125,0.0000,3207.6000,115.8000,0.0329,0.0002,0.8351,B,3399.4900,3207.6000,1223.0000
21123,SET/10 IVORY POLKADOT PARTY CANDLES,3398.0600,2755,252,125,2014.7200,1332.1500,60.0000,0.0174,0.0002,0.8353,B,3398.0600,1332.1500,1224.0000
22862,LOVE HEART NAPKIN BOX,3394.4700,763,221,143,2550.5200,843.9500,17.0000,0.0050,0.0002,0.8355,B,3394.4700,843.9500,1225.0000
21327,SKULLS WRITING SET,3386.7600,1931,495,212,1902.6300,1425.6900,-0.0000,-0.0000,0.0002,0.8357,B,3386.7600,1425.6900,1226.0000
22428,ENAMEL FIRE BUCKET CREAM,3386.6200,460,191,126,1531.8600,1812.6000,104.2500,0.0299,0.0002,0.8358,B,3386.6200,1812.6000,1227.0000
44230,SQUARE MIRROR CURTAIN,3381.6200,347,53,25,3381.6200,0.0000,77.9100,0.0225,0.0002,0.8360,B,3381.6200,0.0000,1228.0000
22822,CREAM WALL PLANTER HEART SHAPED,3379.2500,583,183,139,790.5500,2564.3400,11.9000,0.0035,0.0002,0.8362,B,3379.2500,2564.3400,1229.0000
22047,EMPIRE GIFT WRAP,3372.0000,8300,261,211,1977.5000,1373.5000,89.0000,0.0257,0.0002,0.8363,B,3372.0000,1373.5000,1230.0000
21211,SET OF 72 SKULL PAPER  DOILIES,3369.9900,2408,237,139,2098.4700,1271.5200,17.4000,0.0051,0.0002,0.8365,B,3369.9900,1271.5200,1231.0000
22477,WATERING CAN GARDEN MARKER,3369.2400,2424,276,155,1388.8400,1963.1800,1.2500,0.0004,0.0002,0.8367,B,3369.2400,1963.1800,1232.0000
22223,CAKE PLATE LOVEBIRD PINK,3364.6100,727,175,89,1543.0000,1796.8000,4.9500,0.0015,0.0002,0.8369,B,3364.6100,1796.8000,1233.0000
84797A,PINK HAWAIIAN PICNIC HAMPER FOR 4,3361.2500,481,44,21,3361.2500,0.0000,-0.0000,-0.0000,0.0002,0.8370,B,3361.2500,0.0000,1234.0000
21917,SET 12 KIDS  WHITE CHALK STICKS,3336.8200,8040,467,246,1632.7900,1677.1600,8.8200,0.0026,0.0002,0.8372,B,3336.8200,1677.1600,1235.0000
20702,PINK PADDED MOBILE,3330.7000,790,245,151,2752.9100,577.7900,46.7500,0.0138,0.0002,0.8374,B,3330.7000,577.7900,1236.0000
22136,LOVE HEART SOCK HANGER,3330.4700,1994,265,117,2649.5400,674.3500,4.5500,0.0014,0.0002,0.8375,B,3330.4700,674.3500,1237.0000
15058B,PINK POLKADOT GARDEN PARASOL,3327.6700,438,156,65,1442.4000,1885.2700,69.1500,0.0204,0.0002,0.8377,B,3327.6700,1885.2700,1238.0000
84828,JUNGLE POPSICLES ICE LOLLY HOLDERS,3321.4300,2508,353,146,1780.0700,1492.8900,45.0000,0.0134,0.0002,0.8379,B,3321.4300,1492.8900,1239.0000
23395,BELLE JARDINIERE CUSHION COVER,3305.8300,761,210,141,0.0000,3054.0500,26.2500,0.0079,0.0002,0.8380,B,3305.8300,3054.0500,1240.0000
22281,EASTER TREE YELLOW BIRDS,3303.7100,514,149,83,2368.3200,923.4900,95.2000,0.0280,0.0002,0.8382,B,3303.7100,923.4900,1241.0000
84813,SET OF 4 DIAMOND NAPKIN RINGS,3300.7600,422,99,53,1906.9700,1308.2400,3.9500,0.0012,0.0002,0.8384,B,3300.7600,1308.2400,1242.0000
84975,HEART SHAPED MIRROR,3300.2000,2010,212,115,3291.7500,8.4500,15.2100,0.0046,0.0002,0.8385,B,3300.2000,8.4500,1243.0000
22183,CAKE STAND VICTORIAN FILIGREE MED,3297.2500,586,209,58,1381.2400,1916.0100,56.2000,0.0168,0.0002,0.8387,B,3297.2500,1916.0100,1244.0000
22122,SET OF 2 FANCY FONT TEA TOWELS,3295.9800,1097,191,113,3295.9800,0.0000,-0.0000,-0.0000,0.0002,0.8389,B,3295.9800,0.0000,1245.0000
37410,BLACK AND WHITE PAISLEY FLOWER MUG,3288.6500,25707,33,13,3288.6500,0.0000,7.5000,0.0023,0.0002,0.8390,B,3288.6500,0.0000,1246.0000
23308,SET OF 60 VINTAGE LEAF CAKE CASES,3279.2100,6151,382,209,0.0000,3076.7100,-0.0000,-0.0000,0.0002,0.8392,B,3279.2100,3076.7100,1247.0000
22967,SET 3 SONG BIRD PAPER EGGS ASSORTED,3277.3100,1173,138,122,0.0000,3259.6100,64.9000,0.0194,0.0002,0.8394,B,3277.3100,3259.6100,1248.0000
22762,CUPBOARD 3 DRAWER MA CAMPAGNE,3276.6200,204,133,91,490.5900,2696.3300,244.9000,0.0695,0.0002,0.8395,B,3276.6200,2696.3300,1249.0000
22792,FLUTED ANTIQUE CANDLE HOLDER,3271.7300,3525,262,128,628.4000,2362.8900,10.2000,0.0031,0.0002,0.8397,B,3271.7300,2362.8900,1250.0000
22794,SWEETHEART WIRE MAGAZINE RACK,3271.3500,389,209,130,486.4500,2721.3000,39.7500,0.0120,0.0002,0.8399,B,3271.3500,2721.3000,1251.0000
21467,CHERRY CROCHET FOOD COVER,3271.2500,1027,254,145,2266.8600,993.1800,18.7500,0.0057,0.0002,0.8400,B,3271.2500,993.1800,1252.0000
21829,DINOSAUR KEYRINGS ASSORTED,3269.9000,15167,409,211,1786.4800,1483.4200,60.6900,0.0182,0.0002,0.8402,B,3269.9000,1483.4200,1253.0000
84031B,CHARLIE LOLA BLUE HOT WATER BOTTLE,3267.6800,840,271,80,1827.3100,1371.9500,64.2000,0.0193,0.0002,0.8404,B,3267.6800,1371.9500,1254.0000
18098C,PORCELAIN BUTTERFLY OIL BURNER,3266.5300,1235,236,104,2607.7800,658.7500,70.8000,0.0212,0.0002,0.8405,B,3266.5300,658.7500,1255.0000
84510A,SET OF 4 ENGLISH ROSE COASTERS,3264.1400,2410,474,200,1627.5700,1556.6900,26.2500,0.0080,0.0002,0.8407,B,3264.1400,1556.6900,1256.0000
23053,RECYCLED ACAPULCO MAT PINK,3262.5700,365,164,105,0.0000,3188.0600,8.2500,0.0025,0.0002,0.8409,B,3262.5700,3188.0600,1257.0000
21477,STRING OF 20 ROSE LIGHTS,3248.9400,273,45,35,3248.9400,0.0000,257.2500,0.0734,0.0002,0.8410,B,3248.9400,0.0000,1258.0000
22419,LIPSTICK PEN RED,3246.3700,6856,509,191,1569.4900,1564.7400,4.1400,0.0013,0.0002,0.8412,B,3246.3700,1564.7400,1259.0000
21732,RED HANGING METAL STAR TLIGHT HLDR,3244.5700,933,58,50,3244.5700,0.0000,10.5300,0.0032,0.0002,0.8414,B,3244.5700,0.0000,1260.0000
84849B,FAIRY SOAP SOAP HOLDER,3244.1400,1936,293,123,2765.3100,478.8300,21.9700,0.0067,0.0002,0.8415,B,3244.1400,478.8300,1261.0000
20992,JAZZ HEARTS PURSE NOTEBOOK,3243.2800,6179,433,222,1277.4700,1884.2300,-0.0000,-0.0000,0.0002,0.8417,B,3243.2800,1884.2300,1262.0000
84837,WHITE SWEETHEARTS CABINET 4 DRAWERS,3235.5400,253,143,109,3235.5400,0.0000,-0.0000,-0.0000,0.0002,0.8419,B,3235.5400,0.0000,1263.0000
22972,CHILDREN'S SPACEBOY MUG,3234.5900,1891,243,147,162.0000,2998.3600,56.1000,0.0170,0.0002,0.8420,B,3234.5900,2998.3600,1264.0000
23393,HOME SWEET HOME CUSHION COVER,3230.4100,807,229,165,0.0000,3070.5400,78.7500,0.0238,0.0002,0.8422,B,3230.4100,3070.5400,1265.0000
23230,WRAP ALPHABET DESIGN,3228.4200,8001,235,178,0.0000,3186.4200,31.5000,0.0097,0.0002,0.8423,B,3228.4200,3186.4200,1266.0000
23035,DRAWER KNOB CERAMIC IVORY,3226.0900,2209,191,110,0.0000,3045.0100,13.0500,0.0040,0.0002,0.8425,B,3226.0900,3045.0100,1267.0000
21830,ASSORTED CREEPY CRAWLIES,3225.9200,7754,256,151,2098.6900,1127.2300,247.6800,0.0713,0.0002,0.8427,B,3225.9200,1127.2300,1268.0000
23051,RECYCLED ACAPULCO MAT BLUE,3223.4900,365,162,95,0.0000,3173.7300,16.5000,0.0051,0.0002,0.8428,B,3223.4900,3173.7300,1269.0000
21473,SWEETHEART CREAM STEEL TABLE RECT,3212.1600,157,90,65,2593.5000,618.6600,79.8000,0.0242,0.0002,0.8430,B,3212.1600,618.6600,1270.0000
22194,BLACK DINER WALL CLOCK,3212.1000,373,160,100,2586.4100,625.6900,51.0000,0.0156,0.0002,0.8432,B,3212.1000,625.6900,1271.0000
84944,SET OF 6 KASHMIR FOLKART BAUBLES,3210.7800,1149,194,122,2088.8700,1121.9100,244.4500,0.0707,0.0002,0.8433,B,3210.7800,1121.9100,1272.0000
79323GR,GREEN CHERRY LIGHTS,3209.3600,532,83,60,3209.3600,0.0000,1168.5000,0.2669,0.0002,0.8435,B,3209.3600,0.0000,1273.0000
79164,BLACK WINE GLASS,3208.2500,3665,91,43,2508.2900,699.9600,36.6000,0.0113,0.0002,0.8437,B,3208.2500,699.9600,1274.0000
84596F,SMALL MARSHMALLOWS PINK BOWL,3206.0600,4737,600,216,1254.0600,1882.1100,6.7200,0.0021,0.0002,0.8438,B,3206.0600,1882.1100,1275.0000
21628,TRIANGULAR POUFFE VINTAGE,3200.2300,165,87,24,2023.6300,1161.6500,59.8000,0.0183,0.0002,0.8440,B,3200.2300,1161.6500,1276.0000
21333,CLASSIC WHITE FRAME,3197.9900,1059,222,150,3029.8300,168.1600,59.0200,0.0181,0.0002,0.8441,B,3197.9900,168.1600,1277.0000
23342,MINT DINER WALL CLOCK,3193.4100,375,163,105,0.0000,3125.4100,8.5000,0.0027,0.0002,0.8443,B,3193.4100,3125.4100,1278.0000
21111,"SWISS ROLL TOWEL, CHOCOLATE  SPOTS",3188.4100,1380,214,109,1536.1400,1399.3200,20.6500,0.0064,0.0002,0.8445,B,3188.4100,1399.3200,1279.0000
22773,GREEN DRAWER KNOB ACRYLIC EDWARDIAN,3186.1100,2404,227,95,431.7100,2694.6400,15.0000,0.0047,0.0002,0.8446,B,3186.1100,2694.6400,1280.0000
22863,SOAP DISH BROCANTE,3184.3100,1113,169,120,1107.6800,2050.0800,38.3500,0.0119,0.0002,0.8448,B,3184.3100,2050.0800,1281.0000
21557,SET OF 6 FUNKY BEAKERS,3178.2400,935,302,71,1334.6300,1799.9600,2.9500,0.0009,0.0002,0.8449,B,3178.2400,1799.9600,1282.0000
22503,CABIN BAG VINTAGE PAISLEY,3178.0200,141,54,29,1167.9000,2010.1200,546.7000,0.1468,0.0002,0.8451,B,3178.0200,2010.1200,1283.0000
22406,MONEY BOX KINGS CHOICE DESIGN,3169.3500,2503,217,145,2765.8900,352.7000,55.6600,0.0173,0.0002,0.8453,B,3169.3500,352.7000,1284.0000
21949,SET OF 6 STRAWBERRY CHOPSTICKS,3164.1800,2598,269,91,2109.7400,1031.0500,7.5000,0.0024,0.0002,0.8454,B,3164.1800,1031.0500,1285.0000
21820,GLITTER HEART GARLAND WITH BELLS,3162.3900,803,180,112,1782.6700,1327.2200,112.5000,0.0344,0.0002,0.8456,B,3162.3900,1327.2200,1286.0000
22700,BLACK AND WHITE DOG BOWL,3161.3000,1386,98,79,553.2200,2608.0800,31.3000,0.0098,0.0002,0.8458,B,3161.3000,2608.0800,1287.0000
22702,BLACK AND WHITE CAT BOWL,3160.5200,1591,94,66,475.8700,2676.3900,3.9500,0.0012,0.0002,0.8459,B,3160.5200,2676.3900,1288.0000
21519,GIN & TONIC DIET GREETING CARD,3160.0100,7380,553,181,1770.7900,1373.2700,15.1200,0.0048,0.0002,0.8461,B,3160.0100,1373.2700,1289.0000
82494l,WOODEN FRAME ANTIQUE WHITE,3155.9300,378,86,0,944.3300,2062.3800,-0.0000,-0.0000,0.0002,0.8462,B,3155.9300,2062.3800,1290.0000
21765,HANGING METAL BIRD BATH,3155.8900,381,143,103,3155.8900,0.0000,66.7500,0.0207,0.0002,0.8464,B,3155.8900,0.0000,1291.0000
23323,WHITE WICKER STAR,3155.1800,1473,294,210,0.0000,2828.9100,6.3000,0.0020,0.0002,0.8466,B,3155.1800,2828.9100,1292.0000
15058A,BLUE POLKADOT GARDEN PARASOL,3153.7300,476,148,76,1485.2400,1668.4900,120.7500,0.0369,0.0002,0.8467,B,3153.7300,1668.4900,1293.0000
22313,OFFICE MUG WARMER PINK,3151.0200,986,137,74,1586.1900,1520.2900,647.4000,0.1704,0.0002,0.8469,B,3151.0200,1520.2900,1294.0000
22325,MOBILE VINTAGE HEARTS,3149.8900,701,224,129,1998.5900,1151.3000,237.6000,0.0701,0.0002,0.8470,B,3149.8900,1151.3000,1295.0000
21705,BAG 500g SWIRLY MARBLES,3145.7100,2534,225,142,1683.5400,1101.4900,41.5000,0.0130,0.0002,0.8472,B,3145.7100,1101.4900,1296.0000
82578,KITCHEN METAL SIGN,3134.7400,5605,704,322,1915.7900,1081.5500,7.1500,0.0023,0.0002,0.8474,B,3134.7400,1081.5500,1297.0000
22095,LADS ONLY TISSUE BOX,3129.9800,2987,284,125,1519.5700,1431.8200,119.8800,0.0369,0.0002,0.8475,B,3129.9800,1431.8200,1298.0000
22347,PIZZA SLICE DISH,3126.6800,2722,115,50,3126.6800,0.0000,-0.0000,-0.0000,0.0002,0.8477,B,3126.6800,0.0000,1299.0000
22891,TEA FOR ONE POLKADOT,3124.9500,649,230,108,999.7700,2029.3200,157.2500,0.0479,0.0002,0.8478,B,3124.9500,2029.3200,1300.0000
21272,SALLE DE BAIN HOOK,3119.8300,2356,339,167,2336.0100,783.8200,16.2500,0.0052,0.0002,0.8480,B,3119.8300,783.8200,1301.0000
22154,ANGEL DECORATION 3 BUTTONS,3117.4200,7219,317,163,1479.0700,1526.4100,85.6800,0.0267,0.0002,0.8481,B,3117.4200,1526.4100,1302.0000
23346,SPACEBOY BEAKER,3117.3400,2632,184,106,0.0000,3031.4500,7.5000,0.0024,0.0002,0.8483,B,3117.3400,3031.4500,1303.0000
22310,IVORY KNITTED MUG COSY,3115.5900,1740,223,64,1819.3600,1261.6500,21.2500,0.0068,0.0002,0.8485,B,3115.5900,1261.6500,1304.0000
85227,SET OF 6 3D KIT CARDS FOR KIDS,3114.4900,3473,442,225,1745.7400,1301.6600,25.5000,0.0081,0.0002,0.8486,B,3114.4900,1301.6600,1305.0000
22177,5 HOOK BLACKBOARD ORGANISER,3111.4100,326,125,90,3111.4100,0.0000,227.0000,0.0680,0.0002,0.8488,B,3111.4100,0.0000,1306.0000
21352,EUCALYPTUS & PINECONE  WREATH,3110.2800,880,158,77,1599.0200,1511.2600,74.2500,0.0233,0.0002,0.8489,B,3110.2800,1511.2600,1307.0000
20956,PORCELAIN T-LIGHT HOLDERS ASSORTED,3102.5700,2353,236,117,1953.5500,1111.5200,37.5000,0.0119,0.0002,0.8491,B,3102.5700,1111.5200,1308.0000
22572,ROCKING HORSE GREEN CHRISTMAS,3102.4800,3457,362,211,1846.7600,1255.7200,2.5500,0.0008,0.0002,0.8493,B,3102.4800,1255.7200,1309.0000
22129,PARTY CONES CANDY TREE DECORATION,3100.2200,3252,174,97,1868.7000,1177.4000,15.3000,0.0049,0.0002,0.8494,B,3100.2200,1177.4000,1310.0000
47504K,ENGLISH ROSE GARDEN SECATEURS,3098.8200,2656,312,210,1049.3700,2049.4500,28.9800,0.0093,0.0002,0.8496,B,3098.8200,2049.4500,1311.0000
84997d,CHILDRENS CUTLERY POLKADOT PINK,3097.3800,371,82,0,439.5900,2591.4700,-0.0000,-0.0000,0.0002,0.8497,B,3097.3800,2591.4700,1312.0000
79072,TEATIME CAKE TIN WITH HANDLE,3093.1500,285,107,41,3093.1500,0.0000,149.2500,0.0460,0.0002,0.8499,B,3093.1500,0.0000,1313.0000
84279B,CHERRY BLOSSOM DECORATIVE FLASK,3088.1700,811,215,140,2302.2200,785.9500,63.7500,0.0202,0.0002,0.8500,B,3088.1700,785.9500,1314.0000
84912B,GREEN ROSE WASHBAG,3087.6400,1129,259,56,1951.0400,1116.8600,-0.0000,-0.0000,0.0002,0.8502,B,3087.6400,1116.8600,1315.0000
23461,SWEETHEART BIRD HOUSE,3082.7100,857,94,75,0.0000,903.9800,16.6000,0.0054,0.0002,0.8504,B,3082.7100,903.9800,1316.0000
22372,AIRLINE BAG VINTAGE WORLD CHAMPION,3081.9300,606,287,163,1792.4400,1222.1200,33.9500,0.0109,0.0002,0.8505,B,3081.9300,1222.1200,1317.0000
22963,JAM JAR WITH GREEN LID,3080.2600,3697,319,170,301.4200,2735.6200,90.8600,0.0287,0.0002,0.8507,B,3080.2600,2735.6200,1318.0000
22757,LARGE RED BABUSHKA NOTEBOOK,3073.9300,2699,308,161,1904.9400,996.8400,1.2500,0.0004,0.0002,0.8508,B,3073.9300,996.8400,1319.0000
21206,STRAWBERRY HONEYCOMB  GARLAND,3071.2000,2157,238,117,1460.2800,1610.9200,18.1500,0.0059,0.0002,0.8510,B,3071.2000,1610.9200,1320.0000
22473,TV DINNER TRAY VINTAGE PAISLEY,3070.9200,811,209,120,1447.8800,1541.1400,-0.0000,-0.0000,0.0002,0.8511,B,3070.9200,1541.1400,1321.0000
20985,HEART CALCULATOR,3059.2400,2379,291,162,1513.6500,1497.1600,54.4300,0.0175,0.0002,0.8513,B,3059.2400,1497.1600,1322.0000
21408,SPOTTY PINK DUCK DOORSTOP,3057.7100,707,240,114,1762.5000,1027.5500,21.2500,0.0069,0.0002,0.8514,B,3057.7100,1027.5500,1323.0000
23329,DECORATIVE WICKER HEART LARGE,3056.3400,1778,233,168,0.0000,2866.6000,4.9500,0.0016,0.0002,0.8516,B,3056.3400,2866.6000,1324.0000
22037,ROBOT BIRTHDAY CARD,3055.8600,7102,634,270,1340.3800,1592.3700,5.0400,0.0016,0.0002,0.8518,B,3055.8600,1592.3700,1325.0000
21786,POLKADOT RAIN HAT,3055.3300,7486,450,131,2137.0800,872.4900,29.4000,0.0095,0.0002,0.8519,B,3055.3300,872.4900,1326.0000
22754,SMALL RED BABUSHKA NOTEBOOK,3049.1100,3929,492,237,1696.9400,1192.9900,10.2000,0.0033,0.0002,0.8521,B,3049.1100,1192.9900,1327.0000
22067,CHOC TRUFFLE GOLD TRINKET POT,3049.0200,1873,252,108,2403.8000,624.9400,32.2000,0.0105,0.0002,0.8522,B,3049.0200,624.9400,1328.0000
22208,WOOD STAMP SET THANK YOU,3046.8800,2375,433,237,1470.4100,1520.1500,31.4100,0.0102,0.0002,0.8524,B,3046.8800,1520.1500,1329.0000
23390,DOLLY GIRL MINI BACKPACK,3042.1900,751,163,117,0.0000,2697.0200,4.1500,0.0014,0.0002,0.8525,B,3042.1900,2697.0200,1330.0000
23242,TREASURE TIN BUFFALO BILL,3037.1100,1476,214,132,0.0000,2747.3400,56.1600,0.0182,0.0002,0.8527,B,3037.1100,2747.3400,1331.0000
15044C,PURPLE PAPER PARASOL,3036.1100,970,231,100,2010.1700,1020.0400,13.9500,0.0046,0.0002,0.8528,B,3036.1100,1020.0400,1332.0000
22712,CARD DOLLY GIRL,3032.6600,7367,508,209,1190.3000,1736.9100,15.5400,0.0051,0.0002,0.8530,B,3032.6600,1736.9100,1333.0000
22805,BLUE DRAWER KNOB ACRYLIC EDWARDIAN,3026.3200,2221,231,89,432.7900,2543.6400,16.2500,0.0053,0.0002,0.8531,B,3026.3200,2543.6400,1334.0000
21626,VINTAGE UNION JACK PENNANT,3024.8700,1500,204,136,1438.1200,1586.7500,117.0000,0.0372,0.0002,0.8533,B,3024.8700,1586.7500,1335.0000
22402,MAGNETS PACK OF 4 VINTAGE COLLAGE,3016.4500,3436,250,158,1980.8700,1001.5300,17.5000,0.0058,0.0002,0.8534,B,3016.4500,1001.5300,1336.0000
23231,WRAP DOILEY DESIGN,3008.3400,7277,260,190,0.0000,2924.3400,-0.0000,-0.0000,0.0002,0.8536,B,3008.3400,2924.3400,1337.0000
22755,SMALL PURPLE BABUSHKA NOTEBOOK,3004.4300,3784,499,243,1813.9200,1075.6300,10.2000,0.0034,0.0002,0.8538,B,3004.4300,1075.6300,1338.0000
84912A,PINK ROSE WASHBAG,2996.4400,1094,231,59,2435.8200,560.6200,-0.0000,-0.0000,0.0002,0.8539,B,2996.4400,560.6200,1339.0000
22925,BLUE GIANT GARDEN THERMOMETER,2995.4700,489,191,130,232.0500,2763.4200,47.6000,0.0156,0.0002,0.8541,B,2995.4700,2763.4200,1340.0000
22375,AIRLINE BAG VINTAGE JET SET BROWN,2994.7400,595,284,135,1355.4500,1564.0500,10.6000,0.0035,0.0002,0.8542,B,2994.7400,1564.0500,1341.0000
22132,RED LOVE HEART SHAPE CUP,2993.2100,3349,388,154,2054.1800,916.5000,10.2000,0.0034,0.0002,0.8544,B,2993.2100,916.5000,1342.0000
21354,TOAST ITS - BEST MUM,2981.9600,2478,217,123,1971.7500,985.0100,-0.0000,-0.0000,0.0002,0.8545,B,2981.9600,985.0100,1343.0000
22816,CARD MOTORBIKE SANTA,2976.1300,6916,436,258,1269.2500,1596.0000,20.1600,0.0067,0.0002,0.8547,B,2976.1300,1596.0000,1344.0000
22519,CHILDS GARDEN BRUSH PINK,2972.9700,1427,258,142,2066.2200,906.7500,29.4000,0.0098,0.0002,0.8548,B,2972.9700,906.7500,1345.0000
22674,FRENCH TOILET SIGN BLUE METAL,2962.5800,2382,297,182,1264.8600,1666.7100,17.5000,0.0059,0.0002,0.8550,B,2962.5800,1666.7100,1346.0000
22905,CALENDAR IN SEASON DESIGN,2960.1200,1078,194,111,1454.8800,1335.5900,-0.0000,-0.0000,0.0002,0.8551,B,2960.1200,1335.5900,1347.0000
84997c,CHILDRENS CUTLERY POLKADOT BLUE,2958.8700,353,75,0,584.4300,2241.8000,-0.0000,-0.0000,0.0002,0.8553,B,2958.8700,2241.8000,1348.0000
22664,TOY TIDY DOLLY GIRL DESIGN,2956.2900,1430,266,107,1483.4400,1365.6600,25.2000,0.0085,0.0002,0.8554,B,2956.2900,1365.6600,1349.0000
22927,GREEN GIANT GARDEN THERMOMETER,2948.5700,468,162,101,243.8600,2693.0800,83.3000,0.0275,0.0001,0.8556,B,2948.5700,2693.0800,1350.0000
22990,COTTON APRON PANTRY DESIGN,2942.1800,638,164,117,0.0000,2596.9500,553.7000,0.1584,0.0001,0.8557,B,2942.1800,2596.9500,1351.0000
23211,RED ROCKING HORSE HAND PAINTED,2933.0700,2331,160,82,0.0000,2737.8200,30.0000,0.0101,0.0001,0.8559,B,2933.0700,2737.8200,1352.0000
22277,COSMETIC BAG VINTAGE ROSE PAISLEY,2931.6900,1402,250,147,2033.9500,864.3500,4.2000,0.0014,0.0001,0.8560,B,2931.6900,864.3500,1353.0000
85049D,BRIGHT BLUES RIBBONS,2930.4600,2336,400,263,2232.9700,697.4900,-0.0000,-0.0000,0.0001,0.8562,B,2930.4600,697.4900,1354.0000
21948,SET OF 6 CAKE CHOPSTICKS,2923.8600,2295,267,71,1944.3800,967.1800,-0.0000,-0.0000,0.0001,0.8563,B,2923.8600,967.1800,1355.0000
21214,SET OF 72 IVORY PAPER DOILIES,2922.2700,2007,199,106,2922.2700,0.0000,1.4500,0.0005,0.0001,0.8565,B,2922.2700,0.0000,1356.0000
23056,FLOWERS CHANDELIER T-LIGHT HOLDER,2916.8700,966,39,33,0.0000,2916.8700,1859.0700,0.3893,0.0001,0.8566,B,2916.8700,2916.8700,1357.0000
21821,GLITTER STAR GARLAND WITH BELLS,2915.3500,726,153,86,1878.3000,1029.5900,48.7500,0.0164,0.0001,0.8568,B,2915.3500,1029.5900,1358.0000
22518,CHILDS GARDEN BRUSH BLUE,2914.5000,1405,266,141,2130.9600,783.5400,-0.0000,-0.0000,0.0001,0.8569,B,2914.5000,783.5400,1359.0000
22955,36 FOIL STAR CAKE CASES,2908.3600,1459,185,131,838.2100,2009.3900,-0.0000,-0.0000,0.0001,0.8570,B,2908.3600,2009.3900,1360.0000
22293,HANGING CHICK GREEN DECORATION,2903.7000,2064,225,114,1562.0300,1341.6700,34.8000,0.0118,0.0001,0.8572,B,2903.7000,1341.6700,1361.0000
23290,SPACEBOY CHILDRENS BOWL,2899.1000,2437,214,125,0.0000,2691.8900,12.5000,0.0043,0.0001,0.8573,B,2899.1000,2691.8900,1362.0000
22897,OVEN MITT APPLES DESIGN,2897.6500,1958,298,190,881.6500,1990.1800,60.9000,0.0206,0.0001,0.8575,B,2897.6500,1990.1800,1363.0000
22184,CAKE STAND VICTORIAN FILIGREE LARGE,2895.5700,390,146,60,2423.7100,471.8600,134.8000,0.0445,0.0001,0.8576,B,2895.5700,471.8600,1364.0000
23345,DOLLY GIRL BEAKER,2891.2500,2455,174,100,0.0000,2783.9900,8.7500,0.0030,0.0001,0.8578,B,2891.2500,2783.9900,1365.0000
20752,BLUE POLKADOT WASHING UP GLOVES,2887.1000,1509,358,188,1951.9500,935.1500,6.3000,0.0022,0.0001,0.8579,B,2887.1000,935.1500,1366.0000
21709,FOLDING UMBRELLA CHOCOLATE POLKADOT,2886.6200,698,117,69,2279.3900,602.2800,-0.0000,-0.0000,0.0001,0.8581,B,2886.6200,602.2800,1367.0000
22811,SET OF 6 T-LIGHTS CACTI,2884.1300,1021,140,51,464.8400,2070.6500,2.9500,0.0010,0.0001,0.8582,B,2884.1300,2070.6500,1368.0000
21688,SILVER PLATE CANDLE BOWL SMALL,2881.0500,924,142,97,1779.7700,1101.2800,17.7000,0.0061,0.0001,0.8584,B,2881.0500,1101.2800,1369.0000
21465,PINK FLOWER CROCHET FOOD COVER,2879.3900,794,187,117,1981.5900,875.3000,7.5000,0.0026,0.0001,0.8585,B,2879.3900,875.3000,1370.0000
22949,36 DOILIES DOLLY GIRL,2875.5900,2022,177,130,1440.6400,1432.0300,26.1000,0.0090,0.0001,0.8587,B,2875.5900,1432.0300,1371.0000
23427,STOOL HOME SWEET HOME,2873.0800,238,114,87,0.0000,2823.0800,22.9000,0.0079,0.0001,0.8588,B,2873.0800,2823.0800,1372.0000
22480,RED TEA TOWEL CLASSIC DESIGN,2873.0600,2376,263,197,2115.8500,757.2100,-0.0000,-0.0000,0.0001,0.8590,B,2873.0600,757.2100,1373.0000
21324,HANGING MEDINA LANTERN SMALL,2869.3100,1022,175,101,2609.6400,259.6700,140.1000,0.0466,0.0001,0.8591,B,2869.3100,259.6700,1374.0000
23212,HEART WREATH DECORATION WITH BELL,2865.8900,2300,186,104,0.0000,2614.3100,75.0000,0.0255,0.0001,0.8592,B,2865.8900,2614.3100,1375.0000
22581,WOOD STOCKING CHRISTMAS SCANDISPOT,2861.9800,3576,380,208,1723.0000,968.2600,1.7000,0.0006,0.0001,0.8594,B,2861.9800,968.2600,1376.0000
21424,WOODLAND STORAGE BOX LARGE,2861.6400,955,142,51,1460.6200,1401.0200,151.9000,0.0504,0.0001,0.8595,B,2861.6400,1401.0200,1377.0000
23504,PLAYING CARDS JUBILEE UNION JACK,2857.6400,1934,208,164,0.0000,2716.5900,-0.0000,-0.0000,0.0001,0.8597,B,2857.6400,2716.5900,1378.0000
22983,CARD BILLBOARD FONT,2853.6300,6719,551,264,592.0300,2211.2600,68.7600,0.0235,0.0001,0.8598,B,2853.6300,2211.2600,1379.0000
22930,BAKING MOULD HEART MILK CHOCOLATE,2849.3500,1109,189,120,0.0000,2796.5000,201.6000,0.0661,0.0001,0.8600,B,2849.3500,2796.5000,1380.0000
23196,VINTAGE LEAF MAGNETIC NOTEPAD,2848.0400,1876,298,170,0.0000,2711.0800,18.8500,0.0066,0.0001,0.8601,B,2848.0400,2711.0800,1381.0000
21439,BASKET OF TOADSTOOLS,2838.7900,2260,240,112,1071.6400,1740.9400,432.4800,0.1322,0.0001,0.8603,B,2838.7900,1740.9400,1382.0000
22576,SWALLOW WOODEN CHRISTMAS DECORATION,2838.4800,3136,330,191,1423.1700,1265.4100,5.1000,0.0018,0.0001,0.8604,B,2838.4800,1265.4100,1383.0000
22710,WRAP I LOVE LONDON,2821.2800,7184,173,112,1046.8600,1742.9200,52.5000,0.0183,0.0001,0.8605,B,2821.2800,1742.9200,1384.0000
35001W,HAND OPEN SHAPE DECO.WHITE,2820.6500,887,190,78,2550.6300,270.0200,66.8100,0.0231,0.0001,0.8607,B,2820.6500,270.0200,1385.0000
22217,T-LIGHT HOLDER HANGING LACE,2819.8100,2378,214,152,1987.3000,685.0000,70.0000,0.0242,0.0001,0.8608,B,2819.8100,685.0000,1386.0000
21508,VINTAGE KID DOLLY CARD,2818.7000,6740,541,215,1771.7200,1018.4600,5.0400,0.0018,0.0001,0.8610,B,2818.7000,1018.4600,1387.0000
22671,FRENCH LAUNDRY SIGN BLUE METAL,2817.9400,1692,246,140,1207.5900,1580.7000,6.4000,0.0023,0.0001,0.8611,B,2817.9400,1580.7000,1388.0000
22450,SILK PURSE BABUSHKA BLUE,2811.6800,838,180,117,2150.5700,661.1100,36.8500,0.0129,0.0001,0.8613,B,2811.6800,661.1100,1389.0000
22974,CHILDRENS DOLLY GIRL MUG,2810.6600,1645,211,128,66.1200,2683.5300,33.0000,0.0116,0.0001,0.8614,B,2810.6600,2683.5300,1390.0000
21360,JOY LARGE WOOD LETTERS,2800.3600,442,100,81,2564.1900,236.1700,19.9000,0.0071,0.0001,0.8615,B,2800.3600,236.1700,1391.0000
21728,METAL MEDINA LANTERN,2798.6100,300,40,33,2798.6100,0.0000,25.5000,0.0090,0.0001,0.8617,B,2798.6100,0.0000,1392.0000
84909A,PINK PAISLEY QUILT,2797.5500,209,30,24,2797.5500,0.0000,-0.0000,-0.0000,0.0001,0.8618,B,2797.5500,0.0000,1393.0000
22696,WICKER WREATH LARGE,2796.6800,1418,288,203,1340.2300,1423.3000,-0.0000,-0.0000,0.0001,0.8620,B,2796.6800,1423.3000,1394.0000
85199S,SMALL HANGING IVORY/RED WOOD BIRD,2794.7400,6035,486,188,1489.4900,1154.6800,10.0800,0.0036,0.0001,0.8621,B,2794.7400,1154.6800,1395.0000
84519A,TOMATO CHARLIE+LOLA COASTER SET,2791.4000,1201,203,96,1885.8500,884.7600,-0.0000,-0.0000,0.0001,0.8623,B,2791.4000,884.7600,1396.0000
22101,MIRROR MOSAIC VOTIVE HOLDER,2790.2700,1909,116,44,737.1000,2015.9700,128.4600,0.0440,0.0001,0.8624,B,2790.2700,2015.9700,1397.0000
21796,SET OF 3 RED STRIPE BASKETS,2782.1900,324,67,57,2782.1900,0.0000,-0.0000,-0.0000,0.0001,0.8625,B,2782.1900,0.0000,1398.0000
23396,LE JARDIN BOTANIQUE CUSHION COVER,2780.5300,662,196,134,0.0000,2634.8300,15.0000,0.0054,0.0001,0.8627,B,2780.5300,2634.8300,1399.0000
22081,RIBBON REEL FLORA + FAUNA,2779.1900,1570,302,170,1586.1900,1127.0500,67.6500,0.0238,0.0001,0.8628,B,2779.1900,1127.0500,1400.0000
21188,3D HEARTS  HONEYCOMB PAPER GARLAND,2771.3400,912,128,69,1749.4400,1021.9000,89.6500,0.0313,0.0001,0.8630,B,2771.3400,1021.9000,1401.0000
22597,MUSICAL ZINC HEART DECORATION,2768.9200,4617,291,167,1521.1400,1126.7600,28.9000,0.0103,0.0001,0.8631,B,2768.9200,1126.7600,1402.0000
21682,LARGE MEDINA STAMPED METAL BOWL,2767.5900,559,152,116,1836.6300,926.0100,19.8000,0.0071,0.0001,0.8632,B,2767.5900,926.0100,1403.0000
85132B,CHARLIE AND LOLA TABLE TINS,2767.5300,919,123,73,1611.3600,1156.1700,19.9000,0.0071,0.0001,0.8634,B,2767.5300,1156.1700,1404.0000
22416,SET OF 36 DOILIES SPACEBOY DESIGN,2764.8100,1971,176,122,1553.9900,1184.7200,8.7000,0.0031,0.0001,0.8635,B,2764.8100,1184.7200,1405.0000
23190,BUNDLE OF 3 SCHOOL EXERCISE BOOKS,2761.9000,1702,202,145,0.0000,2697.5500,3.3000,0.0012,0.0001,0.8637,B,2761.9000,2697.5500,1406.0000
22145,CHRISTMAS CRAFT HEART STOCKING,2761.0600,1310,197,153,2698.0600,63.0000,12.6000,0.0045,0.0001,0.8638,B,2761.0600,63.0000,1407.0000
51014C,"FEATHER PEN,COAL BLACK",2760.8600,4292,265,108,1345.7700,1378.4100,182.3400,0.0620,0.0001,0.8639,B,2760.8600,1378.4100,1408.0000
22315,200 RED + WHITE BENDY STRAWS,2759.5100,2144,387,191,1538.0800,1216.4700,6.2500,0.0023,0.0001,0.8641,B,2759.5100,1216.4700,1409.0000
22675,FRENCH KITCHEN SIGN BLUE METAL,2758.7000,2230,270,179,1199.7900,1474.1500,35.0000,0.0125,0.0001,0.8642,B,2758.7000,1474.1500,1410.0000
23266,SET OF 3 WOODEN STOCKING DECORATION,2757.5700,2064,319,201,0.0000,2534.9000,15.0000,0.0054,0.0001,0.8644,B,2757.5700,2534.9000,1411.0000
21683,MEDIUM MEDINA STAMPED METAL BOWL,2757.4700,936,152,96,1808.7700,931.0000,2.9500,0.0011,0.0001,0.8645,B,2757.4700,931.0000,1412.0000
23147,SINGLE ANTIQUE ROSE HOOK IVORY,2755.1000,1870,261,170,0.0000,2691.3000,21.7500,0.0078,0.0001,0.8646,B,2755.1000,2691.3000,1413.0000
15058C,ICE CREAM DESIGN GARDEN PARASOL,2753.7200,470,122,56,1323.9000,1419.0300,23.8000,0.0086,0.0001,0.8648,B,2753.7200,1419.0300,1414.0000
84795C,OCEAN STRIPE HAMMOCK,2752.5900,325,131,70,2736.6900,15.9000,7.9500,0.0029,0.0001,0.8649,B,2752.5900,15.9000,1415.0000
22525,CHILDRENS GARDEN GLOVES PINK,2752.5400,1949,328,189,2103.5700,648.9700,18.7500,0.0068,0.0001,0.8651,B,2752.5400,648.9700,1416.0000
85015,SET OF 12  VINTAGE POSTCARD SET,2751.3000,2910,254,133,1031.4600,1701.6400,-0.0000,-0.0000,0.0001,0.8652,B,2751.3000,1701.6400,1417.0000
23341,PINK DINER WALL CLOCK,2749.8500,308,121,75,0.0000,2513.9200,-0.0000,-0.0000,0.0001,0.8653,B,2749.8500,2513.9200,1418.0000
22482,BLUE TEA TOWEL CLASSIC DESIGN,2748.1800,2326,214,154,2182.3200,565.8600,-0.0000,-0.0000,0.0001,0.8655,B,2748.1800,565.8600,1419.0000
22066,LOVE HEART TRINKET POT,2745.5500,3458,273,185,1694.5000,1044.8100,10.6500,0.0039,0.0001,0.8656,B,2745.5500,1044.8100,1420.0000
23100,SILVER BELLS TABLE DECORATION,2743.1300,2169,257,180,0.0000,2597.0800,1.2500,0.0005,0.0001,0.8658,B,2743.1300,2597.0800,1421.0000
21693,SMALL HAMMERED SILVER CANDLEPOT,2743.0200,903,120,84,1599.7100,1107.9100,-0.0000,-0.0000,0.0001,0.8659,B,2743.0200,1107.9100,1422.0000
22161,HEART DECORATION RUSTIC HANGING,2739.6900,6731,489,156,1092.5300,1615.2900,28.8800,0.0104,0.0001,0.8660,B,2739.6900,1615.2900,1423.0000
22650,CERAMIC PIRATE CHEST MONEY BANK,2736.7300,1799,282,150,1402.9800,1265.9400,53.6500,0.0192,0.0001,0.8662,B,2736.7300,1265.9400,1424.0000
22818,CARD CHRISTMAS VILLAGE,2735.9800,6326,404,252,1175.5000,1478.5800,60.4800,0.0216,0.0001,0.8663,B,2735.9800,1478.5800,1425.0000
85183B,CHARLIE & LOLA WASTEPAPER BIN FLORA,2731.7600,1725,171,124,1408.3900,1308.3700,131.2500,0.0458,0.0001,0.8665,B,2731.7600,1308.3700,1426.0000
21788,KIDS RAIN MAC BLUE,2729.3400,3380,206,141,1696.7000,991.8400,61.8500,0.0222,0.0001,0.8666,B,2729.3400,991.8400,1427.0000
23407,SET OF 2 TRAYS HOME SWEET HOME,2729.3300,267,133,103,0.0000,2463.8100,59.7000,0.0214,0.0001,0.8667,B,2729.3300,2463.8100,1428.0000
22914,BLUE COAT RACK PARIS FASHION,2725.6100,571,170,117,459.4500,2214.8800,24.7500,0.0090,0.0001,0.8669,B,2725.6100,2214.8800,1429.0000
22651,GENTLEMAN SHIRT REPAIR KIT,2724.2600,3179,270,112,886.7900,1783.3400,-0.0000,-0.0000,0.0001,0.8670,B,2724.2600,1783.3400,1430.0000
21808,"CHRISTMAS GARLAND STARS,TREES",2723.0300,1003,144,70,2081.4500,621.7500,155.0000,0.0539,0.0001,0.8671,B,2723.0300,621.7500,1431.0000
23333,IVORY WICKER HEART MEDIUM,2721.7000,2110,233,179,0.0000,2587.9500,15.0000,0.0055,0.0001,0.8673,B,2721.7000,2587.9500,1432.0000
21744,SNOWFLAKE PORTABLE TABLE LIGHT,2720.7600,906,217,131,1157.2100,1563.5500,17.7000,0.0065,0.0001,0.8674,B,2720.7600,1563.5500,1433.0000
47503J,SET/3 FLORAL GARDEN TOOLS IN BAG,2719.3800,344,74,31,2695.5300,23.8500,151.0500,0.0526,0.0001,0.8676,B,2719.3800,23.8500,1434.0000
22231,JIGSAW TREE WITH BIRDHOUSE,2718.8700,2140,297,166,1689.1100,1004.5500,150.1500,0.0523,0.0001,0.8677,B,2718.8700,1004.5500,1435.0000
23164,REGENCY CAKE SLICE,2718.6500,578,92,70,0.0000,2668.9700,4.9500,0.0018,0.0001,0.8678,B,2718.6500,2668.9700,1436.0000
47480,HANGING PHOTO CLIP ROPE LADDER,2717.2800,1640,150,62,1439.8100,1082.3400,24.7500,0.0090,0.0001,0.8680,B,2717.2800,1082.3400,1437.0000
22155,STAR DECORATION RUSTIC,2716.3300,6031,340,165,1581.8800,1042.1700,22.2600,0.0081,0.0001,0.8681,B,2716.3300,1042.1700,1438.0000
21096,SET/6 FRUIT SALAD  PAPER PLATES,2715.9600,15924,143,91,2134.8700,579.4300,911.0400,0.2512,0.0001,0.8683,B,2715.9600,579.4300,1439.0000
22524,CHILDRENS GARDEN GLOVES BLUE,2713.2300,1925,293,188,1830.0300,883.2000,17.5000,0.0064,0.0001,0.8684,B,2713.2300,883.2000,1440.0000
85035C,ROSE 3 WICK MORRIS BOX CANDLE,2712.6000,1371,197,129,933.1900,1779.4100,12.7500,0.0047,0.0001,0.8685,B,2712.6000,1779.4100,1441.0000
21224,SET/4 SKULL BADGES,2709.4100,2185,312,140,1629.4100,1059.6300,27.5000,0.0100,0.0001,0.8687,B,2709.4100,1059.6300,1442.0000
23489,VINTAGE BELLS GARLAND,2709.2300,913,159,125,0.0000,2216.8300,-0.0000,-0.0000,0.0001,0.8688,B,2709.2300,2216.8300,1443.0000
22479,DAISY GARDEN MARKER,2706.1900,1951,214,129,1047.6200,1635.1400,-0.0000,-0.0000,0.0001,0.8689,B,2706.1900,1635.1400,1444.0000
23292,SPACEBOY CHILDRENS CUP,2704.5800,2182,222,113,0.0000,2528.0900,26.2500,0.0096,0.0001,0.8691,B,2704.5800,2528.0900,1445.0000
22436,12 COLOURED PARTY BALLOONS,2701.3500,4237,289,173,1289.1900,1382.9600,17.5500,0.0065,0.0001,0.8692,B,2701.3500,1382.9600,1446.0000
23264,SET OF 3 WOODEN SLEIGH DECORATIONS,2694.5600,1966,299,177,0.0000,2427.0500,1.2500,0.0005,0.0001,0.8693,B,2694.5600,2427.0500,1447.0000
22495,SET OF 2 ROUND TINS CAMEMBERT,2688.2200,942,237,165,1936.4500,644.3500,17.7000,0.0065,0.0001,0.8695,B,2688.2200,644.3500,1448.0000
21204,DAISIES  HONEYCOMB GARLAND,2682.9900,1608,205,109,1814.5500,842.0500,71.2500,0.0259,0.0001,0.8696,B,2682.9900,842.0500,1449.0000
21923,RED/CREAM STRIPE FRINGE HAMMOCK,2678.5400,339,119,80,2678.5400,0.0000,15.9000,0.0059,0.0001,0.8698,B,2678.5400,0.0000,1450.0000
90057,DIAMANTE RING ASSORTED IN BOX.,2675.8800,1804,37,29,1364.5200,1251.3600,-0.0000,-0.0000,0.0001,0.8699,B,2675.8800,1251.3600,1451.0000
22028,PENNY FARTHING BIRTHDAY CARD,2675.2100,6368,507,203,1366.0300,1289.9100,10.0800,0.0038,0.0001,0.8700,B,2675.2100,1289.9100,1452.0000
21742,LARGE ROUND WICKER PLATTER,2665.1300,440,193,156,1491.6000,1054.5300,-0.0000,-0.0000,0.0001,0.8702,B,2665.1300,1054.5300,1453.0000
22270,HAPPY EASTER HANGING DECORATION,2664.9200,692,153,104,1718.9700,945.9500,96.7800,0.0350,0.0001,0.8703,B,2664.9200,945.9500,1454.0000
22500,SET OF 2 TINS JARDIN DE PROVENCE,2660.9600,585,198,155,1680.2600,863.2000,19.8000,0.0074,0.0001,0.8704,B,2660.9600,863.2000,1455.0000
21897,POTTING SHED CANDLE CITRONELLA,2659.0600,872,106,86,1390.8700,1268.1900,14.7500,0.0055,0.0001,0.8706,B,2659.0600,1268.1900,1456.0000
85049B,LUSH GREENS RIBBONS,2658.3000,2130,338,224,2590.8000,67.5000,-0.0000,-0.0000,0.0001,0.8707,B,2658.3000,67.5000,1457.0000
23146,TRIPLE HOOK ANTIQUE IVORY ROSE,2655.1300,801,227,151,0.0000,2559.4500,164.1000,0.0582,0.0001,0.8708,B,2655.1300,2559.4500,1458.0000
22152,PLACE SETTING WHITE STAR,2653.2000,6267,241,154,1599.7000,1040.9000,4.6200,0.0017,0.0001,0.8710,B,2653.2000,1040.9000,1459.0000
22094,RED RETROSPOT TISSUE BOX,2652.2500,3563,339,181,1514.0500,1115.9700,73.7200,0.0270,0.0001,0.8711,B,2652.2500,1115.9700,1460.0000
22713,CARD I LOVE LONDON,2651.4000,6168,368,148,1188.8400,1439.9100,8.4000,0.0032,0.0001,0.8712,B,2651.4000,1439.9100,1461.0000
72800E,4 IVORY DINNER CANDLES SILVER FLOCK,2648.8000,1410,286,139,1435.5100,1101.2600,9.4800,0.0036,0.0001,0.8714,B,2648.8000,1101.2600,1462.0000
22376,AIRLINE BAG VINTAGE JET SET WHITE,2647.0300,532,246,145,1505.3300,1103.6600,-0.0000,-0.0000,0.0001,0.8715,B,2647.0300,1103.6600,1463.0000
85049F,BABY BOOM RIBBONS,2642.7500,2117,314,206,2165.4100,477.3400,31.2500,0.0117,0.0001,0.8716,B,2642.7500,477.3400,1464.0000
22146,EASTER CRAFT IVY WREATH WITH CHICK,2640.9300,1417,107,93,2638.9800,1.9500,77.7000,0.0286,0.0001,0.8718,B,2640.9300,1.9500,1465.0000
22758,LARGE PURPLE BABUSHKA NOTEBOOK,2638.3500,2453,314,151,1525.6000,875.5500,37.5000,0.0140,0.0001,0.8719,B,2638.3500,875.5500,1466.0000
84754,S/15 SILVER GLASS BAUBLES IN BAG,2637.0900,2085,218,129,1911.5700,725.5200,155.1400,0.0556,0.0001,0.8720,B,2637.0900,725.5200,1467.0000
84012,MAGIC SHEEP WOOL GROWING FROM PAPER,2633.5700,1840,179,127,1349.5800,1178.5900,102.0000,0.0373,0.0001,0.8722,B,2633.5700,1178.5900,1468.0000
82597,BOMBS AWAY METAL SIGN,2624.2600,1236,215,106,2624.2600,0.0000,5.8900,0.0022,0.0001,0.8723,B,2624.2600,0.0000,1469.0000
84849D,HOT BATHS SOAP HOLDER,2621.6500,1560,260,122,1762.6500,855.6200,40.5600,0.0152,0.0001,0.8724,B,2621.6500,855.6200,1470.0000
23054,RECYCLED ACAPULCO MAT LAVENDER,2621.4300,297,130,81,0.0000,2571.6700,8.2500,0.0031,0.0001,0.8726,B,2621.4300,2571.6700,1471.0000
47585A,PINK FAIRY CAKE CUSHION COVER,2620.3800,1086,148,66,1490.9400,1114.4400,18.7500,0.0071,0.0001,0.8727,B,2620.3800,1114.4400,1472.0000
21422,PORCELAIN ROSE SMALL,2619.1700,3160,147,71,1324.1700,1295.0000,3.4000,0.0013,0.0001,0.8728,B,2619.1700,1295.0000,1473.0000
72799E,IVORY PILLAR CANDLE SILVER FLOCK,2618.3400,1238,178,105,1698.4000,738.1200,17.7000,0.0067,0.0001,0.8730,B,2618.3400,738.1200,1474.0000
22046,TEA PARTY  WRAPPING PAPER,2613.5000,6375,208,147,1684.5000,897.5000,14.2800,0.0054,0.0001,0.8731,B,2613.5000,897.5000,1475.0000
22439,6 ROCKET BALLOONS,2612.6600,3912,363,216,1315.5400,1245.6200,48.7500,0.0183,0.0001,0.8732,B,2612.6600,1245.6200,1476.0000
85034B,3 WHITE CHOC MORRIS BOXED CANDLES,2611.6400,1187,152,95,977.8600,1490.7500,-0.0000,-0.0000,0.0001,0.8734,B,2611.6400,1490.7500,1477.0000
37502,TEA TIME MUG IN GIFT BOX,2611.5900,872,171,97,2611.5900,0.0000,2.9500,0.0011,0.0001,0.8735,B,2611.5900,0.0000,1478.0000
85034C,3 ROSE MORRIS BOXED CANDLES,2609.1500,1318,197,130,804.1500,1645.3400,85.7500,0.0318,0.0001,0.8736,B,2609.1500,1645.3400,1479.0000
90062,CARNIVAL BRACELET,2604.1700,205,109,33,2046.1400,558.0300,63.7500,0.0239,0.0001,0.8738,B,2604.1700,558.0300,1480.0000
22190,LOCAL CAFE MUG,2591.6700,1400,242,88,1533.9600,970.3200,2.1000,0.0008,0.0001,0.8739,B,2591.6700,970.3200,1481.0000
22933,BAKING MOULD EASTER EGG MILK CHOC,2585.9200,940,122,82,0.0000,2577.1800,337.8000,0.1155,0.0001,0.8740,B,2585.9200,2577.1800,1482.0000
21818,GLITTER CHRISTMAS HEART,2584.6900,4238,285,197,1262.1900,1286.9800,-0.0000,-0.0000,0.0001,0.8742,B,2584.6900,1286.9800,1483.0000
21589,SWALLOW GIANT TUBE MATCHES,2583.4500,1119,88,73,2583.4500,0.0000,30.6000,0.0117,0.0001,0.8743,B,2583.4500,0.0000,1484.0000
21171,BATHROOM METAL SIGN,2581.1700,1847,260,142,1968.0300,613.1400,-0.0000,-0.0000,0.0001,0.8744,B,2581.1700,613.1400,1485.0000
21642,ASSORTED TUTTI FRUTTI PEN,2578.8700,4418,251,150,1747.8500,820.4400,172.3400,0.0626,0.0001,0.8746,B,2578.8700,820.4400,1486.0000
21653,GLASS ETCHED T-LIGHT HOLDER LARGE,2576.1700,1251,111,75,2576.1700,0.0000,14.7000,0.0057,0.0001,0.8747,B,2576.1700,0.0000,1487.0000
22471,TV DINNER TRAY AIR HOSTESS,2573.7100,628,176,91,1066.7400,1369.8900,11.8500,0.0046,0.0001,0.8748,B,2573.7100,1369.8900,1488.0000
22937,BAKING MOULD CHOCOLATE CUPCAKES,2568.3400,974,160,122,0.0000,2527.8200,33.1500,0.0127,0.0001,0.8750,B,2568.3400,2527.8200,1489.0000
21288,STRIPEY CHOCOLATE NESTING BOXES,2566.3200,985,224,105,1496.0600,1037.3600,64.1500,0.0244,0.0001,0.8751,B,2566.3200,1037.3600,1490.0000
22735,RIBBON REEL SOCKS AND MITTENS,2566.1300,1449,231,133,1178.6700,1308.0500,-0.0000,-0.0000,0.0001,0.8752,B,2566.1300,1308.0500,1491.0000
22828,REGENCY MIRROR WITH SHUTTERS,2565.0000,17,11,9,1035.0000,1530.0000,290.0000,0.1016,0.0001,0.8753,B,2565.0000,1530.0000,1492.0000
22342,HOME GARLAND PAINTED ZINC,2562.5000,1842,230,109,1450.9200,1085.2600,96.3000,0.0362,0.0001,0.8755,B,2562.5000,1085.2600,1493.0000
85035B,CHOCOLATE 3 WICK MORRIS BOX CANDLE,2552.0400,989,131,75,1493.6900,1058.3500,-0.0000,-0.0000,0.0001,0.8756,B,2552.0400,1058.3500,1494.0000
20960,WATERMELON BATH SPONGE,2550.8400,1900,215,85,2478.3500,72.4900,-0.0000,-0.0000,0.0001,0.8757,B,2550.8400,72.4900,1495.0000
21898,POTTING SHED ROSE CANDLE,2544.7100,829,113,73,1003.6000,1541.1100,-0.0000,-0.0000,0.0001,0.8759,B,2544.7100,1541.1100,1496.0000
21792,CLASSIC FRENCH STYLE BASKET GREEN,2538.1300,497,141,110,1040.4100,1497.7200,84.9500,0.0324,0.0001,0.8760,B,2538.1300,1497.7200,1497.0000
21215,IVORY PAPER CUP CAKE CASES,2537.7300,4356,291,127,1792.2800,743.6500,17.6400,0.0069,0.0001,0.8761,B,2537.7300,743.6500,1498.0000
20787,BLUE RETRO BAR STOOL,2535.1000,69,30,7,2535.1000,0.0000,-0.0000,-0.0000,0.0001,0.8762,B,2535.1000,0.0000,1499.0000
21203,BUTTERFLIES  HONEYCOMB GARLAND,2530.3000,1541,145,85,2530.3000,0.0000,71.2500,0.0274,0.0001,0.8764,B,2530.3000,0.0000,1500.0000
23424,GINGHAM RECIPE BOOK BOX,2529.4200,466,135,87,0.0000,2339.1500,4.9500,0.0020,0.0001,0.8765,B,2529.4200,2339.1500,1501.0000
23681,LUNCH BAG RED VINTAGE DOILY,2526.6900,1577,132,105,0.0000,2033.5200,-0.0000,-0.0000,0.0001,0.8766,B,2526.6900,2033.5200,1502.0000
21323,HANGING MEDINA LANTERN LARGE,2523.8900,744,80,46,2523.8900,0.0000,12.7500,0.0050,0.0001,0.8768,B,2523.8900,0.0000,1503.0000
22415,WHITE TISSUE REAM,2520.1500,317,204,156,2369.1000,151.0500,-0.0000,-0.0000,0.0001,0.8769,B,2520.1500,151.0500,1504.0000
21431,GREEN GINGHAM FLOWER JEWELLERY BOX,2519.6100,1488,278,167,2519.6100,0.0000,3.3000,0.0013,0.0001,0.8770,B,2519.6100,0.0000,1505.0000
22153,ANGEL DECORATION STARS ON DRESS,2516.6200,5818,283,136,1382.3700,999.2900,69.7200,0.0270,0.0001,0.8771,B,2516.6200,999.2900,1506.0000
23316,RED REFECTORY CLOCK,2511.5900,251,110,75,0.0000,2372.1700,9.9500,0.0039,0.0001,0.8773,B,2511.5900,2372.1700,1507.0000
85054,FRENCH ENAMEL POT W LID,2506.8200,920,204,107,1070.2900,1436.5300,20.2000,0.0080,0.0001,0.8774,B,2506.8200,1436.5300,1508.0000
82567,"AIRLINE LOUNGE,METAL SIGN",2505.2800,1210,489,136,1093.0100,1304.3200,2.1000,0.0008,0.0001,0.8775,B,2505.2800,1304.3200,1509.0000
85041,SET/4 PINK ORCHID CANDLES IN BOWL,2498.1200,1858,92,64,2498.1200,0.0000,23.1000,0.0092,0.0001,0.8777,B,2498.1200,0.0000,1510.0000
23367,SET 12 COLOUR PENCILS SPACEBOY,2495.7500,3285,282,184,0.0000,2275.3500,10.4000,0.0041,0.0001,0.8778,B,2495.7500,2275.3500,1511.0000
21680,WOODLAND  STICKERS,2493.8800,2870,268,110,1707.5700,747.5600,25.5000,0.0101,0.0001,0.8779,B,2493.8800,747.5600,1512.0000
22091,EMPIRE TISSUE BOX,2492.7300,3190,324,184,1459.5100,1020.6500,68.7500,0.0268,0.0001,0.8780,B,2492.7300,1020.6500,1513.0000
22829,SWEETHEART WIRE WALL TIDY,2488.4700,243,118,83,173.1400,2315.3300,87.9000,0.0341,0.0001,0.8782,B,2488.4700,2315.3300,1514.0000
21924,BLUE/CREAM STRIPE FRINGE HAMMOCK,2486.6600,315,123,82,2486.6600,0.0000,79.5000,0.0310,0.0001,0.8783,B,2486.6600,0.0000,1515.0000
85206B,PINK FELT EASTER EGG BASKET,2485.5500,1543,183,138,2462.4500,23.1000,23.1000,0.0092,0.0001,0.8784,B,2485.5500,23.1000,1516.0000
22742,MAKE YOUR OWN PLAYTIME CARD KIT,2484.9400,1006,180,132,1151.7300,1109.5900,5.9000,0.0024,0.0001,0.8785,B,2484.9400,1109.5900,1517.0000
20668,DISCO BALL CHRISTMAS DECORATION,2475.0400,21119,367,181,962.1200,1334.8400,0.3600,0.0001,0.0001,0.8787,B,2475.0400,1334.8400,1518.0000
22676,FRENCH BLUE METAL DOOR SIGN 1,2467.4800,1832,305,105,886.5900,1524.7100,13.7500,0.0055,0.0001,0.8788,B,2467.4800,1524.7100,1519.0000
22852,DOG BOWL VINTAGE CREAM,2467.1100,565,160,108,709.2300,1664.8000,21.2500,0.0085,0.0001,0.8789,B,2467.1100,1664.8000,1520.0000
22789,T-LIGHT HOLDER SWEETHEART HANGING,2466.3400,1262,196,138,778.1200,1652.8900,1.9500,0.0008,0.0001,0.8790,B,2466.3400,1652.8900,1521.0000
22911,PAPER CHAIN KIT LONDON,2463.2000,856,164,115,1102.1600,1334.4900,35.4000,0.0142,0.0001,0.8792,B,2463.2000,1334.4900,1522.0000
23352,ROLL WRAP 50'S RED CHRISTMAS,2462.9500,1803,212,151,0.0000,2223.4200,15.0000,0.0061,0.0001,0.8793,B,2462.9500,2223.4200,1523.0000
21616,4 PEAR BOTANICAL DINNER CANDLES,2462.3300,1153,191,126,1173.9900,1142.0800,-0.0000,-0.0000,0.0001,0.8794,B,2462.3300,1142.0800,1524.0000
21330,WOODLAND ANIMAL  WRITING SET,2460.6700,1456,201,101,2460.6700,0.0000,14.8500,0.0060,0.0001,0.8795,B,2460.6700,0.0000,1525.0000
21686,MEDINA STAMPED METAL STOOL,2460.1400,65,33,10,1108.5000,1351.6400,249.6500,0.0921,0.0001,0.8797,B,2460.1400,1351.6400,1526.0000
21462,"NURSERY A,B,C PAINTED LETTERS",2459.1600,418,171,131,1526.7600,754.9500,40.5000,0.0162,0.0001,0.8798,B,2459.1600,754.9500,1527.0000
84509F,SET OF 4 NEW ENGLAND PLACEMATS,2456.1000,2781,46,32,2456.1000,0.0000,-0.0000,-0.0000,0.0001,0.8799,B,2456.1000,0.0000,1528.0000
21823,PAINTED METAL HEART WITH HOLLY BELL,2453.9100,2473,212,136,1599.1700,854.7400,34.8000,0.0140,0.0001,0.8800,B,2453.9100,854.7400,1529.0000
21747,SMALL SKULL WINDMILL,2453.6000,2050,153,83,1807.9900,645.6100,136.9800,0.0529,0.0001,0.8802,B,2453.6000,645.6100,1530.0000
84509B,SET OF 4 FAIRY CAKE PLACEMATS,2452.6700,649,196,101,1646.6300,772.2900,15.0000,0.0061,0.0001,0.8803,B,2452.6700,772.2900,1531.0000
85036A,GARDENIA 1 WICK MORRIS BOXED CANDLE,2451.2100,635,165,117,1691.8600,759.3500,5.5000,0.0022,0.0001,0.8804,B,2451.2100,759.3500,1532.0000
84840,SWEETHEART CARRY-ALL BASKET,2447.8200,284,140,110,2371.3800,76.4400,25.5000,0.0103,0.0001,0.8805,B,2447.8200,76.4400,1533.0000
21274,EMBOSSED HEART 3 DRAWER SHELF,2446.1900,177,105,61,2446.1900,0.0000,12.7500,0.0052,0.0001,0.8807,B,2446.1900,0.0000,1534.0000
21789,KIDS RAIN MAC PINK,2439.6200,2923,218,138,1633.4200,784.1700,78.2000,0.0311,0.0001,0.8808,B,2439.6200,784.1700,1535.0000
22021,BLUE FELT EASTER EGG BASKET,2433.6100,1415,233,161,1823.1600,610.4500,19.8000,0.0081,0.0001,0.8809,B,2433.6100,610.4500,1536.0000
21809,CHRISTMAS HANGING TREE WITH BELL,2432.0300,3019,207,118,1312.4700,1106.6900,-0.0000,-0.0000,0.0001,0.8810,B,2432.0300,1106.6900,1537.0000
23406,HOME SWEET HOME KEY HOLDER,2428.9100,457,111,65,0.0000,2328.9900,18.7500,0.0077,0.0001,0.8812,B,2428.9100,2328.9900,1538.0000
22609,PENS ASSORTED SPACEBALL,2428.2200,7159,201,118,1046.4400,1346.5900,98.6400,0.0390,0.0001,0.8813,B,2428.2200,1346.5900,1539.0000
22448,PIN CUSHION BABUSHKA RED,2426.7300,753,121,79,1770.3000,582.4800,20.1000,0.0082,0.0001,0.8814,B,2426.7300,582.4800,1540.0000
23265,SET OF 3 WOODEN TREE DECORATIONS,2423.5400,1784,293,180,0.0000,2219.5000,18.7500,0.0077,0.0001,0.8815,B,2423.5400,2219.5000,1541.0000
22613,PACK OF 20 SPACEBOY NAPKINS,2423.1600,3055,273,166,1200.5500,1186.1300,8.5000,0.0035,0.0001,0.8816,B,2423.1600,1186.1300,1542.0000
22537,MAGIC DRAWING SLATE DINOSAUR,2423.0100,5866,350,225,1578.1700,828.0400,20.1600,0.0083,0.0001,0.8818,B,2423.0100,828.0400,1543.0000
22362,GLASS JAR PEACOCK BATH SALTS,2422.3300,751,253,133,1092.8900,1309.0100,144.5500,0.0563,0.0001,0.8819,B,2422.3300,1309.0100,1544.0000
21973,SET OF 36 MUSHROOM PAPER DOILIES,2420.0300,1670,210,117,2189.4800,230.5500,18.8500,0.0077,0.0001,0.8820,B,2420.0300,230.5500,1545.0000
21106,CREAM SLICE FLANNEL CHOCOLATE SPOT,2419.6800,790,169,98,1717.1700,696.7200,-0.0000,-0.0000,0.0001,0.8821,B,2419.6800,696.7200,1546.0000
22540,MINI JIGSAW CIRCUS PARADE,2410.2900,6162,189,114,1449.4300,911.8900,1.2600,0.0005,0.0001,0.8823,B,2410.2900,911.8900,1547.0000
23400,SHELF WITH 4 HOOKS HOME SWEET HOME,2409.3400,461,107,76,0.0000,2390.5900,12.5000,0.0052,0.0001,0.8824,B,2409.3400,2390.5900,1548.0000
21540,DAIRY MAID CERAMIC BUTTER DISH,2403.4500,1325,87,52,2403.4500,0.0000,81.5000,0.0328,0.0001,0.8825,B,2403.4500,0.0000,1549.0000
85059,FRENCH ENAMEL WATER BASIN,2399.8900,701,211,108,1126.7800,1250.6900,30.0000,0.0123,0.0001,0.8826,B,2399.8900,1250.6900,1550.0000
22986,GINGHAM ROSE WRAP,2389.9000,5795,204,162,677.8000,1670.1000,10.5000,0.0044,0.0001,0.8827,B,2389.9000,1670.1000,1551.0000
23028,DRAWER KNOB CRACKLE GLAZE BLUE,2387.0300,1375,137,88,0.0000,2387.0300,11.5500,0.0048,0.0001,0.8829,B,2387.0300,2387.0300,1552.0000
23048,SET OF 10 LANTERNS FAIRY LIGHT STAR,2384.9700,581,99,81,0.0000,2343.4900,136.9500,0.0543,0.0001,0.8830,B,2384.9700,2343.4900,1553.0000
84818,DANISH ROSE PHOTO FRAME,2383.0400,1789,214,122,921.4400,1461.6000,132.0500,0.0525,0.0001,0.8831,B,2383.0400,1461.6000,1554.0000
84795B,SUNSET CHECK HAMMOCK,2379.0900,298,96,56,988.4500,1390.6400,-0.0000,-0.0000,0.0001,0.8832,B,2379.0900,1390.6400,1555.0000
22566,FELTCRAFT HAIRBAND PINK AND PURPLE,2378.9200,2842,297,192,1584.0400,745.6400,-0.0000,-0.0000,0.0001,0.8834,B,2378.9200,745.6400,1556.0000
23498,CLASSIC BICYCLE CLIPS,2378.4800,1644,99,77,0.0000,726.3000,-0.0000,-0.0000,0.0001,0.8835,B,2378.4800,726.3000,1557.0000
10133,COLOURING PENCILS BROWN TUBE,2377.8800,3848,289,153,833.6600,1544.2200,12.7000,0.0053,0.0001,0.8836,B,2377.8800,1544.2200,1558.0000
21873,IF YOU CAN'T STAND THE HEAT MUG,2377.5100,2024,199,98,539.4600,1814.8900,100.0700,0.0404,0.0001,0.8837,B,2377.5100,1814.8900,1559.0000
21262,WHITE GOOSE FEATHER CHRISTMAS TREE,2374.8700,609,132,69,1132.8100,1209.6100,88.4500,0.0359,0.0001,0.8838,B,2374.8700,1209.6100,1560.0000
23437,50'S CHRISTMAS GIFT BAG LARGE,2373.6300,1939,131,108,0.0000,2283.9900,2.5000,0.0011,0.0001,0.8840,B,2373.6300,2283.9900,1561.0000
47570,ENGLISH ROSE TABLE CLOTH,2373.0100,220,78,47,2373.0100,0.0000,-0.0000,-0.0000,0.0001,0.8841,B,2373.0100,0.0000,1562.0000
85034A,3 GARDENIA MORRIS BOXED CANDLES,2368.5700,849,135,92,1453.4200,915.1500,37.7500,0.0157,0.0001,0.8842,B,2368.5700,915.1500,1563.0000
23436,VINTAGE CHRISTMAS GIFT BAG LARGE,2367.3900,1979,114,91,0.0000,2287.8300,18.7500,0.0079,0.0001,0.8843,B,2367.3900,2287.8300,1564.0000
21468,BUTTERFLY CROCHET FOOD COVER,2365.1400,670,142,91,1792.9100,572.2300,7.5000,0.0032,0.0001,0.8844,B,2365.1400,572.2300,1565.0000
85035A,GARDENIA 3 WICK MORRIS BOXED CANDLE,2361.9000,650,178,113,1566.8500,795.0500,133.9400,0.0537,0.0001,0.8846,B,2361.9000,795.0500,1566.0000
22321,BIRD DECORATION RED RETROSPOT,2360.3500,2552,305,118,1479.0200,876.4400,0.8500,0.0004,0.0001,0.8847,B,2360.3500,876.4400,1567.0000
22642,SET OF 4 NAPKIN CHARMS STARS,2358.6700,993,141,113,1762.3100,541.4100,-0.0000,-0.0000,0.0001,0.8848,B,2358.6700,541.4100,1568.0000
21615,4 LAVENDER BOTANICAL DINNER CANDLES,2354.9200,1181,169,115,1005.7500,1293.7700,-0.0000,-0.0000,0.0001,0.8849,B,2354.9200,1293.7700,1569.0000
23401,RUSTIC MIRROR WITH LACE HEART,2354.8700,459,83,59,0.0000,1638.8400,18.7500,0.0079,0.0001,0.8850,B,2354.8700,1638.8400,1570.0000
23412,HEART MIRROR ANTIQUE WHITE,2354.8000,358,76,64,0.0000,2354.8000,15.0000,0.0063,0.0001,0.8852,B,2354.8000,2354.8000,1571.0000
21824,PAINTED METAL STAR WITH HOLLY BELLS,2354.7500,2785,211,137,1251.9400,1102.8100,34.8000,0.0146,0.0001,0.8853,B,2354.7500,1102.8100,1572.0000
21437,24 HANGING EASTER EGGS FLORAL TUB,2354.6700,678,109,88,2354.6700,0.0000,18.7500,0.0079,0.0001,0.8854,B,2354.6700,0.0000,1573.0000
21126,SET OF 6 GIRLS CELEBRATION CANDLES,2354.2200,2329,285,169,1604.0200,720.2000,17.5000,0.0074,0.0001,0.8855,B,2354.2200,720.2000,1574.0000
22421,LIPSTICK PEN FUSCHIA,2352.7000,4723,406,172,1005.1800,1299.9300,18.6000,0.0078,0.0001,0.8856,B,2352.7000,1299.9300,1575.0000
84459B,YELLOW METAL CHICKEN HEART,2341.7700,1475,213,115,1262.1000,1079.6700,35.7600,0.0150,0.0001,0.8858,B,2341.7700,1079.6700,1576.0000
21708,FOLDING UMBRELLA CREAM POLKADOT,2341.4300,612,129,72,1473.3700,858.1000,19.8000,0.0084,0.0001,0.8859,B,2341.4300,858.1000,1577.0000
22306,SILVER MUG BONE CHINA TREE OF LIFE,2340.6200,1639,163,125,912.0500,1362.8500,28.7000,0.0121,0.0001,0.8860,B,2340.6200,1362.8500,1578.0000
21826,EIGHT PIECE DINOSAUR SET,2336.8700,1808,240,136,2150.4400,186.4300,71.2500,0.0296,0.0001,0.8861,B,2336.8700,186.4300,1579.0000
21947,SET OF 6 HEART CHOPSTICKS,2327.8100,1695,298,122,1185.6600,1127.3500,-0.0000,-0.0000,0.0001,0.8862,B,2327.8100,1127.3500,1580.0000
22973,CHILDREN'S CIRCUS PARADE MUG,2324.2300,1367,155,88,178.3200,2031.8000,39.2000,0.0166,0.0001,0.8863,B,2324.2300,2031.8000,1581.0000
23197,SKETCHBOOK MAGNETIC SHOPPING LIST,2323.8000,1492,249,116,0.0000,2076.5900,36.2500,0.0154,0.0001,0.8865,B,2323.8000,2076.5900,1582.0000
22251,BIRDHOUSE DECORATION MAGIC GARDEN,2322.6400,1875,298,141,1430.6500,884.6100,23.7500,0.0101,0.0001,0.8866,B,2322.6400,884.6100,1583.0000
21696,SMALL SILVER TRELLIS CANDLEPOT,2321.9400,773,107,80,1631.8400,690.1000,88.5000,0.0367,0.0001,0.8867,B,2321.9400,690.1000,1584.0000
85107,CUT GLASS T-LIGHT HOLDER OCTAGON,2315.5900,1219,70,56,1769.1000,465.3700,-0.0000,-0.0000,0.0001,0.8868,B,2315.5900,465.3700,1585.0000
23371,SET 36 COLOUR PENCILS SPACEBOY,2313.5300,1712,185,98,0.0000,2192.7600,-0.0000,-0.0000,0.0001,0.8869,B,2313.5300,2192.7600,1586.0000
21741,COSY SLIPPER SHOES LARGE GREEN,2311.4500,707,190,108,1831.2800,480.1700,2.5500,0.0011,0.0001,0.8871,B,2311.4500,480.1700,1587.0000
21482,MUSHROOM BLUE HOT WATER BOTTLE,2308.5600,744,184,104,2308.5600,0.0000,17.7000,0.0076,0.0001,0.8872,B,2308.5600,0.0000,1588.0000
22363,GLASS JAR MARMALADE,2306.3400,782,169,99,922.5900,1351.7400,400.4000,0.1479,0.0001,0.8873,B,2306.3400,1351.7400,1589.0000
23029,DRAWER KNOB CRACKLE GLAZE GREEN,2303.9200,1352,156,97,0.0000,2211.5200,46.2000,0.0197,0.0001,0.8874,B,2303.9200,2211.5200,1590.0000
22409,MONEY BOX BISCUITS DESIGN,2300.4600,1694,164,108,2000.7400,295.9700,17.5000,0.0075,0.0001,0.8875,B,2300.4600,295.9700,1591.0000
23330,DECORATIVE WICKER HEART MEDIUM,2299.4700,1804,216,158,0.0000,2224.6300,7.5000,0.0033,0.0001,0.8876,B,2299.4700,2224.6300,1592.0000
23360,SET 8 CANDLES VINTAGE DOILY,2296.1500,1187,114,94,0.0000,2272.5200,-0.0000,-0.0000,0.0001,0.8878,B,2296.1500,2272.5200,1593.0000
84536A,ENGLISH ROSE NOTEBOOK A7 SIZE,2293.0900,5085,613,227,883.1900,1359.2000,15.9600,0.0069,0.0001,0.8879,B,2293.0900,1359.2000,1594.0000
85176,SEWING SUSAN 21 NEEDLE SET,2293.0000,2748,306,115,1412.5300,825.0600,13.1800,0.0057,0.0001,0.8880,B,2293.0000,825.0600,1595.0000
22831,WHITE BROCANTE SOAP DISH,2292.1800,778,138,101,221.2800,2035.5000,-0.0000,-0.0000,0.0001,0.8881,B,2292.1800,2035.5000,1596.0000
21464,DISCO BALL ROTATOR BATTERY OPERATED,2291.0000,540,217,127,1235.7500,1042.5000,89.2500,0.0375,0.0001,0.8882,B,2291.0000,1042.5000,1597.0000
22246,"GARLAND, MAGIC GARDEN 1.8M",2289.9000,1082,188,84,1327.1300,962.7700,23.4000,0.0101,0.0001,0.8883,B,2289.9000,962.7700,1598.0000
85172,HYACINTH BULB T-LIGHT CANDLES,2288.0000,4303,150,110,1704.8800,557.2000,64.2600,0.0273,0.0001,0.8885,B,2288.0000,557.2000,1599.0000
21655,HANGING RIDGE GLASS T-LIGHT HOLDER,2287.6400,1402,89,56,2226.8000,60.8400,201.9200,0.0811,0.0001,0.8886,B,2287.6400,60.8400,1600.0000
85199L,LARGE HANGING IVORY & RED WOOD BIRD,2285.0200,3455,272,136,1621.5900,624.4300,17.5500,0.0076,0.0001,0.8887,B,2285.0200,624.4300,1601.0000
23128,FELTCRAFT BOY JEAN-PAUL KIT,2283.4100,453,139,112,0.0000,2162.8300,34.6500,0.0149,0.0001,0.8888,B,2283.4100,2162.8300,1602.0000
21819,GLITTER CHRISTMAS STAR,2281.4600,3889,248,178,1213.6400,1014.0800,-0.0000,-0.0000,0.0001,0.8889,B,2281.4600,1014.0800,1603.0000
85106,CUT GLASS HEXAGON T-LIGHT HOLDER,2281.4400,1194,59,40,1134.0300,1147.4100,-0.0000,-0.0000,0.0001,0.8890,B,2281.4400,1147.4100,1604.0000
23252,VINTAGE RED ENAMEL TRIM JUG,2276.6100,607,138,104,0.0000,2254.1100,123.7500,0.0516,0.0001,0.8891,B,2276.6100,2254.1100,1605.0000
85183A,CHARLIE & LOLA WASTEPAPER BIN BLUE,2275.7500,1512,141,104,1423.7100,835.7900,18.7500,0.0082,0.0001,0.8893,B,2275.7500,835.7900,1606.0000
21804,WHITE CHRISTMAS GARLAND STARS TREES,2270.9900,605,137,92,1440.9600,815.0300,7.5000,0.0033,0.0001,0.8894,B,2270.9900,815.0300,1607.0000
85014C,BLUE/BROWN DOTS RUFFLED UMBRELLA,2270.7300,547,72,55,2270.7300,0.0000,576.0000,0.2023,0.0001,0.8895,B,2270.7300,0.0000,1608.0000
22539,MINI JIGSAW DOLLY GIRL,2269.3900,5657,247,138,1138.8100,1061.2600,0.4200,0.0002,0.0001,0.8896,B,2269.3900,1061.2600,1609.0000
35001G,HAND OPEN SHAPE GOLD,2267.9700,717,103,46,1586.3800,647.8400,37.2900,0.0162,0.0001,0.8897,B,2267.9700,647.8400,1610.0000
22024,RAINY LADIES BIRTHDAY CARD,2267.0800,5415,439,170,1233.2700,1014.6000,15.1200,0.0066,0.0001,0.8898,B,2267.0800,1014.6000,1611.0000
20658,RED SPOTTY LUGGAGE TAG,2263.8600,1594,353,153,1610.5000,653.3600,45.0000,0.0195,0.0001,0.8900,B,2263.8600,653.3600,1612.0000
85114C,RED ENCHANTED FOREST PLACEMAT,2263.0600,1179,161,79,1342.8400,893.8300,-0.0000,-0.0000,0.0001,0.8901,B,2263.0600,893.8300,1613.0000
22133,PINK LOVE HEART SHAPE CUP,2258.6100,2464,327,109,1487.8800,750.5400,10.2000,0.0045,0.0001,0.8902,B,2258.6100,750.5400,1614.0000
21681,GIANT MEDINA STAMPED METAL BOWL,2254.7100,235,79,62,2234.8100,19.9000,29.8500,0.0131,0.0001,0.8903,B,2254.7100,19.9000,1615.0000
21651,HANGING GLASS ETCHED TEALIGHT,2251.5100,1392,124,81,2043.0400,208.4700,-0.0000,-0.0000,0.0001,0.8904,B,2251.5100,208.4700,1616.0000
21187,WHITE BELL HONEYCOMB PAPER GARLAND,2250.3800,1348,144,90,1598.6300,651.7500,-0.0000,-0.0000,0.0001,0.8905,B,2250.3800,651.7500,1617.0000
84469,ROSE DES PADDED FLOOR CUSHION,2249.4100,664,44,35,2249.4100,0.0000,-0.0000,-0.0000,0.0001,0.8906,B,2249.4100,0.0000,1618.0000
21476,STEEL SWEETHEART ROUND TABLE CREAM,2249.4100,144,85,53,1549.7800,699.6300,29.9000,0.0131,0.0001,0.8908,B,2249.4100,699.6300,1618.0000
22286,"DECORATION , WOBBLY RABBIT , METAL",2245.3000,1964,195,119,1179.9100,1065.0000,-0.0000,-0.0000,0.0001,0.8909,B,2245.3000,1065.0000,1620.0000
23093,SMALL PARISIENNE HEART PHOTO FRAME,2244.2200,941,142,105,0.0000,2159.7400,7.4700,0.0033,0.0001,0.8910,B,2244.2200,2159.7400,1621.0000
23079,TOADSTOOL BEDSIDE LIGHT,2243.3500,253,106,83,0.0000,2171.7500,125.3000,0.0529,0.0001,0.8911,B,2243.3500,2171.7500,1622.0000
51014L,"FEATHER PEN,LIGHT PINK",2242.7500,3469,226,111,1163.4100,1050.6600,167.8800,0.0696,0.0001,0.8912,B,2242.7500,1050.6600,1623.0000
21710,FOLDING UMBRELLA PINKWHITE POLKADOT,2239.9600,727,110,80,1737.9800,501.9800,54.4500,0.0237,0.0001,0.8913,B,2239.9600,501.9800,1624.0000
21638,ASSORTED TUTTI FRUTTI NOTEBOOK,2239.8400,1029,142,84,1687.8800,545.6600,16.8000,0.0074,0.0001,0.8914,B,2239.8400,545.6600,1625.0000
85045,GREEN CHRISTMAS TREE STRING 20LIGHT,2239.3400,471,83,60,2048.2400,191.1000,54.5000,0.0238,0.0001,0.8915,B,2239.3400,191.1000,1626.0000
20931,BLUE POT PLANT CANDLE,2238.0700,673,157,91,1177.1700,1010.6100,87.5500,0.0376,0.0001,0.8917,B,2238.0700,1010.6100,1627.0000
22163,HEART STRING MEMO HOLDER HANGING,2238.0700,1270,197,86,1195.2900,971.3600,179.0500,0.0741,0.0001,0.8918,B,2238.0700,971.3600,1627.0000
22803,IVORY EMBROIDERED QUILT,2237.8400,59,36,22,199.7500,2038.0900,-0.0000,-0.0000,0.0001,0.8919,B,2237.8400,2038.0900,1629.0000
23326,HANGING MINI COLOURED BOTTLES,2237.7100,3443,76,52,0.0000,1987.4300,-0.0000,-0.0000,0.0001,0.8920,B,2237.7100,1987.4300,1630.0000
22336,DOVE DECORATION PAINTED ZINC,2235.3400,4663,214,136,1480.9300,754.4100,14.9500,0.0066,0.0001,0.8921,B,2235.3400,754.4100,1631.0000
16237,SLEEPING CAT ERASERS,2233.7800,10388,580,209,1185.2200,1001.6100,19.1100,0.0085,0.0001,0.8922,B,2233.7800,1001.6100,1632.0000
21620,SET OF 4 ROSE BOTANICAL CANDLES,2232.9800,1104,222,139,780.9900,1213.7600,22.5000,0.0100,0.0001,0.8923,B,2232.9800,1213.7600,1633.0000
21398,RED POLKADOT COFFEE  MUG,2231.9000,2295,126,82,1502.3000,729.6000,4.2000,0.0019,0.0001,0.8925,B,2231.9000,729.6000,1634.0000
84691,PACK 20 DOLLY PEGS,2231.4500,2754,235,124,2056.9500,174.5000,56.1000,0.0245,0.0001,0.8926,B,2231.4500,174.5000,1635.0000
23438,RED SPOT GIFT BAG LARGE,2227.4200,1823,109,88,0.0000,2121.2500,-0.0000,-0.0000,0.0001,0.8927,B,2227.4200,2121.2500,1636.0000
22074,6 RIBBONS SHIMMERING PINKS,2222.9400,2160,287,127,981.6200,1146.8800,19.8000,0.0088,0.0001,0.8928,B,2222.9400,1146.8800,1637.0000
21125,SET 6 FOOTBALL CELEBRATION CANDLES,2221.3800,2131,246,162,1386.6500,814.8500,18.7500,0.0084,0.0001,0.8929,B,2221.3800,814.8500,1638.0000
22711,WRAP CIRCUS PARADE,2220.8400,5402,181,148,1007.5000,1171.3400,21.0000,0.0094,0.0001,0.8930,B,2220.8400,1171.3400,1639.0000
23501,KEY RING BASEBALL BOOT UNION JACK,2220.3700,1823,112,77,0.0000,1662.6000,-0.0000,-0.0000,0.0001,0.8931,B,2220.3700,1662.6000,1640.0000
22453,MEASURING TAPE BABUSHKA BLUE,2218.8200,803,144,78,1027.1300,1082.5400,23.6000,0.0105,0.0001,0.8932,B,2218.8200,1082.5400,1641.0000
22716,CARD CIRCUS PARADE,2216.4500,5230,447,244,850.5000,1321.5400,5.0400,0.0023,0.0001,0.8934,B,2216.4500,1321.5400,1642.0000
84913A,SOFT PINK ROSE TOWEL,2211.5400,608,266,26,1258.7100,952.8300,-0.0000,-0.0000,0.0001,0.8935,B,2211.5400,952.8300,1643.0000
23403,LETTER HOLDER HOME SWEET HOME,2207.8600,626,134,80,0.0000,2035.7200,11.2500,0.0051,0.0001,0.8936,B,2207.8600,2035.7200,1644.0000
22514,CHILDS GARDEN SPADE BLUE,2207.1200,1084,233,151,1500.5700,648.7300,4.2000,0.0019,0.0001,0.8937,B,2207.1200,648.7300,1645.0000
22785,SQUARECUSHION COVER PINK UNION FLAG,2207.1100,412,122,82,1119.5400,897.5600,-0.0000,-0.0000,0.0001,0.8938,B,2207.1100,897.5600,1646.0000
85116,BLACK CANDELABRA T-LIGHT HOLDER,2206.2400,1817,181,40,1099.3600,1106.8800,63.0000,0.0278,0.0001,0.8939,B,2206.2400,1106.8800,1647.0000
22853,CAT BOWL VINTAGE CREAM,2205.5700,645,146,100,549.6100,1584.0700,19.5000,0.0088,0.0001,0.8940,B,2205.5700,1584.0700,1648.0000
17091J,VANILLA INCENSE IN TIN,2204.3500,3964,178,108,1283.6800,838.5900,-0.0000,-0.0000,0.0001,0.8941,B,2204.3500,838.5900,1649.0000
22920,HERB MARKER BASIL,2201.7900,3482,252,138,45.8500,2113.0100,841.0500,0.2764,0.0001,0.8943,B,2201.7900,2113.0100,1650.0000
23302,KNEELING MAT HOUSEWORK  DESIGN,2194.6200,1544,230,140,0.0000,1827.6100,54.2400,0.0241,0.0001,0.8944,B,2194.6200,1827.6100,1651.0000
21611,SET OF 12 LILY BOTANICAL T-LIGHTS,2193.9900,754,148,93,2193.9900,0.0000,17.7000,0.0080,0.0001,0.8945,B,2193.9900,0.0000,1652.0000
20770,ABSTRACT CIRCLE JOURNAL,2193.1400,1046,201,94,1743.3400,449.8000,20.1000,0.0091,0.0001,0.8946,B,2193.1400,449.8000,1653.0000
23020,GLASS  SONGBIRD STORAGE JAR,2191.8400,180,76,67,0.0000,2141.8400,73.6500,0.0325,0.0001,0.8947,B,2191.8400,2141.8400,1654.0000
23031,DRAWER KNOB CRACKLE GLAZE PINK,2182.0000,1296,155,93,0.0000,2096.2200,33.0000,0.0149,0.0001,0.8948,B,2182.0000,2096.2200,1655.0000
85039B,S/4 IVORY MINI ROSE CANDLE IN BOWL,2178.5200,1653,266,84,1003.8900,1128.9700,19.8000,0.0090,0.0001,0.8949,B,2178.5200,1128.9700,1656.0000
23445,ICE CREAM BUBBLES,2177.8400,2688,101,81,0.0000,2045.0400,16.6000,0.0076,0.0001,0.8950,B,2177.8400,2045.0400,1657.0000
15056n,EDWARDIAN PARASOL NATURAL,2170.4000,173,116,0,585.1200,1585.2800,-0.0000,-0.0000,0.0001,0.8951,B,2170.4000,1585.2800,1658.0000
22069,BROWN  PIRATE TREASURE CHEST,2167.9300,970,267,66,1171.1300,873.9900,-0.0000,-0.0000,0.0001,0.8953,B,2167.9300,873.9900,1659.0000
85103,SILVER T-LIGHT SETTING,2166.9300,319,87,46,1242.6400,924.2900,280.1000,0.1145,0.0001,0.8954,B,2166.9300,924.2900,1660.0000
22948,METAL DECORATION NAUGHTY CHILDREN,2166.3900,2157,180,93,561.4000,1511.7600,10.2000,0.0047,0.0001,0.8955,B,2166.3900,1511.7600,1661.0000
22182,CAKE STAND VICTORIAN FILIGREE SMALL,2166.3500,563,172,58,735.8700,1330.4800,19.8000,0.0091,0.0001,0.8956,B,2166.3500,1330.4800,1662.0000
85216,ASSORTED CAKES FRIDGE MAGNETS,2158.1200,2855,187,114,2122.3700,35.7500,31.8500,0.0145,0.0001,0.8957,B,2158.1200,35.7500,1663.0000
22714,CARD BIRTHDAY COWBOY,2157.9100,5277,359,187,742.1800,1398.1800,41.0400,0.0187,0.0001,0.8958,B,2157.9100,1398.1800,1664.0000
23370,SET 36 COLOURING PENCILS DOILY,2157.8500,1555,151,86,0.0000,2002.2400,1.2500,0.0006,0.0001,0.8959,B,2157.8500,2002.2400,1665.0000
22824,3 TIER SWEETHEART GARDEN SHELF,2153.9500,61,48,47,215.7000,1938.2500,35.9500,0.0164,0.0001,0.8960,B,2153.9500,1938.2500,1666.0000
22338,STAR DECORATION PAINTED ZINC,2152.7500,6091,264,143,918.0800,1072.3200,60.3700,0.0273,0.0001,0.8961,B,2152.7500,1072.3200,1667.0000
21359,RELAX LARGE WOOD LETTERS,2148.3800,210,73,57,1288.1500,860.2300,39.8000,0.0182,0.0001,0.8962,B,2148.3800,860.2300,1668.0000
23005,TRAVEL CARD WALLET I LOVE LONDON,2147.5500,4783,241,105,0.0000,2067.1300,0.4200,0.0002,0.0001,0.8963,B,2147.5500,2067.1300,1669.0000
23161,REGENCY CAKE FORK,2145.3000,1715,98,58,0.0000,2110.8600,15.0000,0.0069,0.0001,0.8965,B,2145.3000,2110.8600,1670.0000
21421,PORCELAIN ROSE LARGE,2144.4800,1792,105,60,1796.0500,348.4300,7.5000,0.0035,0.0001,0.8966,B,2144.4800,348.4300,1671.0000
21905,MORE BUTTER METAL SIGN,2143.1700,1616,263,132,1319.4600,763.5700,4.2000,0.0020,0.0001,0.8967,B,2143.1700,763.5700,1672.0000
22677,FRENCH BLUE METAL DOOR SIGN 2,2143.0300,1583,280,101,753.9600,1351.5200,13.7500,0.0064,0.0001,0.8968,B,2143.0300,1351.5200,1673.0000
21617,4 LILY  BOTANICAL DINNER CANDLES,2142.5100,838,169,102,1129.5000,1013.0100,-0.0000,-0.0000,0.0001,0.8969,B,2142.5100,1013.0100,1674.0000
20764,ABSTRACT CIRCLES SKETCHBOOK,2142.2600,687,193,107,1531.4500,573.4300,15.0000,0.0070,0.0001,0.8970,B,2142.2600,573.4300,1675.0000
22708,WRAP DOLLY GIRL,2140.5000,5325,159,115,980.5000,1118.0000,10.5000,0.0049,0.0001,0.8971,B,2140.5000,1118.0000,1676.0000
84670,JAPANESE CROCHETED ANIMAL,2140.0600,5223,182,114,2140.0600,0.0000,63.0000,0.0286,0.0001,0.8972,B,2140.0600,0.0000,1677.0000
23213,STAR WREATH DECORATION WITH BELL,2139.6700,1683,152,95,0.0000,1992.8900,15.0000,0.0070,0.0001,0.8973,B,2139.6700,1992.8900,1678.0000
23066,SMALL DECO JEWELLERY STAND,2137.8100,259,85,69,0.0000,2137.8100,8.2500,0.0038,0.0001,0.8974,B,2137.8100,2137.8100,1679.0000
21774,DECORATIVE CATS BATHROOM BOTTLE,2134.8100,1715,368,79,982.4100,1125.3400,1.2500,0.0006,0.0001,0.8975,B,2134.8100,1125.3400,1680.0000
22515,CHILDS GARDEN SPADE PINK,2131.8400,1047,208,139,1522.8900,594.3900,8.4000,0.0039,0.0001,0.8977,B,2131.8400,594.3900,1681.0000
21643,ASSORTED TUTTI FRUTTI MIRROR,2127.9400,1521,204,76,1384.6300,743.3100,17.5000,0.0082,0.0001,0.8978,B,2127.9400,743.3100,1682.0000
21195,PINK  HONEYCOMB PAPER BALL,2122.6600,997,150,49,814.1000,1308.5600,-0.0000,-0.0000,0.0001,0.8979,B,2122.6600,1308.5600,1683.0000
22023,EMPIRE BIRTHDAY CARD,2112.0500,5059,430,177,1568.2900,536.2300,5.0400,0.0024,0.0001,0.8980,B,2112.0500,536.2300,1684.0000
85099b,JUMBO BAG RED RETROSPOT,2111.6400,419,25,0,2111.6400,0.0000,-0.0000,-0.0000,0.0001,0.8981,B,2111.6400,0.0000,1685.0000
23046,PAPER LANTERN 9 POINT DELUXE STAR,2111.4900,349,36,31,0.0000,2091.5400,-0.0000,-0.0000,0.0001,0.8982,B,2111.4900,2091.5400,1686.0000
85114A,BLACK ENCHANTED FOREST PLACEMAT,2110.9000,1270,103,46,1005.6900,1092.0100,-0.0000,-0.0000,0.0001,0.8983,B,2110.9000,1092.0100,1687.0000
22279,POCKET BAG BLUE PAISLEY RED SPOT,2110.8700,1445,214,108,1103.7200,957.6700,46.2500,0.0214,0.0001,0.8984,B,2110.8700,957.6700,1688.0000
22913,RED COAT RACK PARIS FASHION,2107.8500,450,122,84,434.7000,1636.7200,19.8000,0.0093,0.0001,0.8985,B,2107.8500,1636.7200,1689.0000
23251,VINTAGE RED ENAMEL TRIM MUG,2107.0000,1713,120,80,0.0000,2002.1600,72.5000,0.0333,0.0001,0.8986,B,2107.0000,2002.1600,1690.0000
23233,WRAP POPPIES  DESIGN,2105.5000,5175,158,130,0.0000,2095.0000,10.5000,0.0050,0.0001,0.8987,B,2105.5000,2095.0000,1691.0000
84676,BATH DUCK WATERING CAN,2102.4600,848,110,76,2102.4600,0.0000,132.5500,0.0593,0.0001,0.8988,B,2102.4600,0.0000,1692.0000
40018F,CHERRY DESIGN PAPERLANTERNS,2102.2800,1093,117,69,2102.2800,0.0000,23.4000,0.0110,0.0001,0.8989,B,2102.2800,0.0000,1693.0000
21291,SMALL POLKADOT CHOCOLATE GIFT BAG,2101.7300,2439,153,95,1282.0900,819.6400,56.9500,0.0264,0.0001,0.8990,B,2101.7300,819.6400,1694.0000
22996,TRAVEL CARD WALLET VINTAGE TICKET,2099.9700,4813,408,155,0.0000,2020.1000,10.9200,0.0052,0.0001,0.8992,B,2099.9700,2020.1000,1695.0000
21070,VINTAGE BILLBOARD MUG,2099.7100,2047,229,107,913.4800,1173.9300,33.3200,0.0156,0.0001,0.8993,B,2099.7100,1173.9300,1696.0000
21865,PINK UNION JACK  PASSPORT COVER,2098.2400,902,297,129,1473.0100,604.5100,12.6000,0.0060,0.0001,0.8994,B,2098.2400,604.5100,1697.0000
23152,IVORY SWEETHEART WIRE LETTER RACK,2095.6500,558,159,108,0.0000,2084.4000,26.2500,0.0124,0.0001,0.8995,B,2095.6500,2084.4000,1698.0000
22859,EASTER TIN BUNNY BOUQUET,2095.6500,1256,165,115,82.6800,2012.9700,52.8000,0.0246,0.0001,0.8996,B,2095.6500,2012.9700,1699.0000
23315,IVORY REFECTORY CLOCK,2094.2400,213,86,63,0.0000,1984.6100,97.8000,0.0446,0.0001,0.8997,B,2094.2400,1984.6100,1700.0000
72799F,IVORY PILLAR CANDLE GOLD FLOCK,2085.6900,1126,102,62,1661.6100,424.0800,-0.0000,-0.0000,0.0001,0.8998,B,2085.6900,424.0800,1701.0000
21619,4 VANILLA BOTANICAL CANDLES,2085.2700,1138,212,138,603.8700,1370.4100,-0.0000,-0.0000,0.0001,0.8999,B,2085.2700,1370.4100,1702.0000
22308,TEA COSY BLUE STRIPE,2085.0500,677,214,75,1207.6700,817.5800,66.3000,0.0308,0.0001,0.9000,B,2085.0500,817.5800,1703.0000
84854,GIRLY PINK TOOL SET,2084.4200,382,110,42,2059.6700,24.7500,4.2500,0.0020,0.0001,0.9001,B,2084.4200,24.7500,1704.0000
79323S,SILVER CHERRY LIGHTS,2084.3200,334,56,38,2084.3200,0.0000,997.0500,0.3236,0.0001,0.9002,B,2084.3200,0.0000,1705.0000
21640,ASSORTED TUTTI FRUTTI  FOB NOTEBOOK,2084.2500,2266,205,99,1440.2200,618.5300,-0.0000,-0.0000,0.0001,0.9003,B,2084.2500,618.5300,1706.0000
84990,60 GOLD AND SILVER FAIRY CAKE CASES,2077.5900,4276,193,112,2076.4900,1.1000,13.2000,0.0063,0.0001,0.9004,B,2077.5900,1.1000,1707.0000
84796A,PINK HAWAIIAN PICNIC HAMPER FOR 2,2072.9500,284,111,23,1504.8200,542.6300,-0.0000,-0.0000,0.0001,0.9005,B,2072.9500,542.6300,1708.0000
22695,WICKER WREATH SMALL,2071.6000,1458,225,151,1070.1100,830.4300,-0.0000,-0.0000,0.0001,0.9006,B,2071.6000,830.4300,1709.0000
23227,FILIGREE HEART BUTTERFLY WHITE,2070.0600,1642,117,61,0.0000,2015.2200,7.5000,0.0036,0.0001,0.9007,B,2070.0600,2015.2200,1710.0000
85049H,URBAN BLACK RIBBONS,2068.4300,2067,334,154,1198.0800,836.3200,-0.0000,-0.0000,0.0001,0.9008,B,2068.4300,836.3200,1711.0000
22935,BAKING MOULD ROSE MILK CHOCOLATE,2066.8200,690,65,46,0.0000,2040.5600,198.0000,0.0874,0.0001,0.9009,B,2066.8200,2040.5600,1712.0000
21200,MULTICOLOUR HONEYCOMB PAPER GARLAND,2066.8100,1422,126,64,535.6700,1511.4000,40.6000,0.0193,0.0001,0.9011,B,2066.8100,1511.4000,1713.0000
21058,PARTY INVITES WOODLAND,2063.2400,2405,275,148,1095.0300,962.4000,10.2000,0.0049,0.0001,0.9012,B,2063.2400,962.4000,1714.0000
21077,SET/20 WOODLAND PAPER NAPKINS,2060.6500,2793,192,111,2060.6500,0.0000,-0.0000,-0.0000,0.0001,0.9013,B,2060.6500,0.0000,1715.0000
23291,DOLLY GIRL CHILDRENS CUP,2060.2800,1635,195,104,0.0000,2016.7700,12.5000,0.0060,0.0001,0.9014,B,2060.2800,2016.7700,1716.0000
22400,MAGNETS PACK OF 4 HOME SWEET HOME,2057.2900,2461,234,159,1325.4700,712.8600,30.3900,0.0146,0.0001,0.9015,B,2057.2900,712.8600,1717.0000
23490,T-LIGHT HOLDER HANGING LOVE BIRD,2055.2700,548,101,83,0.0000,1882.8500,11.2500,0.0054,0.0001,0.9016,B,2055.2700,1882.8500,1718.0000
22903,CALENDAR FAMILY FAVOURITES,2053.9600,745,82,39,1503.3600,520.9600,880.0000,0.2999,0.0001,0.9017,B,2053.9600,520.9600,1719.0000
84459A,PINK METAL CHICKEN HEART,2046.1600,1266,201,96,986.4900,1059.6700,143.0400,0.0653,0.0001,0.9018,B,2046.1600,1059.6700,1720.0000
84509G,SET OF 4 FAIRY CAKE PLACEMATS,2045.4500,802,159,96,1094.9600,922.9900,-0.0000,-0.0000,0.0001,0.9019,B,2045.4500,922.9900,1721.0000
23500,KEY RING BASEBALL BOOT ASSORTED,2044.5800,1631,98,76,0.0000,1665.7400,-0.0000,-0.0000,0.0001,0.9020,B,2044.5800,1665.7400,1722.0000
22928,YELLOW GIANT GARDEN THERMOMETER,2041.3500,296,118,64,47.6000,1851.8600,35.7000,0.0172,0.0001,0.9021,B,2041.3500,1851.8600,1723.0000
21348,PINK SPOTS CHOCOLATE NESTING BOXES,2039.6900,845,133,91,1678.1300,361.5600,54.2500,0.0259,0.0001,0.9022,B,2039.6900,361.5600,1724.0000
22201,FRYING PAN BLUE POLKADOT,2038.6500,510,166,76,1321.8500,674.7600,8.5000,0.0042,0.0001,0.9023,B,2038.6500,674.7600,1725.0000
85016,SET OF 6 VINTAGE NOTELETS KIT,2033.3300,1679,167,60,1473.2200,560.1100,17.8500,0.0087,0.0001,0.9024,B,2033.3300,560.1100,1726.0000
22832,BROCANTE SHELF WITH HOOKS,2033.1500,185,85,71,251.3300,1781.8200,75.2500,0.0357,0.0001,0.9025,B,2033.1500,1781.8200,1727.0000
22261,FELT EGG COSY WHITE RABBIT,2030.3000,2112,243,126,1480.4900,536.7700,3.4000,0.0017,0.0001,0.9026,B,2030.3000,536.7700,1728.0000
22799,SWEETHEART WIRE FRUIT BOWL,2029.3400,254,108,85,397.7600,1543.0800,8.5000,0.0042,0.0001,0.9027,B,2029.3400,1543.0800,1729.0000
21612,SET 12 WILDFLOWER BOTANICAL T-LIGHT,2025.7700,698,113,76,2025.7700,0.0000,17.7000,0.0087,0.0001,0.9028,B,2025.7700,0.0000,1730.0000
22211,WOOD STAMP SET FLOWERS,2025.6500,1533,291,161,901.6100,1098.4600,71.2500,0.0340,0.0001,0.9029,B,2025.6500,1098.4600,1731.0000
21504,SKULLS GREETING CARD,2025.1800,4961,329,158,1236.2100,758.7300,5.0400,0.0025,0.0001,0.9030,B,2025.1800,758.7300,1732.0000
35953,FOLKART STAR CHRISTMAS DECORATIONS,2022.2200,3880,155,98,387.3000,1446.7400,30.0000,0.0146,0.0001,0.9031,B,2022.2200,1446.7400,1733.0000
23268,SET OF 2 CERAMIC CHRISTMAS REINDEER,2019.5900,1448,89,68,0.0000,2019.5900,17.4000,0.0085,0.0001,0.9032,B,2019.5900,2019.5900,1734.0000
21397,BLUE  SPOTTY EGG CUP,2017.7400,2157,180,99,1467.3100,550.4300,15.0000,0.0074,0.0001,0.9033,B,2017.7400,550.4300,1735.0000
21356,TOAST ITS - FAIRY FLOWER,2015.4100,1593,349,116,1310.8600,648.9400,1.2500,0.0006,0.0001,0.9034,B,2015.4100,648.9400,1736.0000
23289,DOLLY GIRL CHILDRENS BOWL,2013.7000,1622,191,111,0.0000,1977.6500,15.0000,0.0074,0.0001,0.9035,B,2013.7000,1977.6500,1737.0000
20686,DOLLY MIXTURE CHILDREN'S UMBRELLA,2012.5900,593,186,117,1080.1700,925.9200,25.0000,0.0123,0.0001,0.9036,B,2012.5900,925.9200,1738.0000
47591C,BLUE FAIRY CAKE CHILD'S APRON,2012.4300,1051,159,111,2012.4300,0.0000,-0.0000,-0.0000,0.0001,0.9037,B,2012.4300,0.0000,1739.0000
23358,HOT STUFF HOT WATER BOTTLE,2012.1300,595,89,61,0.0000,1729.1000,125.9400,0.0589,0.0001,0.9038,B,2012.1300,1729.1000,1740.0000
22520,CHILDS GARDEN TROWEL BLUE,2012.1300,2295,369,256,1390.0300,622.1000,1.7000,0.0008,0.0001,0.9039,B,2012.1300,622.1000,1741.0000
23529,WALL ART DOLLY GIRL,2011.9900,637,37,26,0.0000,1982.0300,-0.0000,-0.0000,0.0001,0.9040,B,2011.9900,1982.0300,1742.0000
21389,IVORY HANGING DECORATION  BIRD,2010.6400,2302,261,149,1043.8600,954.8800,25.5000,0.0125,0.0001,0.9041,B,2010.6400,954.8800,1743.0000
37476,CONDIMENT TRAY 4 BOWLS AND 4 SPOONS,2010.6000,209,77,22,1611.5800,399.0200,-0.0000,-0.0000,0.0001,0.9043,B,2010.6000,399.0200,1744.0000
20703,BLUE PADDED SOFT MOBILE,2010.4700,475,169,122,2006.2200,4.2500,123.2500,0.0578,0.0001,0.9044,B,2010.4700,4.2500,1745.0000
23274,STAR T-LIGHT HOLDER WILLIE WINKIE,2009.9500,1183,119,85,0.0000,1897.8700,4.9500,0.0025,0.0001,0.9045,B,2009.9500,1897.8700,1746.0000
22496,SET OF 2 ROUND TINS DUTCH CHEESE,2007.8900,735,193,153,1469.8300,450.3700,17.7000,0.0087,0.0001,0.9046,B,2007.8900,450.3700,1747.0000
79323G,GOLD  CHERRY LIGHTS,2007.8800,314,61,37,2007.8800,0.0000,1118.4500,0.3578,0.0001,0.9047,B,2007.8800,0.0000,1748.0000
22068,BLACK PIRATE TREASURE CHEST,2003.3100,1127,276,111,1139.9300,787.9900,23.1000,0.0114,0.0001,0.9048,B,2003.3100,787.9900,1749.0000
22932,BAKING MOULD TOFFEE CUP CHOCOLATE,2000.8800,884,72,51,0.0000,1960.0800,262.8000,0.1161,0.0001,0.9049,B,2000.8800,1960.0800,1750.0000
22521,CHILDS GARDEN TROWEL PINK,1998.1300,2300,370,257,1464.9700,533.1600,1.7000,0.0009,0.0001,0.9050,B,1998.1300,533.1600,1751.0000
22405,MONEY BOX POCKET MONEY DESIGN,1995.8800,1644,217,173,1578.0200,374.2500,16.0600,0.0080,0.0001,0.9051,B,1995.8800,374.2500,1752.0000
23357,HOT WATER BOTTLE SEX BOMB,1993.6000,453,102,79,0.0000,1731.6600,-0.0000,-0.0000,0.0001,0.9052,B,1993.6000,1731.6600,1753.0000
22719,GUMBALL MONOCHROME COAT RACK,1987.8300,1467,235,69,1092.1100,895.7200,30.4400,0.0151,0.0001,0.9053,B,1987.8300,895.7200,1754.0000
79160,HEART SHAPE WIRELESS DOORBELL,1987.7700,951,210,51,1185.6400,785.3300,44.1000,0.0217,0.0001,0.9054,B,1987.7700,785.3300,1755.0000
21695,SMALL SILVER FLOWER CANDLE POT,1987.5800,642,102,65,1112.2000,869.5900,2.9500,0.0015,0.0001,0.9055,B,1987.5800,869.5900,1756.0000
22559,SEASIDE FLYING DISC,1986.8700,1583,202,118,1360.3400,619.1500,5.0000,0.0025,0.0001,0.9056,B,1986.8700,619.1500,1757.0000
22343,PARTY PIZZA DISH RED RETROSPOT,1986.3100,3300,188,90,1112.4100,799.7700,35.7000,0.0177,0.0001,0.9057,B,1986.3100,799.7700,1758.0000
85217,ASSORTED ICE CREAM FRIDGE MAGNETS,1985.7500,2875,164,96,1985.7500,0.0000,62.4000,0.0305,0.0001,0.9058,B,1985.7500,0.0000,1759.0000
20871,OPULENT VELVET SET/3 CANDLES,1984.3500,1276,127,72,1975.9300,8.4200,4.2000,0.0021,0.0001,0.9059,B,1984.3500,8.4200,1760.0000
17084R,ASSORTED INCENSE PACK,1983.5700,10697,66,29,1223.2500,745.2000,-0.0000,-0.0000,0.0001,0.9060,B,1983.5700,745.2000,1761.0000
84872A,TEATIME FUNKY FLOWER BACKPACK FOR 2,1983.5400,177,102,6,1533.4600,450.0800,-0.0000,-0.0000,0.0001,0.9061,B,1983.5400,450.0800,1762.0000
21657,MILK BOTTLE WITH GLASS STOPPER,1981.2800,259,118,76,1757.8200,223.4600,34.7500,0.0172,0.0001,0.9062,B,1981.2800,223.4600,1763.0000
23075,PARLOUR CERAMIC WALL HOOK,1981.0500,477,80,61,0.0000,1906.3500,141.1000,0.0665,0.0001,0.9063,B,1981.0500,1906.3500,1764.0000
23145,ZINC T-LIGHT HOLDER STAR LARGE,1979.4800,2084,169,128,0.0000,1895.5200,10.4500,0.0053,0.0001,0.9064,B,1979.4800,1895.5200,1765.0000
22204,MILK PAN BLUE POLKADOT,1978.0400,538,169,66,1308.5000,640.7900,52.5000,0.0259,0.0001,0.9065,B,1978.0400,640.7900,1766.0000
21629,SQUARE FLOOR CUSHION VINTAGE RED,1977.2700,179,105,27,1289.3200,664.1000,7.9500,0.0040,0.0001,0.9066,B,1977.2700,664.1000,1767.0000
23068,ALUMINIUM STAMPED HEART,1976.8900,813,136,106,0.0000,1934.5600,-0.0000,-0.0000,0.0001,0.9067,B,1976.8900,1934.5600,1768.0000
22599,CHRISTMAS MUSICAL ZINC STAR,1976.8800,3119,189,114,1009.1200,844.8500,20.4000,0.0102,0.0001,0.9068,B,1976.8800,844.8500,1769.0000
21630,FLOOR CUSHION ELEPHANT CARNIVAL,1973.3900,162,95,21,1255.2500,709.1900,44.7500,0.0222,0.0001,0.9069,B,1973.3900,709.1900,1770.0000
21803,CHRISTMAS TREE STAR DECORATION,1969.6200,4536,322,86,938.0600,1024.0600,-0.0000,-0.0000,0.0001,0.9070,B,1969.6200,1024.0600,1771.0000
22931,BAKING MOULD HEART WHITE CHOCOLATE,1968.4000,815,129,95,0.0000,1930.1500,-0.0000,-0.0000,0.0001,0.9071,B,1968.4000,1930.1500,1772.0000
21082,SET/20 FRUIT SALAD PAPER NAPKINS,1963.8500,7187,163,94,1820.4100,143.4400,523.9400,0.2106,0.0001,0.9072,B,1963.8500,143.4400,1773.0000
23374,RED SPOT PAPER GIFT BAG,1962.8300,2456,131,108,0.0000,1724.5400,13.1200,0.0066,0.0001,0.9073,B,1962.8300,1724.5400,1774.0000
21647,ASSORTED TUTTI FRUTTI LARGE PURSE,1960.1800,877,144,91,1712.3800,247.8000,8.4000,0.0043,0.0001,0.9074,B,1960.1800,247.8000,1775.0000
23228,FILIGREE HEART BIRD WHITE,1960.0000,1492,125,58,0.0000,1894.3100,149.7600,0.0710,0.0001,0.9075,B,1960.0000,1894.3100,1776.0000
22262,FELT EGG COSY CHICKEN,1958.8700,2039,306,135,1005.0100,943.9400,14.4500,0.0073,0.0001,0.9076,B,1958.8700,943.9400,1777.0000
22098,BOUDOIR SQUARE TISSUE BOX,1958.6800,2871,309,161,955.4900,972.4100,35.1100,0.0176,0.0001,0.9077,B,1958.6800,972.4100,1778.0000
22438,BALLOON ART MAKE YOUR OWN FLOWERS,1958.4600,1483,170,117,899.7700,817.9900,-0.0000,-0.0000,0.0001,0.9078,B,1958.4600,817.9900,1779.0000
20846,ZINC HEART LATTICE T-LIGHT HOLDER,1958.0600,1454,169,105,999.4900,898.7300,-0.0000,-0.0000,0.0001,0.9079,B,1958.0600,898.7300,1780.0000
23235,STORAGE TIN VINTAGE LEAF,1957.6900,739,105,88,0.0000,1826.9200,40.4600,0.0202,0.0001,0.9080,B,1957.6900,1826.9200,1781.0000
22614,PACK OF 12 SPACEBOY TISSUES,1955.8500,5731,368,222,930.9500,987.4400,42.2700,0.0212,0.0001,0.9081,B,1955.8500,987.4400,1782.0000
35971,ROSE FOLKART HEART DECORATIONS,1955.2400,1969,217,91,1354.3100,588.5900,21.2500,0.0108,0.0001,0.9082,B,1955.2400,588.5900,1783.0000
22802,FAUX FUR CHOCOLATE THROW,1953.5400,111,62,39,458.8500,1323.6900,-0.0000,-0.0000,0.0001,0.9083,B,1953.5400,1323.6900,1784.0000
20984,12 PENCILS TALL TUBE POSY,1953.0400,5899,245,178,779.1400,1173.9000,44.7600,0.0224,0.0001,0.9084,B,1953.0400,1173.9000,1785.0000
21692,SILVER LATTICE VANILLA CANDLE POT,1940.3700,511,111,81,1876.6200,63.7500,15.0000,0.0077,0.0001,0.9085,B,1940.3700,63.7500,1786.0000
46775D,SUNSET COLOUR CHUNKY KNITTED THROW,1938.1900,153,95,28,1217.2600,687.0300,59.3000,0.0297,0.0001,0.9086,B,1938.1900,687.0300,1787.0000
22753,SMALL YELLOW BABUSHKA NOTEBOOK,1929.6600,2349,404,205,1170.6800,694.2000,10.2000,0.0053,0.0001,0.9087,B,1929.6600,694.2000,1788.0000
21538,DAIRY MAID  PUDDING BOWL,1928.2600,1309,51,40,1909.5100,18.7500,7.5000,0.0039,0.0001,0.9088,B,1928.2600,18.7500,1789.0000
21991,BOHEMIAN COLLAGE STATIONERY SET,1927.5400,1103,289,109,846.7200,1017.6700,15.0000,0.0077,0.0001,0.9089,B,1927.5400,1017.6700,1790.0000
84581,DOG TOY WITH PINK CROCHET SKIRT,1927.5200,508,234,125,1210.3100,686.4500,-0.0000,-0.0000,0.0001,0.9090,B,1927.5200,686.4500,1791.0000
20716,PARTY FOOD SHOPPER BAG,1926.2900,1534,246,121,1456.6600,469.6300,13.7500,0.0071,0.0001,0.9091,B,1926.2900,469.6300,1792.0000
21043,APRON MODERN VINTAGE COTTON,1924.9300,679,141,81,781.1700,1143.7600,17.8500,0.0092,0.0001,0.9092,B,1924.9300,1143.7600,1793.0000
23094,LE GRAND TRAY CHIC SET,1924.9200,152,79,65,0.0000,1924.9200,25.0000,0.0128,0.0001,0.9093,B,1924.9200,1924.9200,1794.0000
21802,CHRISTMAS TREE HEART DECORATION,1918.8800,4381,323,89,998.4800,920.4000,0.4200,0.0002,0.0001,0.9093,B,1918.8800,920.4000,1795.0000
23155,KNICKERBOCKERGLORY MAGNET ASSORTED,1914.7300,2233,135,84,0.0000,1909.7500,129.7100,0.0634,0.0001,0.9094,B,1914.7300,1909.7500,1796.0000
20684,STRAWBERRY DREAM CHILDS UMBRELLA,1913.3100,581,176,117,1639.5000,273.8100,36.5000,0.0187,0.0001,0.9095,B,1913.3100,273.8100,1797.0000
22522,CHILDS GARDEN FORK BLUE,1911.7600,2246,334,249,1137.4700,773.4400,12.7500,0.0066,0.0001,0.9096,B,1911.7600,773.4400,1798.0000
40001,WHITE BAMBOO RIBS LAMPSHADE,1911.6500,2484,121,39,1236.4200,675.2300,28.8000,0.0148,0.0001,0.9097,B,1911.6500,675.2300,1799.0000
21659,GLASS CAKE STAND,1906.6500,121,66,45,1906.6500,0.0000,59.8000,0.0304,0.0001,0.9098,B,1906.6500,0.0000,1800.0000
22513,DOORSTOP FOOTBALL DESIGN,1905.9500,588,170,106,1362.3000,464.4800,-0.0000,-0.0000,0.0001,0.9099,B,1905.9500,464.4800,1801.0000
22565,FELTCRAFT HAIRBANDS PINK AND WHITE,1905.5900,2090,278,173,1032.0700,838.3700,0.8500,0.0004,0.0001,0.9100,B,1905.5900,838.3700,1802.0000
85162B,BLACK RETRODISC LAMPSHADE,1905.1500,977,13,5,1905.1500,0.0000,-0.0000,-0.0000,0.0001,0.9101,B,1905.1500,0.0000,1803.0000
84763,ZINC FINISH 15CM PLANTER POTS,1903.0000,1517,170,106,1154.6600,748.3400,-0.0000,-0.0000,0.0001,0.9102,B,1903.0000,748.3400,1804.0000
21773,DECORATIVE ROSE BATHROOM BOTTLE,1901.9000,1644,308,87,747.7300,1136.9500,31.2500,0.0162,0.0001,0.9103,B,1901.9000,1136.9500,1805.0000
22210,WOOD STAMP SET BEST WISHES,1901.7300,1589,287,179,942.0300,870.9500,24.7500,0.0128,0.0001,0.9104,B,1901.7300,870.9500,1806.0000
84519B,CARROT CHARLIE+LOLA COASTER SET,1899.5700,869,214,98,1125.0200,752.5100,2.9500,0.0016,0.0001,0.9105,B,1899.5700,752.5100,1807.0000
23491,VINTAGE JINGLE BELLS HEART,1897.7600,228,78,64,0.0000,1658.5100,8.2500,0.0043,0.0001,0.9106,B,1897.7600,1658.5100,1808.0000
22985,"WRAP, BILLBOARD FONTS DESIGN",1895.2400,4722,136,101,394.8000,1479.4400,-0.0000,-0.0000,0.0001,0.9107,B,1895.2400,1479.4400,1809.0000
85232A,SET/3 POLKA DOT STACKING TINS,1894.8300,376,138,97,1505.2800,389.5500,158.4000,0.0771,0.0001,0.9108,B,1894.8300,389.5500,1810.0000
16169E,WRAP 50'S  CHRISTMAS,1892.4600,4563,149,143,0.0000,1734.5400,52.5000,0.0270,0.0001,0.9109,B,1892.4600,1734.5400,1811.0000
21445,12 PINK ROSE PEG PLACE SETTINGS,1892.2300,1523,146,88,1624.7300,267.5000,15.0000,0.0079,0.0001,0.9110,B,1892.2300,267.5000,1812.0000
23434,3 RAFFIA RIBBONS 50'S CHRISTMAS,1892.0700,2105,199,129,0.0000,1767.6900,7.9000,0.0042,0.0001,0.9111,B,1892.0700,1767.6900,1813.0000
21581,SKULLS  DESIGN  COTTON TOTE BAG,1890.7400,1172,203,104,1300.0700,585.7100,45.0000,0.0232,0.0001,0.9112,B,1890.7400,585.7100,1814.0000
22523,CHILDS GARDEN FORK PINK,1889.0900,2191,352,248,1137.4300,739.8300,12.7500,0.0067,0.0001,0.9113,B,1889.0900,739.8300,1815.0000
23394,POSTE FRANCE CUSHION COVER,1888.9000,438,150,90,0.0000,1753.3700,-0.0000,-0.0000,0.0001,0.9114,B,1888.9000,1753.3700,1816.0000
85185B,PINK HORSE SOCK PUPPET,1887.7100,608,182,111,960.7700,926.9400,2.9500,0.0016,0.0001,0.9115,B,1887.7100,926.9400,1817.0000
21687,SILVER PLATE CANDLE BOWL LARGE,1886.2300,481,101,55,1886.2300,0.0000,3.7500,0.0020,0.0001,0.9116,B,1886.2300,0.0000,1818.0000
22858,EASTER TIN KEEPSAKE,1882.2900,1138,139,104,16.5600,1865.7300,16.5000,0.0087,0.0001,0.9117,B,1882.2900,1865.7300,1819.0000
85231B,CINAMMON SET OF 9 T-LIGHTS,1880.3900,2057,384,181,1102.8100,747.4700,9.3500,0.0049,0.0001,0.9118,B,1880.3900,747.4700,1820.0000
84856S,SMALL TAHITI BEACH BAG,1877.2100,467,33,25,1858.6100,18.6000,3.8100,0.0020,0.0001,0.9119,B,1877.2100,18.6000,1821.0000
22678,FRENCH BLUE METAL DOOR SIGN 3,1876.7800,1401,248,92,723.9700,1106.6300,13.7500,0.0073,0.0001,0.9119,B,1876.7800,1106.6300,1822.0000
21983,PACK OF 12 BLUE PAISLEY TISSUES,1875.8900,6121,325,208,1098.2200,752.3500,13.9200,0.0074,0.0001,0.9120,B,1875.8900,752.3500,1823.0000
21841,BABY MOUSE RED GINGHAM DRESS,1874.4700,441,132,106,1559.9700,314.5000,12.7500,0.0068,0.0001,0.9121,B,1874.4700,314.5000,1824.0000
21085,SET/6 WOODLAND PAPER CUPS,1873.3300,13732,66,42,1873.3300,0.0000,-0.0000,-0.0000,0.0001,0.9122,B,1873.3300,0.0000,1825.0000
23359,SET OF 12 T-LIGHTS VINTAGE DOILY,1872.3100,993,79,73,0.0000,1821.6100,-0.0000,-0.0000,0.0001,0.9123,B,1872.3100,1821.6100,1826.0000
21241,GREEN SPOTTY CUP,1871.6200,2216,260,129,1871.6200,0.0000,0.8500,0.0005,0.0001,0.9124,B,1871.6200,0.0000,1827.0000
23090,VINTAGE GLASS T-LIGHT HOLDER,1870.8600,2238,149,96,0.0000,1559.9200,7.4700,0.0040,0.0001,0.9125,B,1870.8600,1559.9200,1828.0000
16016,LARGE CHINESE STYLE SCISSOR,1870.7000,2314,106,57,817.2500,985.4500,-0.0000,-0.0000,0.0001,0.9126,B,1870.7000,985.4500,1829.0000
21091,SET/6 WOODLAND PAPER PLATES,1868.7000,13700,47,31,1868.7000,0.0000,-0.0000,-0.0000,0.0001,0.9127,B,1868.7000,0.0000,1830.0000
23525,WALL ART BUFFALO BILL,1867.5700,583,53,38,0.0000,1781.3600,22.5000,0.0119,0.0001,0.9128,B,1867.5700,1781.3600,1831.0000
22535,MAGIC DRAWING SLATE BUNNIES,1865.8500,4462,298,204,1194.8400,655.8900,50.4000,0.0263,0.0001,0.9129,B,1865.8500,655.8900,1832.0000
21394,RED POLKADOT BEAKER,1864.6300,4005,150,100,260.8600,1603.7700,8.5800,0.0046,0.0001,0.9130,B,1864.6300,1603.7700,1833.0000
21613,S/12 VANILLA  BOTANICAL T-LIGHTS,1861.4500,632,145,111,1199.5200,661.9300,-0.0000,-0.0000,0.0001,0.9131,B,1861.4500,661.9300,1834.0000
21287,SCENTED VELVET LOUNGE CANDLE,1860.0000,4107,93,67,1099.8500,754.4500,-0.0000,-0.0000,0.0001,0.9132,B,1860.0000,754.4500,1835.0000
21677,HEARTS  STICKERS,1859.3800,2125,279,144,1121.5400,722.9600,30.6000,0.0162,0.0001,0.9133,B,1859.3800,722.9600,1836.0000
22686,FRENCH BLUE METAL DOOR SIGN No,1857.3900,1406,221,70,549.0100,1176.4600,30.0000,0.0159,0.0001,0.9134,B,1857.3900,1176.4600,1837.0000
20772,GARDEN PATH JOURNAL,1851.2800,971,161,105,1230.0900,608.5800,320.2500,0.1475,0.0001,0.9135,B,1851.2800,608.5800,1838.0000
22587,FELTCRAFT HAIRBAND RED AND BLUE,1850.5400,2123,308,194,1017.4700,767.4700,-0.0000,-0.0000,0.0001,0.9136,B,1850.5400,767.4700,1839.0000
21547,CERAMIC BIRDHOUSE CRESTED TIT SMALL,1848.4700,719,119,69,1594.9400,253.5300,5.9000,0.0032,0.0001,0.9137,B,1848.4700,253.5300,1840.0000
84797B,BLUE SAVANNAH PICNIC HAMPER FOR 4,1845.2000,323,33,22,1845.2000,0.0000,33.9000,0.0180,0.0001,0.9137,B,1845.2000,0.0000,1841.0000
21894,POTTING SHED SEED ENVELOPES,1844.8900,1327,247,120,936.5600,902.0800,-0.0000,-0.0000,0.0001,0.9138,B,1844.8900,902.0800,1842.0000
23378,PACK OF 12 50'S CHRISTMAS TISSUES,1842.4200,4003,176,127,0.0000,1751.2700,-0.0000,-0.0000,0.0001,0.9139,B,1842.4200,1751.2700,1843.0000
85162C,WHITE RETRODISC LAMPSHADE,1841.7000,904,46,11,1841.7000,0.0000,-0.0000,-0.0000,0.0001,0.9140,B,1841.7000,0.0000,1844.0000
21391,FRENCH LAVENDER SCENT HEART,1839.6400,1436,175,113,775.2000,1064.4400,6.3000,0.0034,0.0001,0.9141,B,1839.6400,1064.4400,1845.0000
21357,TOAST ITS - DINOSAUR,1836.5100,1395,211,105,1812.7600,23.7500,60.0000,0.0316,0.0001,0.9142,B,1836.5100,23.7500,1846.0000
22317,FIVE CATS HANGING DECORATION,1836.4900,590,167,83,953.8700,882.6200,-0.0000,-0.0000,0.0001,0.9143,B,1836.4900,882.6200,1847.0000
21618,4 WILDFLOWER BOTANICAL CANDLES,1826.2400,700,139,86,1055.3700,770.8700,-0.0000,-0.0000,0.0001,0.9144,B,1826.2400,770.8700,1848.0000
85173,SET/6 FROG PRINCE T-LIGHT CANDLES,1826.0700,1018,150,70,1031.0500,747.7500,12.7500,0.0069,0.0001,0.9145,B,1826.0700,747.7500,1849.0000
85164B,BLACK BAROQUE CUCKOO CLOCK,1825.1800,140,65,27,1825.1800,0.0000,12.7500,0.0069,0.0001,0.9146,B,1825.1800,0.0000,1850.0000
21529,RETRO SPOT CERAMIC TOASTRACK,1824.9400,513,152,94,1824.9400,0.0000,27.6000,0.0149,0.0001,0.9147,B,1824.9400,0.0000,1851.0000
84327A,PINK JUMPER LARRY THE LAMB,1824.4700,961,123,78,1824.4700,0.0000,6.7600,0.0037,0.0001,0.9148,B,1824.4700,0.0000,1852.0000
22680,FRENCH BLUE METAL DOOR SIGN 5,1824.2000,1359,230,97,663.9100,1129.0700,37.5000,0.0201,0.0001,0.9149,B,1824.2000,1129.0700,1853.0000
23148,MINIATURE ANTIQUE ROSE HOOK IVORY,1820.4600,2144,247,143,0.0000,1753.2300,10.7900,0.0059,0.0001,0.9150,B,1820.4600,1753.2300,1854.0000
22586,FELTCRAFT HAIRBAND PINK AND BLUE,1818.5400,2091,295,184,1043.9900,725.9500,40.8000,0.0219,0.0001,0.9150,B,1818.5400,725.9500,1855.0000
21088,SET/6 FRUIT SALAD PAPER CUPS,1816.7300,16615,136,95,1388.4500,422.8900,572.5200,0.2396,0.0001,0.9151,B,1816.7300,422.8900,1856.0000
22307,GOLD MUG BONE CHINA TREE OF LIFE,1815.8100,1205,118,87,846.1700,930.6100,49.8000,0.0267,0.0001,0.9152,B,1815.8100,930.6100,1857.0000
21384,IVORY HANGING DECORATION  BUTTERFLY,1815.2900,1923,150,99,1815.2900,0.0000,-0.0000,-0.0000,0.0001,0.9153,B,1815.2900,0.0000,1858.0000
21761,WOOD AND GLASS MEDICINE CABINET,1814.7500,65,24,21,1515.2500,269.5500,29.9500,0.0162,0.0001,0.9154,B,1814.7500,269.5500,1859.0000
23160,REGENCY TEA SPOON,1809.4800,1462,76,50,0.0000,1789.8000,7.5000,0.0041,0.0001,0.9155,B,1809.4800,1789.8000,1860.0000
21161,KEEP OUT BOYS DOOR HANGER,1808.9500,2362,206,120,1577.5800,231.3700,47.6600,0.0257,0.0001,0.9156,B,1808.9500,231.3700,1861.0000
21548,CERAMIC BIRDHOUSE FINCH BLUE ROOF,1802.6700,691,107,55,1802.6700,0.0000,44.2500,0.0240,0.0001,0.9157,B,1802.6700,0.0000,1862.0000
90167,BEADED LOVE HEART JEWELLERY SET,1801.1700,2197,111,53,1792.6700,8.5000,217.5600,0.1078,0.0001,0.9158,B,1801.1700,8.5000,1863.0000
21280,VINTAGE KITCHEN PRINT VEGETABLES,1800.4400,3333,70,44,1634.6900,165.7500,312.0000,0.1477,0.0001,0.9159,B,1800.4400,165.7500,1864.0000
22770,MIRROR CORNICE,1799.6200,112,71,49,283.9400,1485.7800,104.6500,0.0550,0.0001,0.9160,B,1799.6200,1485.7800,1865.0000
21158,MOODY GIRL DOOR HANGER,1797.5100,2594,310,184,1013.6900,757.7900,38.1700,0.0208,0.0001,0.9161,B,1797.5100,757.7900,1866.0000
22324,BLUE POLKADOT KIDS BAG,1797.0600,664,152,53,1108.7600,663.5200,15.6000,0.0086,0.0001,0.9161,B,1797.0600,663.5200,1867.0000
84748,FOLK FELT HANGING MULTICOL GARLAND,1796.1200,1174,93,27,1210.2600,585.8600,-0.0000,-0.0000,0.0001,0.9162,B,1796.1200,585.8600,1868.0000
22254,FELT TOADSTOOL LARGE,1793.4600,1399,148,95,956.6600,806.8000,90.0000,0.0478,0.0001,0.9163,B,1793.4600,806.8000,1869.0000
22103,MIRROR MOSAIC T-LIGHT HOLDER ROUND,1790.3400,1764,71,43,862.3000,928.0400,203.3100,0.1020,0.0001,0.9164,B,1790.3400,928.0400,1870.0000
22922,FRIDGE MAGNETS US DINER ASSORTED,1789.2000,2073,113,82,366.3000,1305.3000,183.3000,0.0929,0.0001,0.9165,B,1789.2000,1305.3000,1871.0000
22533,MAGIC DRAWING SLATE BAKE A CAKE,1787.5600,4529,231,162,1141.0700,641.8700,30.2400,0.0166,0.0001,0.9166,B,1787.5600,641.8700,1872.0000
23317,BLUE REFECTORY CLOCK,1787.4100,174,82,56,0.0000,1687.8500,-0.0000,-0.0000,0.0001,0.9167,B,1787.4100,1687.8500,1873.0000
23057,BEADED CHANDELIER T-LIGHT HOLDER,1783.5200,776,45,38,0.0000,1783.5200,636.1500,0.2629,0.0001,0.9168,B,1783.5200,1783.5200,1874.0000
20729,RED SPOTTY CANDY BAG,1778.1200,5262,121,39,1778.1200,0.0000,27.5000,0.0152,0.0001,0.9169,B,1778.1200,0.0000,1875.0000
79302M,"ART LIGHTS,FUNK MONKEY",1774.1800,624,107,40,736.6400,957.0400,2.9500,0.0017,0.0001,0.9170,B,1774.1800,957.0400,1876.0000
21163,DO NOT TOUCH MY STUFF DOOR HANGER,1769.2400,2810,253,158,1084.6200,684.6200,46.0100,0.0253,0.0001,0.9171,B,1769.2400,684.6200,1877.0000
37343,SPOTS DESIGN MUG W PINK INSIDE,1768.9400,1116,104,55,1645.6400,123.3000,-0.0000,-0.0000,0.0001,0.9171,B,1768.9400,123.3000,1878.0000
84507B,STRIPES DESIGN MONKEY DOLL,1764.0300,1349,115,52,1645.3000,118.7300,11.0500,0.0062,0.0001,0.9172,B,1764.0300,118.7300,1879.0000
21205,MULTICOLOUR 3D BALLS GARLAND,1762.2700,675,144,86,1085.0800,674.6400,53.5500,0.0295,0.0001,0.9173,B,1762.2700,674.6400,1880.0000
22422,TOOTHPASTE TUBE PEN,1762.2400,2745,354,119,985.4900,661.5500,15.6000,0.0088,0.0001,0.9174,B,1762.2400,661.5500,1881.0000
22546,MINI JIGSAW PURDEY,1762.0600,4378,181,106,961.6600,773.7100,0.4200,0.0002,0.0001,0.9175,B,1762.0600,773.7100,1882.0000
21652,GLASS ETCHED T-LIGHT HOLDER MEDIUM,1761.5900,903,78,64,1761.5900,0.0000,40.9500,0.0227,0.0001,0.9176,B,1761.5900,0.0000,1883.0000
47566b,TEA TIME PARTY BUNTING,1761.2600,212,113,0,110.1100,1651.1500,-0.0000,-0.0000,0.0001,0.9177,B,1761.2600,1651.1500,1884.0000
23096,PETIT TRAY CHIC,1759.7900,1047,146,89,0.0000,1730.1500,-0.0000,-0.0000,0.0001,0.9178,B,1759.7900,1730.1500,1885.0000
22209,WOOD STAMP SET HAPPY BIRTHDAY,1759.7400,1421,257,159,791.3700,888.7200,36.3600,0.0202,0.0001,0.9179,B,1759.7400,888.7200,1886.0000
22446,PIN CUSHION BABUSHKA PINK,1755.2800,619,186,61,620.1000,922.1600,20.1000,0.0113,0.0001,0.9179,B,1755.2800,922.1600,1887.0000
20767,BLUE PAISLEY JOURNAL,1754.3600,817,179,112,1090.6500,635.9400,17.8500,0.0101,0.0001,0.9180,B,1754.3600,635.9400,1888.0000
23372,SET 36 COLOUR PENCILS DOLLY GIRL,1752.7900,1391,147,76,0.0000,1675.8100,20.0000,0.0113,0.0001,0.9181,B,1752.7900,1675.8100,1889.0000
23399,HOME SWEET HOME HANGING HEART,1752.3500,1922,225,146,0.0000,1686.2800,-0.0000,-0.0000,0.0001,0.9182,B,1752.3500,1686.2800,1890.0000
21000,ROSE DU SUD COSMETICS BAG,1749.2300,691,94,37,1384.1400,358.5100,-0.0000,-0.0000,0.0001,0.9183,B,1749.2300,358.5100,1891.0000
84535B,FAIRY CAKES NOTEBOOK A6 SIZE,1748.4100,2687,327,141,898.2100,843.2200,61.7500,0.0341,0.0001,0.9184,B,1748.4100,843.2200,1892.0000
21780,MA CAMPAGNE 4 DRAWER WALL SHELF,1745.8500,203,32,17,1745.8500,0.0000,-0.0000,-0.0000,0.0001,0.9185,B,1745.8500,0.0000,1893.0000
85060,WOOD FAN WITH FLOWER DESIGN,1745.6200,1448,87,53,1745.6200,0.0000,47.5000,0.0265,0.0001,0.9186,B,1745.6200,0.0000,1894.0000
23101,SILVER STARS TABLE DECORATION,1744.6100,2037,213,175,0.0000,1706.5800,-0.0000,-0.0000,0.0001,0.9187,B,1744.6100,1706.5800,1895.0000
21637,ASSORTED SANSKRIT MINI NOTEBOOK,1741.7200,1358,93,40,1605.4700,136.2500,22.5000,0.0128,0.0001,0.9187,B,1741.7200,136.2500,1896.0000
21662,VINTAGE GLASS COFFEE CADDY,1741.0000,270,106,58,1183.7000,557.3000,23.8000,0.0135,0.0001,0.9188,B,1741.0000,557.3000,1897.0000
21760,FRENCH STYLE WALL DRESSER,1740.0000,15,12,12,1740.0000,0.0000,250.0000,0.1256,0.0001,0.9189,B,1740.0000,0.0000,1898.0000
84006,MAGIC TREE -PAPER FLOWERS,1739.7700,1858,212,86,890.2200,784.1000,4.2500,0.0024,0.0001,0.9190,B,1739.7700,784.1000,1899.0000
84843,WHITE SOAP RACK WITH 2 BOTTLES,1737.0100,281,110,66,767.2100,946.0000,11.9000,0.0068,0.0001,0.9191,B,1737.0100,946.0000,1900.0000
22035,VINTAGE CARAVAN GREETING CARD,1736.2800,4095,360,152,1113.9200,622.3600,20.5800,0.0117,0.0001,0.9192,B,1736.2800,622.3600,1901.0000
23244,ROUND STORAGE TIN VINTAGE LEAF,1733.9800,936,112,87,0.0000,1639.6900,16.9500,0.0097,0.0001,0.9193,B,1733.9800,1639.6900,1902.0000
23181,BULL DOG BOTTLE TOP WALL CLOCK,1733.5700,201,82,60,0.0000,1640.3100,33.0000,0.0187,0.0001,0.9194,B,1733.5700,1640.3100,1903.0000
21090,SET/6 COLLAGE PAPER PLATES,1733.1300,3115,278,129,454.9000,1264.1300,14.0400,0.0080,0.0001,0.9195,B,1733.1300,1264.1300,1904.0000
21275,ZINC TOP  2 DOOR WOODEN SHELF,1731.4300,250,55,45,1461.3500,270.0800,138.4500,0.0740,0.0001,0.9195,B,1731.4300,270.0800,1905.0000
37342,POLKADOT COFFEE CUP & SAUCER PINK,1731.4000,1629,131,56,242.3900,1489.0100,45.6800,0.0257,0.0001,0.9196,B,1731.4000,1489.0100,1906.0000
21927,BLUE/CREAM STRIPE CUSHION COVER,1728.2400,1260,192,93,957.0900,757.4000,81.2500,0.0449,0.0001,0.9197,B,1728.2400,757.4000,1907.0000
23122,PARTY CHARMS 50 PIECES,1727.7500,2253,133,89,0.0000,1709.5000,2.4900,0.0014,0.0001,0.9198,B,1727.7500,1709.5000,1908.0000
22516,CHILDS GARDEN RAKE BLUE,1725.8000,851,162,106,1228.8100,447.4300,6.3000,0.0036,0.0001,0.9199,B,1725.8000,447.4300,1909.0000
85127,SMALL SQUARE CUT GLASS CANDLESTICK,1725.5200,279,81,30,618.9800,1086.6200,24.7500,0.0141,0.0001,0.9200,B,1725.5200,1086.6200,1910.0000
22026,BANQUET BIRTHDAY  CARD,1722.5100,4041,366,140,1005.3900,705.4400,5.0400,0.0029,0.0001,0.9201,B,1722.5100,705.4400,1911.0000
22319,HAIRCLIPS FORTIES FABRIC ASSORTED,1721.4400,3023,174,141,1133.5800,469.3000,50.0500,0.0283,0.0001,0.9202,B,1721.4400,469.3000,1912.0000
23073,GEORGIAN TRINKET BOX,1719.0000,144,61,49,0.0000,1669.0000,12.5000,0.0072,0.0001,0.9202,B,1719.0000,1669.0000,1913.0000
21895,POTTING SHED SOW 'N' GROW SET,1718.6300,555,85,61,1705.9100,12.7200,17.0000,0.0098,0.0001,0.9203,B,1718.6300,12.7200,1914.0000
10125,MINI FUNKY DESIGN TAPES,1718.3300,2106,167,87,723.4900,972.7400,-0.0000,-0.0000,0.0001,0.9204,B,1718.3300,972.7400,1915.0000
21281,VINTAGE KITCHEN PRINT SEAFOOD,1716.8000,3680,67,34,1587.1700,129.6300,384.0000,0.1828,0.0001,0.9205,B,1716.8000,129.6300,1916.0000
21283,NATURAL BARK CANDLE SMALL,1710.4500,537,81,59,1710.4500,0.0000,39.0000,0.0223,0.0001,0.9206,B,1710.4500,0.0000,1917.0000
22934,BAKING MOULD EASTER EGG WHITE CHOC,1707.4700,589,78,65,0.0000,1707.4700,8.8500,0.0052,0.0001,0.9207,B,1707.4700,1707.4700,1918.0000
20990,SPRING FLOWER CHOPSTICKS SET/5,1706.1400,895,103,54,1706.1400,0.0000,1.9500,0.0011,0.0001,0.9208,B,1706.1400,0.0000,1919.0000
23214,JINGLE BELL HEART ANTIQUE GOLD,1705.4400,794,103,79,0.0000,1620.2200,-0.0000,-0.0000,0.0001,0.9208,B,1705.4400,1620.2200,1920.0000
22679,FRENCH BLUE METAL DOOR SIGN 4,1704.4300,1270,230,88,680.1500,996.2500,12.5000,0.0073,0.0001,0.9209,B,1704.4300,996.2500,1921.0000
47591B,SCOTTIES CHILDRENS APRON,1704.3000,1059,281,108,1359.5100,344.7900,-0.0000,-0.0000,0.0001,0.9210,B,1704.3000,344.7900,1922.0000
84795A,PASTEL STRIPE HAMMOCK,1703.9700,209,70,34,1703.9700,0.0000,-0.0000,-0.0000,0.0001,0.9211,B,1703.9700,0.0000,1923.0000
22123,PING MICROWAVE APRON,1700.9300,656,166,77,631.7600,960.6500,142.8000,0.0775,0.0001,0.9212,B,1700.9300,960.6500,1924.0000
21189,WHITE HONEYCOMB PAPER GARLAND,1700.5300,798,123,53,811.8600,709.2200,-0.0000,-0.0000,0.0001,0.9213,B,1700.5300,709.2200,1925.0000
22706,WRAP COWBOYS,1693.2400,4222,125,109,845.3000,805.9400,21.0000,0.0123,0.0001,0.9214,B,1693.2400,805.9400,1926.0000
21645,ASSORTED TUTTI FRUTTI ROUND BOX,1692.1500,999,133,85,1692.1500,0.0000,49.5000,0.0284,0.0001,0.9215,B,1692.1500,0.0000,1927.0000
70007,HI TEC ALPINE HAND WARMER,1691.1800,1310,205,87,728.2200,912.3700,19.8000,0.0116,0.0001,0.9215,B,1691.1800,912.3700,1928.0000
20996,JAZZ HEARTS ADDRESS BOOK,1688.6200,6317,335,179,961.1600,691.4800,5.8800,0.0035,0.0001,0.9216,B,1688.6200,691.4800,1929.0000
21576,LETS GO SHOPPING COTTON TOTE BAG,1688.4400,733,205,118,1103.1000,553.3800,20.2500,0.0119,0.0001,0.9217,B,1688.4400,553.3800,1930.0000
22323,PINK POLKADOT KIDS BAG,1687.2100,637,116,57,1685.2600,1.9500,23.4000,0.0137,0.0001,0.9218,B,1687.2100,1.9500,1931.0000
21251,DINOSAUR HEIGHT CHART STICKER SET,1686.8800,596,132,91,1117.9000,568.9800,-0.0000,-0.0000,0.0001,0.9219,B,1686.8800,568.9800,1932.0000
85221,ASSORTED COLOUR SILK COIN PURSE,1685.4600,3558,47,35,1685.4600,0.0000,155.9200,0.0847,0.0001,0.9220,B,1685.4600,0.0000,1933.0000
21278,VINTAGE KITCHEN PRINT PUDDINGS,1685.0500,2770,118,63,1575.4000,109.6500,320.4000,0.1598,0.0001,0.9221,B,1685.0500,109.6500,1934.0000
17129F,BLUE GLASS GEMS IN BAG,1684.5800,1580,145,19,1130.7500,552.2000,11.6600,0.0069,0.0001,0.9221,B,1684.5800,552.2000,1935.0000
21446,12 RED ROSE PEG PLACE SETTINGS,1683.5800,1269,232,122,1042.6600,623.4200,-0.0000,-0.0000,0.0001,0.9222,B,1683.5800,623.4200,1936.0000
23368,SET 12 COLOUR PENCILS DOLLY GIRL,1681.5000,2382,232,134,0.0000,1581.6000,3.9000,0.0023,0.0001,0.9223,B,1681.5000,1581.6000,1937.0000
21382,SET/4 SPRING FLOWER DECORATION,1681.1600,1244,152,78,292.0800,1386.8300,6.0000,0.0036,0.0001,0.9224,B,1681.1600,1386.8300,1938.0000
22975,SPACEBOY CHILDRENS EGG CUP,1679.6600,1245,193,113,55.0300,1588.7400,1.2500,0.0007,0.0001,0.9225,B,1679.6600,1588.7400,1939.0000
21633,SUNFLOWER DECORATIVE PARASOL,1675.8600,176,72,32,780.4000,895.4600,25.5000,0.0150,0.0001,0.9226,B,1675.8600,895.4600,1940.0000
46776F,WOVEN ROSE GARDEN CUSHION COVER,1675.7300,487,157,13,792.6100,788.9800,-0.0000,-0.0000,0.0001,0.9226,B,1675.7300,788.9800,1941.0000
72816,SET/3 CHRISTMAS DECOUPAGE CANDLES,1673.7200,1346,136,65,667.4500,1006.2700,30.0000,0.0176,0.0001,0.9227,B,1673.7200,1006.2700,1942.0000
72817,SET OF 2 CHRISTMAS DECOUPAGE CANDLE,1671.2800,1553,214,97,439.0100,1232.2700,30.0000,0.0176,0.0001,0.9228,B,1671.2800,1232.2700,1943.0000
85036C,ROSE 1 WICK MORRIS BOXED CANDLE,1671.2700,895,128,99,566.4100,1104.8600,232.2500,0.1220,0.0001,0.9229,B,1671.2700,1104.8600,1944.0000
22673,FRENCH GARDEN SIGN BLUE METAL,1671.2500,1323,195,130,651.4200,991.0800,118.0100,0.0660,0.0001,0.9230,B,1671.2500,991.0800,1945.0000
22410,MONEY BOX HOUSEKEEPING DESIGN,1671.2100,1366,198,136,1423.7900,207.1600,15.0000,0.0089,0.0001,0.9231,B,1671.2100,207.1600,1946.0000
23366,SET 12 COLOURING PENCILS DOILY,1670.5500,2253,195,115,0.0000,1501.1000,-0.0000,-0.0000,0.0001,0.9232,B,1670.5500,1501.1000,1947.0000
21284,RETROSPOT CANDLE  SMALL,1670.4100,1548,140,80,1294.2300,297.5000,50.6400,0.0294,0.0001,0.9232,B,1670.4100,297.5000,1948.0000
35809A,ENAMEL PINK TEA CONTAINER,1667.6100,1138,177,76,1178.7200,488.8900,-0.0000,-0.0000,0.0001,0.9233,B,1667.6100,488.8900,1949.0000
85039A,SET/4 RED MINI ROSE CANDLE IN BOWL,1664.6700,1450,251,61,650.7500,973.1100,4.9500,0.0030,0.0001,0.9234,B,1664.6700,973.1100,1950.0000
23505,PLAYING CARDS I LOVE LONDON,1660.0400,1207,115,93,0.0000,1553.8700,-0.0000,-0.0000,0.0001,0.9235,B,1660.0400,1553.8700,1951.0000
23270,SET OF 2 CERAMIC PAINTED HEARTS,1659.3700,1183,125,96,0.0000,1623.0800,8.7000,0.0052,0.0001,0.9236,B,1659.3700,1623.0800,1952.0000
21294,ETCHED GLASS COASTER,1658.7500,2250,139,83,833.2600,825.4900,-0.0000,-0.0000,0.0001,0.9237,B,1658.7500,825.4900,1953.0000
21162,TOXIC AREA  DOOR HANGER,1657.0500,2405,285,172,862.9000,757.5900,44.7600,0.0263,0.0001,0.9237,B,1657.0500,757.5900,1954.0000
37441,ASSORTED WHITE EMBOSSED CHINA MUGS,1652.4000,706,54,31,1652.4000,0.0000,2.1000,0.0013,0.0001,0.9238,B,1652.4000,0.0000,1955.0000
22025,RING OF ROSES BIRTHDAY CARD,1651.7200,3994,288,148,885.6300,756.0700,5.0400,0.0030,0.0001,0.9239,B,1651.7200,756.0700,1956.0000
23483,HANGING  BUTTERFLY T-LIGHT HOLDER,1651.3600,1340,73,57,0.0000,1388.3100,26.2400,0.0156,0.0001,0.9240,B,1651.3600,1388.3100,1957.0000
21448,12 DAISY PEGS IN WOOD BOX,1650.0700,961,211,132,1049.2000,600.8700,-0.0000,-0.0000,0.0001,0.9241,B,1650.0700,600.8700,1958.0000
23273,HEART T-LIGHT HOLDER WILLIE WINKIE,1649.0500,969,112,88,0.0000,1538.6000,6.6000,0.0040,0.0001,0.9242,B,1649.0500,1538.6000,1959.0000
21426,WOODLAND STORAGE BOX SMALL,1647.0700,1028,99,44,1022.4900,619.6200,161.4000,0.0892,0.0001,0.9242,B,1647.0700,619.6200,1960.0000
21332,MOROCCAN BEATEN METAL MIRROR,1644.1700,270,50,36,1376.0700,268.1000,109.7500,0.0626,0.0001,0.9243,B,1644.1700,268.1000,1961.0000
21545,CERAMIC BIRDHOUSE BUTTERFLY SMALL,1643.0700,698,82,52,1643.0700,0.0000,5.9000,0.0036,0.0001,0.9244,B,1643.0700,0.0000,1962.0000
48195,DOOR MAT GREEN PAISLEY,1642.9700,271,87,56,1642.9700,0.0000,27.0000,0.0162,0.0001,0.9245,B,1642.9700,0.0000,1963.0000
23348,CHILDRENS TOY COOKING UTENSIL SET,1642.1300,750,168,95,0.0000,1642.1300,47.2600,0.0280,0.0001,0.9246,B,1642.1300,1642.1300,1964.0000
85180A,RED HEARTS LIGHT CHAIN,1636.4200,629,99,60,593.7600,1033.5300,69.7500,0.0409,0.0001,0.9247,B,1636.4200,1033.5300,1965.0000
21541,DINOSAURS WATER TRANSFER TATTOOS,1636.2400,1907,201,119,1636.2400,0.0000,16.1500,0.0098,0.0001,0.9247,B,1636.2400,0.0000,1966.0000
23391,I LOVE LONDON MINI BACKPACK,1632.3200,390,87,58,0.0000,1503.7200,-0.0000,-0.0000,0.0001,0.9248,B,1632.3200,1503.7200,1967.0000
35241,ENAMEL BLUE RIM BISCUIT BIN,1631.4200,309,130,75,1100.9300,530.4900,59.4000,0.0351,0.0001,0.9249,B,1631.4200,530.4900,1968.0000
21593,SWALLOW CIGAR BOX MATCHES,1630.5600,1392,94,69,1630.5600,0.0000,30.0000,0.0181,0.0001,0.9250,B,1630.5600,0.0000,1969.0000
21837,CROSS STITCH ALPHABET CUSHION COVER,1628.5900,245,91,61,1628.5900,0.0000,11.9000,0.0073,0.0001,0.9251,B,1628.5900,0.0000,1970.0000
21793,CLASSIC FRENCH STYLE BASKET BROWN,1627.3600,353,102,81,330.7500,1289.1500,-0.0000,-0.0000,0.0001,0.9252,B,1627.3600,1289.1500,1971.0000
21656,RIDGED GLASS POSY VASE,1623.2400,991,140,66,1178.6600,444.5800,2.9000,0.0018,0.0001,0.9252,B,1623.2400,444.5800,1972.0000
21286,RETROSPOT CANDLE  LARGE,1623.0100,1006,101,56,1260.8900,268.9000,30.6000,0.0185,0.0001,0.9253,B,1623.0100,268.9000,1973.0000
84619,BLUE GINGHAM ROSE QUILT,1622.9600,72,29,22,1622.9600,0.0000,-0.0000,-0.0000,0.0001,0.9254,B,1622.9600,0.0000,1974.0000
21279,VINTAGE KITCHEN PRINT FRUITS,1621.8300,3527,101,51,1355.6800,263.6000,425.8500,0.2080,0.0001,0.9255,B,1621.8300,263.6000,1975.0000
85131A,BEADED PEARL HEART WHITE ON STICK,1620.4800,2026,199,64,719.0000,901.4800,12.5200,0.0077,0.0001,0.9256,B,1620.4800,901.4800,1976.0000
84919,BLUE CUSHION COVER WITH FLOWER,1619.8400,291,43,20,1238.0600,381.7800,723.4000,0.3087,0.0001,0.9257,B,1619.8400,381.7800,1977.0000
21157,RED SPOTTY WASHBAG,1619.0500,690,176,66,1391.4500,227.6000,12.6000,0.0077,0.0001,0.9257,B,1619.0500,227.6000,1978.0000
23280,FOLDING BUTTERFLY MIRROR HOT PINK,1614.9900,2024,157,87,0.0000,1455.5500,1.6600,0.0010,0.0001,0.9258,B,1614.9900,1455.5500,1979.0000
23217,LAUREL HEART ANTIQUE SILVER,1613.8200,1309,97,64,0.0000,1416.9600,-0.0000,-0.0000,0.0001,0.9259,B,1613.8200,1416.9600,1980.0000
23287,RED VINTAGE SPOT BEAKER,1613.5900,1891,198,114,0.0000,1588.5800,43.3500,0.0262,0.0001,0.9260,B,1613.5900,1588.5800,1981.0000
35471D,SET OF 3 BIRD LIGHT PINK FEATHER,1613.5700,2268,348,158,629.0000,932.7500,2.5000,0.0015,0.0001,0.9261,B,1613.5700,932.7500,1982.0000
23462,ROCOCO WALL MIRROR WHITE,1607.0400,80,46,43,0.0000,1567.1400,350.1000,0.1789,0.0001,0.9261,B,1607.0400,1567.1400,1983.0000
82615,PINK MARSHMALLOW SCARF KNITTING KIT,1606.9200,583,90,60,1515.1200,91.8000,11.0000,0.0068,0.0001,0.9262,B,1606.9200,91.8000,1984.0000
35810A,ENAMEL PINK COFFEE CONTAINER,1605.5700,1206,171,72,964.6500,640.9200,2.1000,0.0013,0.0001,0.9263,B,1605.5700,640.9200,1985.0000
21542,WOODLAND WATER TRANSFER TATTOOS,1605.0000,1882,190,112,1605.0000,0.0000,59.5000,0.0357,0.0001,0.9264,B,1605.0000,0.0000,1986.0000
22517,CHILDS GARDEN RAKE PINK,1604.1100,813,152,106,1141.7800,441.6100,-0.0000,-0.0000,0.0001,0.9265,B,1604.1100,441.6100,1987.0000
21550,CERAMIC BIRDHOUSE CRESTED TIT LARGE,1601.2100,301,64,42,1601.2100,0.0000,5.9500,0.0037,0.0001,0.9266,B,1601.2100,0.0000,1988.0000
22260,FELT EGG COSY BLUE RABBIT,1599.0200,1562,241,85,1021.5800,566.0300,13.6000,0.0084,0.0001,0.9266,B,1599.0200,566.0300,1989.0000
21383,PACK OF 12 STICKY BUNNIES,1598.8800,2217,323,169,843.0500,741.1300,40.3000,0.0246,0.0001,0.9267,B,1598.8800,741.1300,1990.0000
20802,SMALL GLASS SUNDAE DISH CLEAR,1596.8100,1051,116,68,612.3400,984.4700,34.9200,0.0214,0.0001,0.9268,B,1596.8100,984.4700,1991.0000
23226,FILIGREE HEART DAISY WHITE,1596.6700,1247,98,56,0.0000,1554.1700,60.0000,0.0362,0.0001,0.9269,B,1596.6700,1554.1700,1992.0000
84913B,MINT GREEN ROSE TOWEL,1593.2900,420,200,27,839.2200,735.4700,4.6500,0.0029,0.0001,0.9270,B,1593.2900,735.4700,1993.0000
21694,SMALL REGAL  SILVER CANDLEPOT,1593.1600,556,70,51,752.8300,822.6300,-0.0000,-0.0000,0.0001,0.9270,B,1593.1600,822.6300,1994.0000
22099,CARAVAN SQUARE TISSUE BOX,1592.0200,2131,291,168,787.3700,783.6500,30.0000,0.0185,0.0001,0.9271,B,1592.0200,783.6500,1995.0000
35160,BUDDHA INCENSE HOLDER ASSORTED,1590.6400,2180,56,33,1590.6400,0.0000,-0.0000,-0.0000,0.0001,0.9272,B,1590.6400,0.0000,1996.0000
22106,MIRROR MOSAIC HURRICANE LAMP,1589.9800,509,79,29,691.6000,850.1600,156.7500,0.0897,0.0001,0.9273,B,1589.9800,850.1600,1997.0000
21675,BUTTERFLIES STICKERS,1587.0400,1794,268,124,1013.6800,553.3800,10.2000,0.0064,0.0001,0.9274,B,1587.0400,553.3800,1998.0000
85170A,SET/6 IVORY BIRD T-LIGHT CANDLES,1585.0600,848,84,45,1582.9600,2.1000,51.5200,0.0315,0.0001,0.9274,B,1585.0600,2.1000,1999.0000
21867,PINK UNION JACK  LUGGAGE TAG,1582.8700,1160,288,122,1096.3700,463.0300,-0.0000,-0.0000,0.0001,0.9275,B,1582.8700,463.0300,2000.0000
85222,ASSORTED COLOUR SILK COSMETIC PURSE,1581.7800,1407,50,39,1581.7800,0.0000,2.7500,0.0017,0.0001,0.9276,B,1581.7800,0.0000,2001.0000
23369,SET 36 COLOUR PENCILS LOVE LONDON,1581.0600,1105,126,80,0.0000,1435.3300,-0.0000,-0.0000,0.0001,0.9277,B,1581.0600,1435.3300,2002.0000
22608,PENS ASSORTED FUNKY JEWELED,1580.6500,5771,170,75,459.1700,1087.1000,31.9300,0.0198,0.0001,0.9278,B,1580.6500,1087.1000,2003.0000
21099,SET/6 STRAWBERRY PAPER CUPS,1580.3400,13388,33,20,1580.3400,0.0000,78.0000,0.0470,0.0001,0.9278,B,1580.3400,0.0000,2004.0000
22705,WRAP GREEN PEARS,1578.3600,3758,151,114,777.0000,780.3600,10.5000,0.0066,0.0001,0.9279,B,1578.3600,780.3600,2005.0000
21282,NATURAL BARK CANDLE LARGE,1577.5300,369,69,49,1577.5300,0.0000,51.0000,0.0313,0.0001,0.9280,B,1577.5300,0.0000,2006.0000
79323B,BLACK CHERRY LIGHTS,1572.4500,243,58,35,1518.4500,54.0000,1557.2000,0.4976,0.0001,0.9281,B,1572.4500,54.0000,2007.0000
21631,HIPPY CHIC DECORATIVE PARASOL,1571.7500,221,54,38,675.7400,896.0100,-0.0000,-0.0000,0.0001,0.9282,B,1571.7500,896.0100,2008.0000
21092,SET/6 STRAWBERRY PAPER PLATES,1571.5000,12846,28,15,1571.5000,0.0000,20.4000,0.0128,0.0001,0.9282,B,1571.5000,0.0000,2009.0000
21289,LARGE STRIPES CHOCOLATE GIFT BAG,1570.5600,1430,102,52,861.8100,707.5000,25.0000,0.0157,0.0001,0.9283,B,1570.5600,707.5000,2010.0000
72803A,ROSE SCENT CANDLE JEWELLED DRAWER,1570.5000,728,97,61,839.5300,730.9700,17.0000,0.0107,0.0001,0.9284,B,1570.5000,730.9700,2011.0000
21579,LOLITA  DESIGN  COTTON TOTE BAG,1569.8500,1033,136,80,1155.6300,373.7200,38.2500,0.0238,0.0001,0.9285,B,1569.8500,373.7200,2012.0000
21925,UNION STRIPE CUSHION COVER,1567.3300,1205,167,100,1063.5800,498.7500,22.5000,0.0142,0.0001,0.9286,B,1567.3300,498.7500,2013.0000
15059A,ENGLISH ROSE EDWARDIAN PARASOL,1567.0000,509,4,1,1567.0000,0.0000,-0.0000,-0.0000,0.0001,0.9286,B,1567.0000,0.0000,2014.0000
84789,ENCHANTED BIRD PLANT CAGE,1565.8900,447,124,81,921.4200,644.4700,30.0000,0.0188,0.0001,0.9287,B,1565.8900,644.4700,2015.0000
21610,SET 12 PEAR BOTANICAL T-LIGHTS,1564.3200,549,97,72,1564.3200,0.0000,-0.0000,-0.0000,0.0001,0.9288,B,1564.3200,0.0000,2016.0000
85194L,HANGING SPRING FLOWER EGG LARGE,1562.3300,1820,147,93,738.5900,823.7400,28.0500,0.0176,0.0001,0.9289,B,1562.3300,823.7400,2017.0000
21972,SET OF 36 DINOSAUR PAPER DOILIES,1562.2700,1056,171,105,1063.1900,496.1600,2.9000,0.0019,0.0001,0.9290,B,1562.2700,496.1600,2018.0000
22681,FRENCH BLUE METAL DOOR SIGN 6,1562.0200,1169,189,79,588.8700,953.8700,14.8100,0.0094,0.0001,0.9290,B,1562.0200,953.8700,2019.0000
84536B,FAIRY CAKES NOTEBOOK A7 SIZE,1561.4900,3504,399,131,673.3500,883.1500,21.8400,0.0138,0.0001,0.9291,B,1561.4900,883.1500,2020.0000
21711,FOLDING UMBRELLA WHITE/RED POLKADOT,1560.6100,383,71,51,1047.5900,513.0200,-0.0000,-0.0000,0.0001,0.9292,B,1560.6100,513.0200,2021.0000
21276,TWO EMBOSSED HEART MINI DRAWERS,1558.9400,677,29,24,1558.9400,0.0000,76.2000,0.0466,0.0001,0.9293,B,1558.9400,0.0000,2022.0000
85036B,CHOCOLATE 1 WICK MORRIS BOX CANDLE,1558.1600,606,87,70,948.7300,609.4300,25.5000,0.0161,0.0001,0.9294,B,1558.1600,609.4300,2023.0000
23524,WALL ART HORSE & PONY,1557.6300,481,63,42,0.0000,1411.6200,22.5000,0.0142,0.0001,0.9294,B,1557.6300,1411.6200,2024.0000
20766,GARDEN PATH SKETCHBOOK,1555.9700,520,155,100,1054.9000,493.5700,15.0000,0.0095,0.0001,0.9295,B,1555.9700,493.5700,2025.0000
21399,BLUE POLKADOT COFFEE MUG,1555.1200,2390,118,76,680.8300,874.2900,45.3900,0.0284,0.0001,0.9296,B,1555.1200,874.2900,2026.0000
22786,CUSHION COVER PINK UNION JACK,1555.0500,249,92,62,790.4200,735.2300,-0.0000,-0.0000,0.0001,0.9297,B,1555.0500,735.2300,2027.0000
22982,PANTRY PASTRY BRUSH,1545.0200,1155,212,120,0.0000,1484.3700,30.0000,0.0190,0.0001,0.9298,B,1545.0200,1484.3700,2028.0000
16033,MINI HIGHLIGHTER PENS,1544.5200,15121,50,43,1443.7200,100.8000,57.6000,0.0360,0.0001,0.9298,B,1544.5200,100.8000,2029.0000
75131,METAL TUBE CHIME ON BAMBOO,1543.0300,1217,68,40,1013.8200,529.2100,-0.0000,-0.0000,0.0001,0.9299,B,1543.0300,529.2100,2030.0000
20735,BLACK MINI TAPE MEASURE,1540.2900,1515,202,30,914.4900,620.7000,-0.0000,-0.0000,0.0001,0.9300,B,1540.2900,620.7000,2031.0000
84795D,SEASIDE STRIPE HAMMOCK,1538.7900,189,83,53,1538.7900,0.0000,6.9500,0.0045,0.0001,0.9301,B,1538.7900,0.0000,2032.0000
22322,BIRD DECORATION GREEN POLKADOT,1538.4100,1629,272,77,790.6000,747.8100,12.7500,0.0082,0.0001,0.9301,B,1538.4100,747.8100,2033.0000
21146,ANTIQUE GLASS RIDGED HANGING BALL,1537.0700,801,58,47,1537.0700,0.0000,3.9000,0.0025,0.0001,0.9302,B,1537.0700,0.0000,2034.0000
20768,GREEN FERN JOURNAL,1536.7400,768,149,98,1095.6200,418.3100,-0.0000,-0.0000,0.0001,0.9303,B,1536.7400,418.3100,2035.0000
22340,NOEL GARLAND PAINTED ZINC,1535.9200,1824,184,81,743.6400,669.1800,19.0500,0.0123,0.0001,0.9304,B,1535.9200,669.1800,2036.0000
20986,BLUE CALCULATOR RULER,1534.7000,1220,204,94,701.2100,807.4000,-0.0000,-0.0000,0.0001,0.9305,B,1534.7000,807.4000,2037.0000
23267,SET OF 4 SANTA PLACE SETTINGS,1531.9500,1202,108,79,0.0000,1449.9300,60.0000,0.0377,0.0001,0.9305,B,1531.9500,1449.9300,2038.0000
72008,FROSTED BOX 9 WHITE T-LIGHT CANDLES,1531.8200,3820,215,134,1531.8200,0.0000,10.5000,0.0068,0.0001,0.9306,B,1531.8200,0.0000,2039.0000
23250,VINTAGE RED TRIM ENAMEL BOWL,1531.0300,1179,110,64,0.0000,1427.2800,141.8000,0.0848,0.0001,0.9307,B,1531.0300,1427.2800,2040.0000
22288,HANGING METAL RABBIT DECORATION,1528.4900,1312,119,75,910.2900,615.7000,-0.0000,-0.0000,0.0001,0.9308,B,1528.4900,615.7000,2041.0000
20902,VINTAGE KEEPSAKE BOX PARIS DAYS,1525.2200,206,116,11,838.3600,686.8600,-0.0000,-0.0000,0.0001,0.9308,B,1525.2200,686.8600,2042.0000
22337,ANGEL DECORATION PAINTED ZINC,1522.5200,2473,146,67,947.9800,571.9400,-0.0000,-0.0000,0.0001,0.9309,B,1522.5200,571.9400,2043.0000
22682,FRENCH BLUE METAL DOOR SIGN 7,1521.8600,1166,182,84,625.1100,857.3500,13.7500,0.0090,0.0001,0.9310,B,1521.8600,857.3500,2044.0000
21785,RAIN PONCHO,1520.5800,2012,100,71,1250.9700,269.6100,-0.0000,-0.0000,0.0001,0.9311,B,1520.5800,269.6100,2045.0000
21661,VINTAGE GLASS TEA CADDY,1517.2600,240,98,55,1499.4100,17.8500,35.2000,0.0227,0.0001,0.9312,B,1517.2600,17.8500,2046.0000
85177,BASKET OF FLOWERS SEWING KIT,1515.6300,1821,143,87,870.5700,632.8000,0.8500,0.0006,0.0001,0.9312,B,1515.6300,632.8000,2047.0000
21009,ETCHED GLASS STAR TREE DECORATION,1509.9900,1059,102,72,1508.7400,1.2500,18.7500,0.0123,0.0001,0.9313,B,1509.9900,1.2500,2048.0000
22137,BATHROOM SET LOVE HEART DESIGN,1508.2800,606,43,24,1270.3000,237.9800,8.8500,0.0058,0.0001,0.9314,B,1508.2800,237.9800,2049.0000
21634,ASSORTED MINI MADRAS NOTEBOOK,1507.7400,1771,69,42,1025.7900,481.9500,151.2500,0.0912,0.0001,0.9315,B,1507.7400,481.9500,2050.0000
21002,ROSE DU SUD DRAWSTRING BAG,1507.2200,417,184,25,1078.5600,428.6600,-0.0000,-0.0000,0.0001,0.9315,B,1507.2200,428.6600,2051.0000
23528,WALL ART SPACEBOY,1504.4900,479,50,30,0.0000,1463.4000,-0.0000,-0.0000,0.0001,0.9316,B,1504.4900,1463.4000,2052.0000
84526,GIANT BLACK SUNGLASSES,1503.6400,538,34,23,1503.6400,0.0000,-0.0000,-0.0000,0.0001,0.9317,B,1503.6400,0.0000,2053.0000
85159B,"WHITE TEA,COFFEE,SUGAR JARS",1503.5000,659,88,53,369.0000,1134.5000,92.8900,0.0582,0.0001,0.9318,B,1503.5000,1134.5000,2054.0000
21066,VINTAGE RED MUG,1503.4200,2291,131,81,808.7000,693.4700,15.0000,0.0099,0.0001,0.9318,B,1503.4200,693.4700,2055.0000
22683,FRENCH BLUE METAL DOOR SIGN 8,1501.6600,1131,190,88,630.1700,859.5900,15.0000,0.0099,0.0001,0.9319,B,1501.6600,859.5900,2056.0000
84510B,SET OF 4 FAIRY CAKES COASTERS,1501.0500,1187,147,71,1501.0500,0.0000,2.5000,0.0017,0.0001,0.9320,B,1501.0500,0.0000,2057.0000
23271,CHRISTMAS TABLE SILVER CANDLE SPIKE,1499.3800,1734,104,69,0.0000,1413.6600,-0.0000,-0.0000,0.0001,0.9321,B,1499.3800,1413.6600,2058.0000
85125,SMALL ROUND CUT GLASS CANDLESTICK,1499.3100,313,62,32,729.0200,770.2900,19.8000,0.0130,0.0001,0.9321,B,1499.3100,770.2900,2059.0000
22976,CIRCUS PARADE CHILDRENS EGG CUP,1496.5100,1152,149,81,76.2500,1385.3000,46.2500,0.0300,0.0001,0.9322,B,1496.5100,1385.3000,2060.0000
21199,PINK  HEART CONFETTI IN TUBE,1495.7000,1305,149,86,607.3700,868.5300,20.1600,0.0133,0.0001,0.9323,B,1495.7000,868.5300,2061.0000
22157,ANGEL DECORATION WITH LACE PADDED,1493.9000,1748,124,88,1313.7000,180.2000,81.6000,0.0518,0.0001,0.9324,B,1493.9000,180.2000,2062.0000
85160A,WHITE BIRD GARDEN DESIGN MUG,1493.7500,8816,32,20,1486.2500,7.5000,561.6000,0.2732,0.0001,0.9324,B,1493.7500,7.5000,2063.0000
21849,SILVER DIAMANTE PEN IN GIFT BOX,1493.4100,635,134,46,934.5800,543.9800,120.0000,0.0744,0.0001,0.9325,B,1493.4100,543.9800,2064.0000
84856L,LARGE TAHITI BEACH BAG,1492.2800,238,81,46,1474.4600,17.8200,-0.0000,-0.0000,0.0001,0.9326,B,1492.2800,17.8200,2065.0000
23334,IVORY WICKER HEART SMALL,1491.7500,2271,130,83,0.0000,1416.9900,-0.0000,-0.0000,0.0001,0.9327,B,1491.7500,1416.9900,2066.0000
21051,RIBBONS PURSE,1490.3600,756,127,79,1113.1600,347.8700,12.6000,0.0084,0.0001,0.9328,B,1490.3600,347.8700,2067.0000
23559,WOODLAND BUNNIES LOLLY MAKERS,1488.6500,652,124,69,0.0000,1264.6700,-0.0000,-0.0000,0.0001,0.9328,B,1488.6500,1264.6700,2068.0000
23392,SPACEBOY ROCKET LOLLY MAKERS,1485.4300,667,113,70,0.0000,1334.2500,49.9200,0.0325,0.0001,0.9329,B,1485.4300,1334.2500,2069.0000
21801,CHRISTMAS TREE DECORATION WITH BELL,1482.7800,3434,258,69,952.5200,530.2600,15.1200,0.0101,0.0001,0.9330,B,1482.7800,530.2600,2070.0000
21644,ASSORTED TUTTI FRUTTI HEART BOX,1482.7200,1104,137,72,1213.9700,268.7500,35.0000,0.0231,0.0001,0.9331,B,1482.7200,268.7500,2071.0000
84997a,CHILDRENS CUTLERY POLKADOT GREEN,1481.7800,178,81,0,603.0400,837.2900,-0.0000,-0.0000,0.0001,0.9331,B,1481.7800,837.2900,2072.0000
85198,ASSORTED FARMYARD ANIMALS IN BUCKET,1479.7000,3871,51,37,1405.1200,74.5800,-0.0000,-0.0000,0.0001,0.9332,B,1479.7000,74.5800,2073.0000
18098c,PORCELAIN BUTTERFLY OIL BURNER,1479.6100,292,135,0,1216.4900,263.1200,-0.0000,-0.0000,0.0001,0.9333,B,1479.6100,263.1200,2074.0000
22815,CARD PSYCHEDELIC APPLES,1478.6100,3457,340,111,354.7300,1078.1000,-0.0000,-0.0000,0.0001,0.9334,B,1478.6100,1078.1000,2075.0000
21851,LILAC DIAMANTE PEN IN GIFT BOX,1478.5100,629,149,34,1023.5200,446.7000,-0.0000,-0.0000,0.0001,0.9334,B,1478.5100,446.7000,2076.0000
21392,RED SPOTTY PUDDING BOWL,1478.1300,7545,48,32,1431.7400,46.3900,478.4400,0.2445,0.0001,0.9335,B,1478.1300,46.3900,2077.0000
79030G,"TUMBLER, NEW ENGLAND",1475.1900,1763,121,69,739.3600,735.8300,-0.0000,-0.0000,0.0001,0.9336,B,1475.1900,735.8300,2078.0000
84659A,WHITE TRAVEL ALARM CLOCK,1474.6100,590,224,55,798.3400,676.2700,7.6500,0.0052,0.0001,0.9337,B,1474.6100,676.2700,2079.0000
22915,ASSORTED BOTTLE TOP  MAGNETS,1474.5200,3281,194,116,68.1000,1286.4200,37.8000,0.0250,0.0001,0.9337,B,1474.5200,1286.4200,2080.0000
21198,WHITE HEART CONFETTI IN TUBE,1473.9500,1283,118,75,465.4800,988.6700,64.7100,0.0421,0.0001,0.9338,B,1473.9500,988.6700,2081.0000
21869,POTTING SHED COFFEE MUG,1473.3300,1267,111,82,1473.3300,0.0000,21.2500,0.0142,0.0001,0.9339,B,1473.3300,0.0000,2082.0000
21065,BOOM BOX SPEAKER GIRLS,1473.2100,611,118,44,300.7300,1094.7700,39.9100,0.0264,0.0001,0.9340,B,1473.2100,1094.7700,2083.0000
84616,SILVER ROCCOCO CHANDELIER,1472.6200,72,25,19,968.3000,504.3200,119.8000,0.0752,0.0001,0.9340,B,1472.6200,504.3200,2084.0000
22912,YELLOW COAT RACK PARIS FASHION,1471.0900,313,108,81,128.7000,1342.3900,29.7000,0.0198,0.0001,0.9341,B,1471.0900,1342.3900,2085.0000
20734,SILVER MINI TAPE MEASURE,1470.6200,1592,117,50,1199.4000,271.2200,0.8500,0.0006,0.0001,0.9342,B,1470.6200,271.2200,2086.0000
21410,COUNTRY COTTAGE  DOORSTOP GREEN,1466.7800,314,150,81,1458.3100,8.4700,4.2500,0.0029,0.0001,0.9343,B,1466.7800,8.4700,2087.0000
23034,DRAWER KNOB CERAMIC BLACK,1466.0700,991,88,57,0.0000,1442.7600,8.7000,0.0059,0.0001,0.9343,B,1466.0700,1442.7600,2088.0000
22393,PAPERWEIGHT VINTAGE COLLAGE,1464.4700,836,120,75,722.4900,632.3300,111.0000,0.0705,0.0001,0.9344,B,1464.4700,632.3300,2089.0000
23365,SET 12 COLOUR PENCILS LOVE LONDON,1464.3800,1859,169,107,0.0000,1417.8800,-0.0000,-0.0000,0.0001,0.9345,B,1464.3800,1417.8800,2090.0000
21317,GLASS SPHERE CANDLE STAND MEDIUM,1464.3000,359,74,56,774.7700,624.1300,15.8500,0.0107,0.0001,0.9345,B,1464.3000,624.1300,2091.0000
22052,VINTAGE CARAVAN GIFT WRAP,1460.5000,3525,128,105,1187.5000,273.0000,21.0000,0.0142,0.0001,0.9346,B,1460.5000,273.0000,2092.0000
23470,CARD HOLDER LOVE BIRD LARGE,1460.5000,232,84,70,0.0000,1404.2900,70.7000,0.0462,0.0001,0.9347,B,1460.5000,1404.2900,2092.0000
22929,SCHOOL DESK AND CHAIR,1459.7500,23,17,17,260.0000,1199.7500,195.0000,0.1178,0.0001,0.9348,B,1459.7500,1199.7500,2094.0000
85136C,RED SHARK HELICOPTER,1459.6400,180,122,70,1038.4600,381.4300,119.7700,0.0758,0.0001,0.9348,B,1459.6400,381.4300,2095.0000
22228,BUNNY WOODEN PAINTED WITH BIRD,1458.3000,1729,275,148,679.6700,767.3200,29.7500,0.0200,0.0001,0.9349,B,1458.3000,767.3200,2096.0000
21739,COSY SLIPPER SHOES SMALL GREEN,1457.7500,496,177,83,748.7700,651.9100,2.9500,0.0020,0.0001,0.9350,B,1457.7500,651.9100,2097.0000
85098B,BLUE FLYING SINGING CANARY,1456.9400,366,114,61,1456.9400,0.0000,154.1500,0.0957,0.0001,0.9351,B,1456.9400,0.0000,2098.0000
15056bl,EDWARDIAN PARASOL BLACK,1456.3200,116,87,0,369.4400,1024.5800,-0.0000,-0.0000,0.0001,0.9351,B,1456.3200,1024.5800,2099.0000
23086,ZINC  STAR T-LIGHT HOLDER,1455.1800,1228,47,31,0.0000,1407.8000,20.0000,0.0136,0.0001,0.9352,B,1455.1800,1407.8000,2100.0000
20733,GOLD MINI TAPE MEASURE,1454.7500,1930,294,67,496.6900,936.4600,216.0000,0.1293,0.0001,0.9353,B,1454.7500,936.4600,2101.0000
84637,KITCHEN FLOWER POTS WALL PLAQUE,1454.4900,585,114,28,834.9000,619.5900,-0.0000,-0.0000,0.0001,0.9354,B,1454.4900,619.5900,2102.0000
21822,GLITTER CHRISTMAS TREE WITH BELLS,1454.0400,1088,142,73,694.6000,640.9900,16.3900,0.0111,0.0001,0.9354,B,1454.0400,640.9900,2103.0000
22390,PAPERWEIGHT CHILDHOOD MEMORIES,1453.6200,815,83,56,1008.1800,416.8000,-0.0000,-0.0000,0.0001,0.9355,B,1453.6200,416.8000,2104.0000
85049a,TRADITIONAL CHRISTMAS RIBBONS,1451.2400,434,51,0,638.4000,694.4000,-0.0000,-0.0000,0.0001,0.9356,B,1451.2400,694.4000,2105.0000
85055,FRENCH ENAMEL UTENSIL HOLDER,1450.4400,361,107,62,1266.7300,183.7100,-0.0000,-0.0000,0.0001,0.9357,B,1450.4400,183.7100,2106.0000
22249,DECORATION WHITE CHICK MAGIC GARDEN,1449.9600,1654,243,126,623.5000,824.8300,3.4000,0.0023,0.0001,0.9357,B,1449.9600,824.8300,2107.0000
22287,"DECORATION , WOBBLY CHICKEN, METAL",1447.3000,1347,121,81,727.1400,719.7700,4.6800,0.0032,0.0001,0.9358,B,1447.3000,719.7700,2108.0000
23249,VINTAGE RED ENAMEL TRIM PLATE,1445.9000,854,81,57,0.0000,1427.7500,87.7100,0.0572,0.0001,0.9359,B,1445.9000,1427.7500,2109.0000
21159,MOODY BOY  DOOR HANGER,1445.7600,2106,250,146,843.5800,586.8000,34.6100,0.0234,0.0001,0.9360,B,1445.7600,586.8000,2110.0000
35637A,IVORY STRING CURTAIN WITH POLE,1445.0500,551,53,41,1004.4300,440.6200,5.9500,0.0041,0.0001,0.9360,B,1445.0500,440.6200,2111.0000
84313C,ORANGE TV TRAY TABLE,1442.3900,548,73,29,276.4800,1165.9100,-0.0000,-0.0000,0.0001,0.9361,B,1442.3900,1165.9100,2112.0000
84596G,SMALL CHOCOLATES PINK BOWL,1441.6000,2228,348,118,491.6800,932.7900,-0.0000,-0.0000,0.0001,0.9362,B,1441.6000,932.7900,2113.0000
22817,CARD SUKI BIRTHDAY,1439.9400,3404,355,104,325.1300,1082.8900,-0.0000,-0.0000,0.0001,0.9362,B,1439.9400,1082.8900,2114.0000
21807,WHITE CHRISTMAS STAR DECORATION,1438.4100,3263,172,114,1248.9900,189.4200,0.8400,0.0006,0.0001,0.9363,B,1438.4100,189.4200,2115.0000
20761,BLUE PAISLEY SKETCHBOOK,1437.4600,462,146,93,920.2400,502.2200,15.0000,0.0103,0.0001,0.9364,B,1437.4600,502.2200,2116.0000
22093,MOTORING TISSUE BOX,1436.8200,2355,275,179,612.7400,801.8500,53.1600,0.0357,0.0001,0.9365,B,1436.8200,801.8500,2117.0000
22316,200 BENDY SKULL STRAWS,1435.3200,1259,119,62,691.7000,739.8700,1.2500,0.0009,0.0001,0.9365,B,1435.3200,739.8700,2118.0000
22396,MAGNETS PACK OF 4 RETRO PHOTO,1432.3900,1902,184,122,797.9600,612.0800,15.0000,0.0104,0.0001,0.9366,B,1432.3900,612.0800,2119.0000
23527,WALL ART ANIMALS AND NATURE,1432.3100,421,48,40,0.0000,1372.3100,26.2500,0.0180,0.0001,0.9367,B,1432.3100,1372.3100,2120.0000
35965,FOLKART HEART NAPKIN RINGS,1429.5300,631,174,62,878.4000,551.1300,18.9600,0.0131,0.0001,0.9368,B,1429.5300,551.1300,2121.0000
15034,PAPER POCKET TRAVELING FAN,1428.0200,10237,255,123,588.0000,838.3600,116.0600,0.0752,0.0001,0.9368,B,1428.0200,838.3600,2122.0000
21292,SMALL STRIPES CHOCOLATE GIFT BAG,1427.1100,2449,91,69,832.6000,576.2700,13.6000,0.0094,0.0001,0.9369,B,1427.1100,576.2700,2123.0000
20801,LARGE PINK GLASS SUNDAE DISH,1427.1000,1094,111,61,269.3000,1157.8000,24.0000,0.0165,0.0001,0.9370,B,1427.1000,1157.8000,2124.0000
85167B,BLACK GRAND BAROQUE PHOTO FRAME,1426.3400,692,59,38,1316.4000,109.9400,-0.0000,-0.0000,0.0001,0.9370,B,1426.3400,109.9400,2125.0000
21532,DAIRY MAID SUGAR JAM BOWL,1423.9100,1389,90,58,1423.9100,0.0000,33.6000,0.0231,0.0001,0.9371,B,1423.9100,0.0000,2126.0000
22545,MINI JIGSAW BUNNIES,1422.7400,3455,184,106,986.6500,400.3300,20.5800,0.0143,0.0001,0.9372,B,1422.7400,400.3300,2127.0000
35004G,SET OF 3 GOLD FLYING DUCKS,1419.5100,359,76,46,964.8600,405.9000,22.5900,0.0157,0.0001,0.9373,B,1419.5100,405.9000,2128.0000
20840,FRENCH FLORAL CUSHION COVER,1419.0900,885,93,50,786.7700,590.1500,365.8500,0.2050,0.0001,0.9373,B,1419.0900,590.1500,2129.0000
85071A,BLUE CHARLIE+LOLA PERSONAL DOORSIGN,1418.6400,1908,147,106,835.4100,578.1600,448.4000,0.2402,0.0001,0.9374,B,1418.6400,578.1600,2130.0000
22819,"BIRTHDAY CARD, RETRO SPOT",1418.1200,3351,331,125,313.3100,1073.3100,-0.0000,-0.0000,0.0001,0.9375,B,1418.1200,1073.3100,2131.0000
47503A,ASS FLORAL PRINT MULTI SCREWDRIVER,1416.8400,2878,195,146,152.6400,1264.2000,25.0800,0.0174,0.0001,0.9375,B,1416.8400,1264.2000,2132.0000
21395,BLUE POLKADOT BEAKER,1415.6400,2980,115,79,274.2400,1141.4000,23.4000,0.0163,0.0001,0.9376,B,1415.6400,1141.4000,2133.0000
23104,IVORY CAFE HANGING LAMP,1405.4200,118,46,38,0.0000,1317.9200,-0.0000,-0.0000,0.0001,0.9377,B,1405.4200,1317.9200,2134.0000
21828,EIGHT PIECE SNAKE  SET,1402.8700,1110,180,107,963.3300,408.4100,-0.0000,-0.0000,0.0001,0.9378,B,1402.8700,408.4100,2135.0000
23119,PACK OF 6 LARGE FRUIT STRAWS,1402.3200,2283,151,97,0.0000,1379.9100,22.3200,0.0157,0.0001,0.9378,B,1402.3200,1379.9100,2136.0000
23055,IVORY CHANDELIER T-LIGHT HOLDER,1401.4300,658,38,33,0.0000,1401.4300,690.7200,0.3301,0.0001,0.9379,B,1401.4300,1401.4300,2137.0000
21358,TOAST ITS - HAPPY BIRTHDAY,1399.9600,1130,222,130,905.4200,486.6500,1.2500,0.0009,0.0001,0.9380,B,1399.9600,486.6500,2138.0000
21910,WAY OUT METAL SIGN,1398.1800,1066,111,84,1338.7800,59.4000,-0.0000,-0.0000,0.0001,0.9380,B,1398.1800,59.4000,2139.0000
22756,LARGE YELLOW BABUSHKA NOTEBOOK,1395.9500,1206,215,124,739.4300,571.7100,15.0000,0.0106,0.0001,0.9381,B,1395.9500,571.7100,2140.0000
22685,FRENCH BLUE METAL DOOR SIGN 0,1395.8400,1082,160,82,615.0400,766.4400,12.5000,0.0089,0.0001,0.9382,B,1395.8400,766.4400,2141.0000
23040,PAPER LANTERN 9 POINT SNOW STAR,1394.0300,253,41,33,0.0000,1249.8900,-0.0000,-0.0000,0.0001,0.9383,B,1394.0300,1249.8900,2142.0000
47503K,ASSORTED FLORAL SECATEURS,1393.3400,3179,42,29,1393.3400,0.0000,4.7500,0.0034,0.0001,0.9383,B,1393.3400,0.0000,2143.0000
85087,CANDY SPOT CUSHION COVER,1392.6400,420,146,21,262.6500,1129.9900,5.9000,0.0042,0.0001,0.9384,B,1392.6400,1129.9900,2144.0000
22917,HERB MARKER ROSEMARY,1391.2000,2003,252,138,46.4300,1303.1400,7.8000,0.0056,0.0001,0.9385,B,1391.2000,1303.1400,2145.0000
85017B,ENVELOPE 50 BLOSSOM IMAGES,1390.3900,2231,317,98,790.1000,600.2900,10.2000,0.0073,0.0001,0.9385,B,1390.3900,600.2900,2146.0000
21011,GLITTER SNOW PEAR TREE DECORATION,1389.7500,1851,118,84,1360.7500,29.0000,4.3500,0.0031,0.0001,0.9386,B,1389.7500,29.0000,2147.0000
23376,PACK OF 12 VINTAGE CHRISTMAS TISSUE,1389.5900,3051,155,104,0.0000,1300.7400,9.3600,0.0067,0.0001,0.9387,B,1389.5900,1300.7400,2148.0000
85169A,IVORY LOVE BIRD CANDLE,1389.5700,1255,151,79,576.5500,801.9300,15.0000,0.0107,0.0001,0.9388,B,1389.5700,801.9300,2149.0000
22250,DECORATION  BUTTERFLY  MAGIC GARDEN,1387.2100,1526,257,98,654.5600,729.3900,3.4000,0.0024,0.0001,0.9388,B,1387.2100,729.3900,2150.0000
84562A,PINK/WHITE RIBBED MELAMINE JUG,1386.2100,170,78,48,1362.3600,23.8500,7.9500,0.0057,0.0001,0.9389,B,1386.2100,23.8500,2151.0000
22339,CHRISTMAS TREE PAINTED ZINC,1386.1100,3522,145,86,702.8000,683.3100,81.9300,0.0558,0.0001,0.9390,B,1386.1100,683.3100,2152.0000
22984,CARD GINGHAM ROSE,1385.8500,3385,214,115,279.6800,1090.2200,-0.0000,-0.0000,0.0001,0.9390,B,1385.8500,1090.2200,2153.0000
90200D,PINK SWEETHEART BRACELET,1385.0100,330,150,41,655.4400,640.9200,12.7500,0.0091,0.0001,0.9391,B,1385.0100,640.9200,2154.0000
84396,6 HOOK JEWELLERY STAND BLACK DRESS,1380.5200,552,49,22,1380.5200,0.0000,-0.0000,-0.0000,0.0001,0.9392,B,1380.5200,0.0000,2155.0000
23414,ZINC BOX SIGN HOME,1378.7500,141,64,58,0.0000,1378.7500,39.8000,0.0281,0.0001,0.9392,B,1378.7500,1378.7500,2156.0000
35962,12 ASS ZINC CHRISTMAS DECORATIONS,1376.9800,593,92,52,1376.9800,0.0000,2.1000,0.0015,0.0001,0.9393,B,1376.9800,0.0000,2157.0000
23546,WRAP PAISLEY PARK,1375.5000,3275,120,106,0.0000,1302.0000,-0.0000,-0.0000,0.0001,0.9394,B,1375.5000,1302.0000,2158.0000
21277,FRENCH STYLE EMBOSSED HEART CABINET,1375.2400,57,48,36,803.8100,571.4300,87.8000,0.0600,0.0001,0.9395,B,1375.2400,571.4300,2159.0000
20866,BLUE ROSE FABRIC MIRROR,1372.6600,1283,191,76,661.7100,686.3100,127.2000,0.0848,0.0001,0.9395,B,1372.6600,686.3100,2160.0000
84819,DANISH ROSE ROUND SEWING BOX,1372.5100,909,95,82,420.7200,758.8100,17.0000,0.0122,0.0001,0.9396,B,1372.5100,758.8100,2161.0000
20704,MR ROBOT SOFT TOY,1371.4200,361,80,60,673.7200,607.5000,27.8000,0.0199,0.0001,0.9397,B,1371.4200,607.5000,2162.0000
21530,DAIRY MAID TOASTRACK,1370.4100,962,162,99,600.8400,761.4100,57.0400,0.0400,0.0001,0.9397,B,1370.4100,761.4100,2163.0000
84685,BEACH HUT KEY CABINET,1369.9200,436,125,46,1192.5900,177.3300,8.7500,0.0063,0.0001,0.9398,B,1369.9200,177.3300,2164.0000
46776B,WOVEN BERRIES CUSHION COVER,1369.2300,428,153,16,689.5600,611.9500,-0.0000,-0.0000,0.0001,0.9399,B,1369.2300,611.9500,2165.0000
23000,TRAVEL CARD WALLET TRANSPORT,1369.1200,3171,278,125,0.0000,1319.3200,16.3800,0.0118,0.0001,0.9399,B,1369.1200,1319.3200,2166.0000
21209,MULTICOLOUR HONEYCOMB FAN,1368.0400,1476,137,66,481.8000,870.2500,38.0300,0.0270,0.0001,0.9400,B,1368.0400,870.2500,2167.0000
21684,SMALL MEDINA STAMPED METAL BOWL,1367.8100,1708,104,65,745.5100,609.6400,11.0500,0.0080,0.0001,0.9401,B,1367.8100,609.6400,2168.0000
35599D,PINK AND WHITE CHRISTMAS TREE 120CM,1366.4800,406,103,23,813.4100,432.1200,17.7000,0.0128,0.0001,0.9402,B,1366.4800,432.1200,2169.0000
22916,HERB MARKER THYME,1365.3300,1965,249,135,49.1700,1270.3000,7.8000,0.0057,0.0001,0.9402,B,1365.3300,1270.3000,2170.0000
84665,SQUARE CHERRY BLOSSOM CABINET,1364.7000,226,47,25,739.9500,624.7500,154.7000,0.1018,0.0001,0.9403,B,1364.7000,624.7500,2171.0000
23221,REINDEER HEART DECORATION SILVER,1363.8700,1537,145,85,0.0000,1248.5700,48.1400,0.0341,0.0001,0.9404,B,1363.8700,1248.5700,2172.0000
35649,VINTAGE BEAD COSMETIC BAG,1362.9000,1826,53,20,1206.0500,144.5500,-0.0000,-0.0000,0.0001,0.9404,B,1362.9000,144.5500,2173.0000
21285,RETROSPOT CANDLE  MEDIUM,1362.6200,1007,99,56,948.7400,324.5700,66.0000,0.0462,0.0001,0.9405,B,1362.6200,324.5700,2174.0000
22269,EGG CUP NATURAL CHICKEN,1360.2000,1523,204,107,737.4600,605.3400,31.2500,0.0225,0.0001,0.9406,B,1360.2000,605.3400,2175.0000
84965B,BLUE KASHMIRI COFFEE TABLE,1359.9500,27,4,3,1359.9500,0.0000,-0.0000,-0.0000,0.0001,0.9406,B,1359.9500,0.0000,2176.0000
85141,JARDIN ETCHED GLASS FRUITBOWL,1355.9900,191,71,57,720.2500,635.7400,62.0500,0.0438,0.0001,0.9407,B,1355.9900,635.7400,2177.0000
23469,CARD HOLDER LOVE BIRD SMALL,1355.2400,332,72,61,0.0000,1280.5900,16.6000,0.0121,0.0001,0.9408,B,1355.2400,1280.5900,2178.0000
23061,VINTAGE EMBOSSED HEART,1355.1800,1033,117,76,0.0000,1320.2600,3.7500,0.0028,0.0001,0.9408,B,1355.1800,1320.2600,2179.0000
22050,PINK PAISLEY ROSE GIFT WRAP,1354.0000,3300,115,100,855.5000,488.0000,21.0000,0.0153,0.0001,0.9409,B,1354.0000,488.0000,2180.0000
84466,TOP SECRET PEN SET,1352.1100,1259,73,34,1294.6100,57.5000,391.8500,0.2247,0.0001,0.9410,B,1352.1100,57.5000,2181.0000
17129D,CLEAR COLOUR GLASS GEMS IN BAG,1351.1800,1125,39,12,1351.1800,0.0000,-0.0000,-0.0000,0.0001,0.9410,B,1351.1800,0.0000,2182.0000
21059,PARTY INVITES DINOSAURS,1349.4100,1597,221,158,821.1800,520.7200,20.4000,0.0149,0.0001,0.9411,B,1349.4100,520.7200,2183.0000
21738,COSY SLIPPER SHOES SMALL  RED,1346.2300,430,131,89,1195.7500,150.4800,14.7500,0.0108,0.0001,0.9412,B,1346.2300,150.4800,2184.0000
22684,FRENCH BLUE METAL DOOR SIGN 9,1344.9400,1014,162,81,616.3700,714.2100,16.2500,0.0119,0.0001,0.9413,B,1344.9400,714.2100,2185.0000
20780,BLACK EAR MUFF HEADPHONES,1344.9400,233,98,35,1026.7500,296.6100,5.4900,0.0041,0.0001,0.9413,B,1344.9400,296.6100,2185.0000
20762,GREEN FERN SKETCHBOOK,1343.7900,458,136,88,923.7100,416.3300,15.0000,0.0110,0.0001,0.9414,B,1343.7900,416.3300,2187.0000
16235,RECYCLED PENCIL WITH RABBIT ERASER,1341.7200,5864,310,124,638.7600,686.1600,27.9300,0.0204,0.0001,0.9415,B,1341.7200,686.1600,2188.0000
22924,FRIDGE MAGNETS LA VIE EN ROSE,1338.7200,1518,95,69,168.8200,1020.5000,240.2500,0.1522,0.0001,0.9415,B,1338.7200,1020.5000,2189.0000
21190,PINK HEARTS PAPER GARLAND,1337.5900,806,111,71,1092.3900,245.2000,111.6500,0.0770,0.0001,0.9416,B,1337.5900,245.2000,2190.0000
23538,WALL ART VINTAGE HEART,1334.4900,332,32,25,0.0000,1313.8000,-0.0000,-0.0000,0.0001,0.9417,B,1334.4900,1313.8000,2191.0000
20993,JAZZ HEARTS MEMO PAD,1334.1100,10967,32,23,1334.1100,0.0000,-0.0000,-0.0000,0.0001,0.9417,B,1334.1100,0.0000,2192.0000
85032D,YULETIDE IMAGES GIFT WRAP SET,1333.9800,1151,133,89,772.6400,561.3400,7.8000,0.0058,0.0001,0.9418,B,1333.9800,561.3400,2193.0000
21580,RABBIT  DESIGN  COTTON TOTE BAG,1331.8800,543,172,76,887.8100,439.1100,13.5000,0.0100,0.0001,0.9419,B,1331.8800,439.1100,2194.0000
20933,YELLOW POT PLANT CANDLE,1329.4900,505,52,38,1258.4400,68.1000,-0.0000,-0.0000,0.0001,0.9419,B,1329.4900,68.1000,2195.0000
20893,HANGING BAUBLE T-LIGHT HOLDER SMALL,1328.9900,567,76,41,717.4200,487.6700,234.4500,0.1500,0.0001,0.9420,B,1328.9900,487.6700,2196.0000
22051,BLUE SCANDINAVIAN PAISLEY WRAP,1328.0000,3200,116,95,908.0000,420.0000,-0.0000,-0.0000,0.0001,0.9421,B,1328.0000,420.0000,2197.0000
21926,RED/CREAM STRIPE CUSHION COVER,1327.7700,1011,147,90,817.8700,499.9000,32.5000,0.0239,0.0001,0.9421,B,1327.7700,499.9000,2198.0000
21775,DECORATIVE FLORE BATHROOM BOTTLE,1327.5400,875,277,63,610.6800,707.0200,5.0000,0.0038,0.0001,0.9422,B,1327.5400,707.0200,2199.0000
22918,HERB MARKER PARSLEY,1326.7600,1931,249,135,48.1600,1232.7400,7.8000,0.0058,0.0001,0.9423,B,1326.7600,1232.7400,2200.0000
22923,FRIDGE MAGNETS LES ENFANTS ASSORTED,1325.0900,1595,90,70,184.1200,1013.7700,134.0000,0.0918,0.0001,0.9423,B,1325.0900,1013.7700,2201.0000
85032A,ROMANTIC IMAGES GIFT WRAP SET,1324.1600,1442,161,103,547.0200,763.4800,-0.0000,-0.0000,0.0001,0.9424,B,1324.1600,763.4800,2202.0000
85071B,RED CHARLIE+LOLA PERSONAL DOORSIGN,1323.7200,2352,165,123,634.8100,672.5300,5.9000,0.0044,0.0001,0.9425,B,1323.7200,672.5300,2203.0000
47593B,SCOTTIE DOGS BABY BIB,1322.2400,2342,356,89,376.1100,853.8200,-0.0000,-0.0000,0.0001,0.9425,B,1322.2400,853.8200,2204.0000
85200,BUNNY EGG BOX,1321.5900,1047,105,81,1092.8400,228.7500,15.0000,0.0112,0.0001,0.9426,B,1321.5900,228.7500,2205.0000
23405,HOME SWEET HOME 2 DRAWER CABINET,1321.3800,254,70,54,0.0000,1188.2300,4.9500,0.0037,0.0001,0.9427,B,1321.3800,1188.2300,2206.0000
22701,PINK DOG BOWL,1320.5700,675,158,65,397.6800,813.1100,43.0000,0.0315,0.0001,0.9427,B,1320.5700,813.1100,2207.0000
22232,JIGSAW TOADSTOOLS 3 PIECE,1318.9900,1109,158,96,714.5300,575.5500,71.2200,0.0512,0.0001,0.9428,B,1318.9900,575.5500,2208.0000
85135C,RED DRAGONFLY HELICOPTER,1317.9200,162,111,57,461.5400,760.9800,15.9000,0.0119,0.0001,0.9429,B,1317.9200,760.9800,2209.0000
21945,STRAWBERRIES  DESIGN FLANNEL,1317.3000,1874,240,61,943.9600,361.5400,0.8500,0.0006,0.0001,0.9429,B,1317.3000,361.5400,2210.0000
20798,CLEAR MILKSHAKE GLASS,1316.5500,555,83,35,1240.9500,75.6000,140.2500,0.0963,0.0001,0.9430,B,1316.5500,75.6000,2211.0000
21219,SET/4 BADGES BALLOON GIRL,1315.7700,1023,176,77,753.9300,550.7500,12.5000,0.0094,0.0001,0.9431,B,1315.7700,550.7500,2212.0000
22977,DOLLY GIRL CHILDRENS EGG CUP,1315.1100,1000,140,101,61.2500,1240.3100,1.2500,0.0009,0.0001,0.9431,B,1315.1100,1240.3100,2213.0000
20760,GARDEN PATH POCKET BOOK,1314.5100,5551,81,47,1255.8600,58.6500,-0.0000,-0.0000,0.0001,0.9432,B,1314.5100,58.6500,2214.0000
84688,BEACH HUT DESIGN BLACKBOARD,1313.5200,422,81,39,1110.4500,203.0700,155.0500,0.1056,0.0001,0.9433,B,1313.5200,203.0700,2215.0000
23373,VINTAGE CHRISTMAS PAPER GIFT BAG,1313.3900,1608,100,86,0.0000,1246.3900,-0.0000,-0.0000,0.0001,0.9433,B,1313.3900,1246.3900,2216.0000
22481,BLACK TEA TOWEL CLASSIC DESIGN,1313.0900,1276,219,132,565.0100,688.9500,-0.0000,-0.0000,0.0001,0.9434,B,1313.0900,688.9500,2217.0000
35598D,PINK/WHITE CHRISTMAS TREE 60CM,1312.2000,1727,103,43,819.1900,461.8100,0.6500,0.0005,0.0001,0.9435,B,1312.2000,461.8100,2218.0000
21248,DOOR HANGER  MUM + DADS ROOM,1309.7000,1050,158,106,978.9800,310.4200,33.1600,0.0247,0.0001,0.9435,B,1309.7000,310.4200,2219.0000
21842,PINK HEART CANDY BUTTON CALCULATOR,1308.7400,551,47,32,1308.7400,0.0000,-0.0000,-0.0000,0.0001,0.9436,B,1308.7400,0.0000,2220.0000
84569D,PACK 6 HEART/ICE-CREAM PATCHES,1306.2900,1038,179,82,744.4200,559.4100,1.2500,0.0010,0.0001,0.9437,B,1306.2900,559.4100,2221.0000
22893,MINI CAKE STAND T-LIGHT HOLDER,1306.0900,2721,182,70,375.0700,919.6800,8.8200,0.0067,0.0001,0.9437,B,1306.0900,919.6800,2222.0000
72818,CHRISTMAS DECOUPAGE CANDLE,1305.2300,2420,127,82,483.2500,821.9800,25.9200,0.0195,0.0001,0.9438,B,1305.2300,821.9800,2223.0000
20738,GREEN MINI TAPE MEASURE,1301.7200,1610,74,46,1301.7200,0.0000,-0.0000,-0.0000,0.0001,0.9439,B,1301.7200,0.0000,2224.0000
85170D,SET/6 PINK BIRD T-LIGHT CANDLES,1296.3600,723,151,48,499.3700,759.8200,12.2000,0.0093,0.0001,0.9439,B,1296.3600,759.8200,2225.0000
79191C,RETRO PLASTIC ELEPHANT TRAY,1296.3100,1622,157,107,483.7800,781.9300,245.6500,0.1593,0.0001,0.9440,B,1296.3100,781.9300,2226.0000
22258,FELT FARM ANIMAL RABBIT,1294.8000,1345,131,69,550.9100,743.8900,68.7500,0.0504,0.0001,0.9441,B,1294.8000,743.8900,2227.0000
22105,MIRROR MOSAIC GOBLET CANDLE HOLDER,1294.7000,692,55,23,446.8800,835.4300,232.2500,0.1521,0.0001,0.9441,B,1294.7000,835.4300,2228.0000
22097,SWALLOW SQUARE TISSUE BOX,1293.9300,2082,242,158,554.3600,652.6000,15.1500,0.0116,0.0001,0.9442,B,1293.9300,652.6000,2229.0000
22267,EASTER DECORATION EGG BUNNY,1292.7200,1473,117,91,619.5500,654.0600,3.7500,0.0029,0.0001,0.9443,B,1292.7200,654.0600,2230.0000
22181,SNOWSTORM PHOTO FRAME FRIDGE MAGNET,1291.3800,1538,138,85,790.4700,500.9100,35.7000,0.0269,0.0001,0.9443,B,1291.3800,500.9100,2231.0000
17091A,LAVENDER INCENSE IN TIN,1290.0200,2089,117,78,1190.7300,99.2900,-0.0000,-0.0000,0.0001,0.9444,B,1290.0200,99.2900,2232.0000
21880,RED RETROSPOT TAPE,1289.8300,2483,329,123,431.0500,848.4200,15.6000,0.0120,0.0001,0.9445,B,1289.8300,848.4200,2233.0000
85006,SET 4 NURSERY DES ROUND BOXES,1289.3100,3049,37,32,1232.0600,57.2500,564.4000,0.3045,0.0001,0.9445,B,1289.3100,57.2500,2234.0000
84609,TALL ROCOCO CANDLE HOLDER,1289.2400,143,38,23,518.6500,736.5900,17.0000,0.0130,0.0001,0.9446,B,1289.2400,736.5900,2235.0000
85025C,PINK HEART SHAPE PHOTO FRAME,1287.5600,721,125,73,765.0000,522.5600,3.3000,0.0026,0.0001,0.9447,B,1287.5600,522.5600,2236.0000
72800B,4 PURPLE FLOCK DINNER CANDLES,1284.4300,988,91,52,993.6300,252.0900,5.1000,0.0040,0.0001,0.9447,B,1284.4300,252.0900,2237.0000
82613D,METAL SIGN CUPCAKE SINGLE HOOK,1284.3600,1188,271,98,748.8700,534.2400,8.4000,0.0065,0.0001,0.9448,B,1284.3600,534.2400,2238.0000
46776A,WOVEN BUBBLE GUM CUSHION COVER,1283.2300,406,121,19,631.2800,569.3500,-0.0000,-0.0000,0.0001,0.9449,B,1283.2300,569.3500,2239.0000
46775E,CANDY POP CHUNKY KNITTED THROW,1282.9000,101,51,8,1282.9000,0.0000,-0.0000,-0.0000,0.0001,0.9449,B,1282.9000,0.0000,2240.0000
22543,MINI JIGSAW BAKE A CAKE,1282.3300,3249,118,72,750.6900,507.0600,-0.0000,-0.0000,0.0001,0.9450,B,1282.3300,507.0600,2241.0000
85231G,ORANGE SCENTED SET/9 T-LIGHTS,1281.3100,1474,253,139,780.0400,501.2700,18.7000,0.0144,0.0001,0.9450,B,1281.3100,501.2700,2242.0000
22999,TRAVEL CARD WALLET VINTAGE LEAF,1280.3100,2960,222,108,0.0000,1222.4800,1.2600,0.0010,0.0001,0.9451,B,1280.3100,1222.4800,2243.0000
20765,CHRYSANTHEMUM SKETCHBOOK,1280.0600,446,146,96,856.5100,416.0900,18.7500,0.0144,0.0001,0.9452,B,1280.0600,416.0900,2244.0000
22214,CANDLE PLATE LACE WHITE,1279.7900,549,92,43,863.1900,391.8900,-0.0000,-0.0000,0.0001,0.9452,B,1279.7900,391.8900,2245.0000
84816,DANISH ROSE BEDSIDE CABINET,1278.3500,33,20,18,759.0000,519.3500,340.6000,0.2104,0.0001,0.9453,B,1278.3500,519.3500,2246.0000
22268,EASTER DECORATION SITTING BUNNY,1278.0900,2562,236,117,474.0500,804.0400,19.3100,0.0149,0.0001,0.9454,B,1278.0900,804.0400,2247.0000
16225,RATTLE SNAKE EGGS,1275.4100,1523,165,90,583.5600,623.7200,-0.0000,-0.0000,0.0001,0.9454,B,1275.4100,623.7200,2248.0000
21425,SKULLS STORAGE BOX LARGE,1274.9300,505,95,41,954.4400,302.7900,91.4500,0.0669,0.0001,0.9455,B,1274.9300,302.7900,2249.0000
21759,METAL WALL SHELF UNIT WITH HOOKS,1274.4700,30,13,11,1274.4700,0.0000,-0.0000,-0.0000,0.0001,0.9456,B,1274.4700,0.0000,2250.0000
47591d,PINK FAIRY CAKE CHILDRENS APRON,1274.3800,253,72,0,602.1400,672.2400,-0.0000,-0.0000,0.0001,0.9456,B,1274.3800,672.2400,2251.0000
23072,MARIE ANTOINETTE TRINKET BOX SILVER,1273.7600,334,30,21,0.0000,1273.7600,384.0000,0.2316,0.0001,0.9457,B,1273.7600,1273.7600,2252.0000
35648,VINTAGE BEAD PINK PURSE,1272.5900,1043,143,48,204.2700,1051.1600,20.7500,0.0160,0.0001,0.9458,B,1272.5900,1051.1600,2253.0000
21689,SILVER VANILLA  FLOWER CANDLE POT,1271.8700,343,60,49,902.0000,347.3700,-0.0000,-0.0000,0.0001,0.9458,B,1271.8700,347.3700,2254.0000
21549,CERAMIC BIRDHOUSE RED ROOF SMALL,1270.3900,547,51,36,1270.3900,0.0000,20.6500,0.0160,0.0001,0.9459,B,1270.3900,0.0000,2255.0000
85163B,BLACK BAROQUE WALL CLOCK,1268.6600,115,66,26,484.9800,758.7200,12.7500,0.0099,0.0001,0.9460,B,1268.6600,758.7200,2256.0000
20777,CHRYSANTHEMUM NOTEBOOK,1262.7000,3660,169,78,980.2100,259.6700,4.9500,0.0039,0.0001,0.9460,B,1262.7000,259.6700,2257.0000
22062,CERAMIC BOWL WITH LOVE HEART DESIGN,1261.1500,769,126,68,579.1400,682.0100,7.9300,0.0062,0.0001,0.9461,B,1261.1500,682.0100,2258.0000
22290,STANDING METAL RABBIT WITH EGG,1260.8200,688,78,60,1260.8200,0.0000,2.1000,0.0017,0.0001,0.9461,B,1260.8200,0.0000,2259.0000
35957,SMALLFOLKART BAUBLE CHRISTMAS DEC,1259.9400,3577,148,51,898.1300,361.8100,19.9200,0.0156,0.0001,0.9462,B,1259.9400,361.8100,2260.0000
21752,GLASS CAKE STAND MIRRORED BASE,1259.7600,78,37,28,1259.7600,0.0000,104.6500,0.0767,0.0001,0.9463,B,1259.7600,0.0000,2261.0000
77101A,UNION FLAG WINDSOCK,1258.4700,1084,88,55,830.2800,428.1900,-0.0000,-0.0000,0.0001,0.9463,B,1258.4700,428.1900,2262.0000
22919,HERB MARKER MINT,1258.0400,1804,248,136,33.5800,1187.3800,7.8000,0.0062,0.0001,0.9464,B,1258.0400,1187.3800,2263.0000
40003,WHITE BAMBOO RIBS LAMPSHADE,1257.0200,1150,60,34,1077.7900,179.2300,17.1000,0.0134,0.0001,0.9465,B,1257.0200,179.2300,2264.0000
21063,PARTY INVITES JAZZ HEARTS,1256.2700,1456,238,143,797.9600,443.9300,3.4000,0.0027,0.0001,0.9465,B,1256.2700,443.9300,2265.0000
21145,ANTIQUE GLASS PLACE SETTING,1256.2100,869,49,34,1103.7100,152.5000,16.2500,0.0128,0.0001,0.9466,B,1256.2100,152.5000,2266.0000
23511,EMBROIDERED RIBBON REEL EMILY,1256.1700,573,98,83,0.0000,1208.4500,10.4000,0.0082,0.0001,0.9467,B,1256.1700,1208.4500,2267.0000
23071,MARIE ANTOINETTE TRINKET BOX GOLD,1255.1000,319,19,16,0.0000,1255.1000,434.0000,0.2569,0.0001,0.9467,B,1255.1000,1255.1000,2268.0000
20825,GOLD WINE GLASS,1255.0800,361,7,5,1255.0800,0.0000,22.5000,0.0176,0.0001,0.9468,B,1255.0800,0.0000,2269.0000
22280,POCKET BAG PINK PAISELY BROWN SPOT,1254.5900,881,158,79,743.7500,494.8300,-0.0000,-0.0000,0.0001,0.9468,B,1254.5900,494.8300,2270.0000
20731,POSY CANDY BAG,1252.9200,4142,73,40,1142.9600,109.9600,58.3000,0.0445,0.0001,0.9469,B,1252.9200,109.9600,2271.0000
84967B,BLUE KASHMIRI OCCASIONAL TABLE,1249.4500,24,11,8,1249.4500,0.0000,139.9500,0.1007,0.0001,0.9470,B,1249.4500,0.0000,2272.0000
23067,HANGING ENGRAVED METAL HEART,1249.1100,297,78,63,0.0000,1232.5100,-0.0000,-0.0000,0.0001,0.9470,B,1249.1100,1232.5100,2273.0000
85159A,"BLACK TEA,COFFEE,SUGAR JARS",1248.9800,492,82,41,465.6300,781.4000,101.4500,0.0751,0.0001,0.9471,B,1248.9800,781.4000,2274.0000
21438,TUB 24 HANGING EASTER EGGS SPOTTY,1248.5700,378,36,33,1248.5700,0.0000,15.0000,0.0119,0.0001,0.9472,B,1248.5700,0.0000,2275.0000
22389,PAPERWEIGHT SAVE THE PLANET,1245.5200,647,92,74,603.9700,604.5500,210.0000,0.1443,0.0001,0.9472,B,1245.5200,604.5500,2276.0000
20707,CRAZY DAISY HEART DECORATION,1244.9300,1614,199,48,776.5400,465.9300,8.7500,0.0070,0.0001,0.9473,B,1244.9300,465.9300,2277.0000
22808,SET OF 6 T-LIGHTS EASTER CHICKS,1243.8800,420,83,58,205.0100,1006.3700,53.1000,0.0409,0.0001,0.9474,B,1243.8800,1006.3700,2278.0000
79163,BLACK CHAMPAGNE GLASS,1240.8300,1833,64,44,614.2800,626.5500,5.1600,0.0041,0.0001,0.9474,B,1240.8300,626.5500,2279.0000
23138,SINGLE WIRE HOOK IVORY HEART,1238.7600,884,82,60,0.0000,1232.1800,17.4000,0.0139,0.0001,0.9475,B,1238.7600,1232.1800,2280.0000
85162A,SILVER RETRODISC LAMPSHADE,1234.2700,607,20,14,1234.2700,0.0000,30.3100,0.0240,0.0001,0.9475,B,1234.2700,0.0000,2281.0000
21253,SET OF PICTURE FRAME  STICKERS,1231.0700,334,122,41,637.7000,581.0000,-0.0000,-0.0000,0.0001,0.9476,B,1231.0700,581.0000,2282.0000
84910A,PINK PAISLEY CUSHION COVER,1230.3900,432,53,37,1038.2500,192.1400,77.3500,0.0591,0.0001,0.9477,B,1230.3900,192.1400,2283.0000
22921,HERB MARKER CHIVES,1229.9700,1776,220,121,45.8500,1148.6700,7.8000,0.0063,0.0001,0.9477,B,1229.9700,1148.6700,2284.0000
23539,WALL ART LOVES' SECRET,1227.9500,247,41,32,0.0000,1179.7900,-0.0000,-0.0000,0.0001,0.9478,B,1227.9500,1179.7900,2285.0000
84658,WHITE STITCHED CUSHION COVER,1227.4600,218,64,50,801.3300,381.7500,-0.0000,-0.0000,0.0001,0.9479,B,1227.4600,381.7500,2286.0000
16046,TEATIME PEN CASE & PENS,1226.9000,10060,59,44,1169.1000,57.8000,389.0400,0.2408,0.0001,0.9479,B,1226.9000,57.8000,2287.0000
85135B,BLUE DRAGONFLY HELICOPTER,1226.5100,151,115,67,701.9600,524.5500,15.9000,0.0128,0.0001,0.9480,B,1226.5100,524.5500,2288.0000
20771,CHRYSANTHEMUM  JOURNAL,1222.0800,626,140,91,952.4000,264.5800,15.3000,0.0124,0.0001,0.9480,B,1222.0800,264.5800,2289.0000
23142,IVORY WIRE KITCHEN ORGANISER,1220.8200,121,40,34,0.0000,1220.8200,19.5500,0.0158,0.0001,0.9481,B,1220.8200,1220.8200,2290.0000
23598,PAPER BUNTING VINTAGE PARTY,1218.4800,428,47,40,0.0000,660.0300,-0.0000,-0.0000,0.0001,0.9482,B,1218.4800,660.0300,2291.0000
85130A,BEADED PEARL HEART WHITE LARGE,1217.5400,710,86,59,1090.4900,127.0500,-0.0000,-0.0000,0.0001,0.9482,B,1217.5400,127.0500,2292.0000
22216,T-LIGHT HOLDER WHITE LACE,1215.8300,1396,116,48,702.9000,428.3500,2.5500,0.0021,0.0001,0.9483,B,1215.8300,428.3500,2293.0000
21490,SET OF THREE 50'S GIFT WRAPS,1214.5000,639,55,36,1214.5000,0.0000,54.6000,0.0430,0.0001,0.9484,B,1214.5000,0.0000,2294.0000
84687,BEACH HUT SHELF W 3 DRAWERS,1214.0100,315,73,43,709.5800,504.4300,37.6500,0.0301,0.0001,0.9484,B,1214.0100,504.4300,2295.0000
22265,EASTER DECORATION NATURAL CHICK,1211.7000,1849,168,107,845.5500,366.1500,-0.0000,-0.0000,0.0001,0.9485,B,1211.7000,366.1500,2296.0000
22233,JIGSAW RABBIT AND BIRDHOUSE,1210.7000,950,164,112,602.9700,579.6600,101.2400,0.0772,0.0001,0.9485,B,1210.7000,579.6600,2297.0000
79066K,RETRO MOD TRAY,1210.4500,1389,240,103,521.1100,677.0100,10.2000,0.0084,0.0001,0.9486,B,1210.4500,677.0100,2298.0000
84823,DANISH ROSE FOLDING CHAIR,1210.0000,120,29,29,319.6000,890.4000,39.9500,0.0320,0.0001,0.9487,B,1210.0000,890.4000,2299.0000
22256,FELT FARM ANIMAL CHICKEN,1207.5700,939,119,78,813.4200,394.1500,15.0000,0.0123,0.0001,0.9487,B,1207.5700,394.1500,2300.0000
22102,MIRROR MOSAIC T-LIGHT HOLDER,1206.5400,1851,59,35,374.7000,831.8400,282.4500,0.1897,0.0001,0.9488,B,1206.5400,831.8400,2301.0000
21904,HOUSE WRECKING METAL SIGN,1205.7200,759,145,103,1098.6200,107.1000,179.7000,0.1297,0.0001,0.9488,B,1205.7200,107.1000,2302.0000
21396,RED SPOTTY EGG CUP,1205.2500,948,77,45,1205.2500,0.0000,6.2500,0.0052,0.0001,0.9489,B,1205.2500,0.0000,2303.0000
21130,COLOURFUL STANDING GNOME,1204.3800,722,49,29,1204.3800,0.0000,3.4500,0.0029,0.0001,0.9490,B,1204.3800,0.0000,2304.0000
22403,MAGNETS PACK OF 4 VINTAGE LABELS,1202.5300,1721,212,137,512.8600,679.9200,15.0000,0.0123,0.0001,0.9490,B,1202.5300,679.9200,2305.0000
23026,DRAWER KNOB VINTAGE GLASS STAR,1201.0400,557,62,43,0.0000,1188.5600,29.1200,0.0237,0.0001,0.9491,B,1201.0400,1188.5600,2306.0000
84815,SET OF 3 DANISH ROSE PLANTERS,1200.8200,930,53,34,1200.8200,0.0000,-0.0000,-0.0000,0.0001,0.9491,B,1200.8200,0.0000,2307.0000
21883,STARS GIFT TAPE,1200.1300,2349,226,132,474.7100,716.3200,0.1900,0.0002,0.0001,0.9492,B,1200.1300,716.3200,2308.0000
23444,Next Day Carriage,1200.0000,79,79,63,0.0000,1050.0000,15.0000,0.0123,0.0001,0.9493,B,1200.0000,1050.0000,2309.0000
85129D,BEADED CRYSTAL HEART PINK SMALL,1197.3100,796,168,59,853.3200,292.3300,1.2500,0.0010,0.0001,0.9493,B,1197.3100,292.3300,2310.0000
21650,ASSORTED TUTTI FRUTTI BRACELET,1196.3000,3254,197,84,503.4500,630.1900,7.1600,0.0059,0.0001,0.9494,B,1196.3000,630.1900,2311.0000
20934,SET/3 POT PLANT CANDLES,1195.9700,199,74,44,771.5100,424.4600,107.5000,0.0825,0.0001,0.9495,B,1195.9700,424.4600,2312.0000
72232,FENG SHUI PILLAR CANDLE,1195.4800,6292,118,72,565.2500,602.8700,-0.0000,-0.0000,0.0001,0.9495,B,1195.4800,602.8700,2313.0000
84830,LARGE ENGLISH ARBORETUM,1195.1500,113,7,7,1195.1500,0.0000,50.8500,0.0408,0.0001,0.9496,B,1195.1500,0.0000,2314.0000
84625A,PINK NEW BAROQUECANDLESTICK CANDLE,1193.0000,838,81,40,587.5200,585.0800,64.8000,0.0515,0.0001,0.9496,B,1193.0000,585.0800,2315.0000
84559A,3D SHEET OF DOG STICKERS,1192.7200,1324,230,107,817.1100,359.3100,-0.0000,-0.0000,0.0001,0.9497,B,1192.7200,359.3100,2316.0000
22252,BIRDCAGE DECORATION TEALIGHT HOLDER,1191.8100,969,113,85,421.4900,755.3200,16.2500,0.0135,0.0001,0.9498,B,1191.8100,755.3200,2317.0000
84750A,PINK SMALL GLASS CAKE STAND,1189.2300,544,105,42,1142.4300,46.8000,75.3000,0.0595,0.0001,0.9498,B,1189.2300,46.8000,2318.0000
47503E,ASS FLORAL PRINT SCISSORS,1186.9000,6842,25,21,1186.9000,0.0000,-0.0000,-0.0000,0.0001,0.9499,B,1186.9000,0.0000,2319.0000
21312,LARGE CHUNKY GLASS ROMAN BOWL,1185.9200,300,26,19,1185.9200,0.0000,25.3500,0.0209,0.0001,0.9499,B,1185.9200,0.0000,2320.0000
21806,WHITE CHRISTMAS HEART DECORATION,1183.6300,2717,128,95,1183.6300,0.0000,-0.0000,-0.0000,0.0001,0.9500,B,1183.6300,0.0000,2321.0000
22761,CHEST 7 DRAWER MA CAMPAGNE,1182.7800,48,34,27,287.4000,870.4300,68.8500,0.0550,0.0001,0.9501,C,1182.7800,870.4300,2322.0000
84674,FLYING PIG WATERING CAN,1178.8800,461,106,67,708.9800,461.1600,20.6500,0.0172,0.0001,0.9501,C,1178.8800,461.1600,2323.0000
23041,PAPER LANTERN 9 POINT SNOW STAR,1178.4800,272,54,46,0.0000,1066.5100,99.6000,0.0779,0.0001,0.9502,C,1178.4800,1066.5100,2324.0000
23225,CHERUB HEART DECORATION SILVER,1177.0000,1356,88,46,0.0000,1111.9700,69.7200,0.0559,0.0001,0.9502,C,1177.0000,1111.9700,2325.0000
72819,CUPID DESIGN SCENTED CANDLES,1176.5600,695,92,59,667.4900,429.0700,-0.0000,-0.0000,0.0001,0.9503,C,1176.5600,429.0700,2326.0000
23431,NATURAL HANGING QUILTED HEARTS,1175.3800,1454,72,63,0.0000,1165.4200,13.2800,0.0112,0.0001,0.9504,C,1175.3800,1165.4200,2327.0000
23523,WALL ART TREASURE AHOY,1173.8100,360,41,35,0.0000,1121.3100,22.5000,0.0188,0.0001,0.9504,C,1173.8100,1121.3100,2328.0000
21393,BLUE  SPOTTY PUDDING BOWL,1172.8100,5244,43,34,1134.1400,38.6700,330.7800,0.2200,0.0001,0.9505,C,1172.8100,38.6700,2329.0000
37475,SET/4 COLOURFUL MIXING BOWLS,1170.5100,117,72,45,498.5800,661.9800,-0.0000,-0.0000,0.0001,0.9505,C,1170.5100,661.9800,2330.0000
23418,LAVENDER TOILETTE BOTTLE,1168.0800,558,79,55,0.0000,1099.4700,-0.0000,-0.0000,0.0001,0.9506,C,1168.0800,1099.4700,2331.0000
22048,BIRTHDAY BANQUET GIFT WRAP,1166.3000,2815,102,93,772.8000,383.0000,10.5000,0.0089,0.0001,0.9507,C,1166.3000,383.0000,2332.0000
23508,MINI PLAYING CARDS DOLLY GIRL,1165.1300,2631,120,95,0.0000,1134.5600,0.8400,0.0007,0.0001,0.9507,C,1165.1300,1134.5600,2333.0000
23515,EMBROIDERED RIBBON REEL DAISY,1164.9800,579,71,58,0.0000,1123.4100,-0.0000,-0.0000,0.0001,0.9508,C,1164.9800,1123.4100,2334.0000
22253,6 CROCHET STRAWBERRIES,1164.5300,969,86,62,1164.5300,0.0000,-0.0000,-0.0000,0.0001,0.9508,C,1164.5300,0.0000,2335.0000
84313B,BLUE TV TRAY TABLE,1164.0400,227,83,24,645.4300,518.6100,-0.0000,-0.0000,0.0001,0.9509,C,1164.0400,518.6100,2336.0000
23269,SET OF 2 CERAMIC CHRISTMAS TREES,1163.1300,786,94,63,0.0000,1115.1400,-0.0000,-0.0000,0.0001,0.9509,C,1163.1300,1115.1400,2337.0000
21649,ASSORTED TUTTI FRUTTI PHOTO FRAME,1162.8900,421,29,19,1162.8900,0.0000,11.8000,0.0100,0.0001,0.9510,C,1162.8900,0.0000,2338.0000
22264,FELT FARM ANIMAL WHITE BUNNY,1159.8700,2023,168,80,421.1900,737.0500,-0.0000,-0.0000,0.0001,0.9511,C,1159.8700,737.0500,2339.0000
23566,EGG CUP MILKMAID HEIDI,1159.4300,883,83,44,0.0000,947.8100,5.0000,0.0043,0.0001,0.9511,C,1159.4300,947.8100,2340.0000
21763,VINTAGE WOODEN BAR STOOL,1157.9000,43,17,15,988.1500,169.7500,81.8500,0.0660,0.0001,0.9512,C,1157.9000,169.7500,2341.0000
84847,FLORAL BATHROOM SET,1157.2300,2332,49,32,1078.4800,78.7500,368.2800,0.2414,0.0001,0.9512,C,1157.2300,78.7500,2342.0000
23507,MINI PLAYING CARDS BUFFALO BILL,1156.5100,2884,119,91,0.0000,1132.2100,-0.0000,-0.0000,0.0001,0.9513,C,1156.5100,1132.2100,2343.0000
22814,CARD PARTY GAMES,1152.8100,2740,295,101,259.3000,808.4900,-0.0000,-0.0000,0.0001,0.9514,C,1152.8100,808.4900,2344.0000
22718,CARD CAT AND TREE,1151.4400,2629,264,114,424.1300,722.2700,15.1200,0.0130,0.0001,0.9514,C,1151.4400,722.2700,2345.0000
23402,HOME SWEET HOME 3 PEG HANGER,1151.0300,297,68,47,0.0000,1057.5600,-0.0000,-0.0000,0.0001,0.9515,C,1151.0300,1057.5600,2346.0000
21316,SMALL CHUNKY GLASS ROMAN  BOWL,1149.0600,694,47,33,931.3800,217.6800,5.9000,0.0051,0.0001,0.9515,C,1149.0600,217.6800,2347.0000
22806,SET OF 6 T-LIGHTS WEDDING CAKE,1149.0200,430,57,42,471.9800,584.3400,134.2000,0.1046,0.0001,0.9516,C,1149.0200,584.3400,2348.0000
20932,PINK POT PLANT CANDLE,1147.7200,334,81,54,518.9300,567.6200,55.7500,0.0463,0.0001,0.9516,C,1147.7200,567.6200,2349.0000
22615,PACK OF 12 CIRCUS PARADE TISSUES,1146.7500,3721,188,110,486.0200,643.9000,4.6800,0.0041,0.0001,0.9517,C,1146.7500,643.9000,2350.0000
21261,GREEN GOOSE FEATHER CHRISTMAS TREE,1146.1200,283,77,37,474.0300,669.1400,-0.0000,-0.0000,0.0001,0.9518,C,1146.1200,669.1400,2351.0000
72598,SET/12 TAPER CANDLES,1145.7600,1244,158,74,539.8700,559.6300,18.7000,0.0161,0.0001,0.9518,C,1145.7600,559.6300,2352.0000
22040,BOTANICAL ROSE GIFT WRAP,1144.3000,2815,94,82,839.8000,304.5000,-0.0000,-0.0000,0.0001,0.9519,C,1144.3000,304.5000,2353.0000
85118,HEART T-LIGHT HOLDER,1143.6800,2062,81,55,999.1600,144.5200,98.6700,0.0794,0.0001,0.9519,C,1143.6800,144.5200,2354.0000
84750B,BLACK SMALL GLASS CAKE STAND,1142.0200,609,78,43,1087.0300,54.9900,8.1900,0.0071,0.0001,0.9520,C,1142.0200,54.9900,2355.0000
84596E,SMALL LICORICE DES PINK BOWL,1142.0100,1131,201,90,729.9100,412.1000,40.0000,0.0338,0.0001,0.9521,C,1142.0100,412.1000,2356.0000
21366,MIRRORED WALL ART PHOTO FRAMES,1140.0000,238,77,24,669.8300,457.4200,-0.0000,-0.0000,0.0001,0.9521,C,1140.0000,457.4200,2357.0000
23506,MINI PLAYING CARDS SPACEBOY,1139.2000,2747,146,114,0.0000,1083.4200,-0.0000,-0.0000,0.0001,0.9522,C,1139.2000,1083.4200,2358.0000
22715,CARD WEDDING DAY,1138.9700,2729,218,125,493.3300,645.6400,-0.0000,-0.0000,0.0001,0.9522,C,1138.9700,645.6400,2359.0000
85110,BLACK SILVER FLOWER T-LIGHT HOLDER,1138.0400,11520,23,17,1138.0400,0.0000,387.3600,0.2539,0.0001,0.9523,C,1138.0400,0.0000,2360.0000
37424,WHITE WITH BLACK CATS MUG,1136.3800,5251,108,28,1136.3800,0.0000,274.5600,0.1946,0.0001,0.9523,C,1136.3800,0.0000,2361.0000
21942,SKULLS DESIGN FLANNEL,1136.2800,1672,221,41,823.2700,296.3900,20.4000,0.0176,0.0001,0.9524,C,1136.2800,296.3900,2362.0000
20622,VIPPASSPORT COVER,1135.9900,586,128,59,830.1900,297.5400,-0.0000,-0.0000,0.0001,0.9525,C,1135.9900,297.5400,2363.0000
22230,JIGSAW TREE WITH WATERING CAN,1135.7800,1659,193,96,654.8600,473.8200,38.1800,0.0325,0.0001,0.9525,C,1135.7800,473.8200,2364.0000
21413,PERIWINKLE T-LIGHT HOLDER,1134.8900,3165,52,25,1059.8700,75.0200,-0.0000,-0.0000,0.0001,0.9526,C,1134.8900,75.0200,2365.0000
22598,CHRISTMAS MUSICAL ZINC TREE,1133.0100,1794,144,82,685.6500,376.4400,5.1000,0.0045,0.0001,0.9526,C,1133.0100,376.4400,2366.0000
20832,RED FLOCK LOVE HEART PHOTO FRAME,1132.0100,1705,158,86,549.9800,530.1900,6.8000,0.0060,0.0001,0.9527,C,1132.0100,530.1900,2367.0000
21555,CERAMIC STRAWBERRY TRINKET TRAY,1131.3700,425,134,38,780.9000,340.6300,2.5500,0.0022,0.0001,0.9527,C,1131.3700,340.6300,2368.0000
85224,ASSORTED COLOUR SILK GLASSES CASE,1129.3600,2008,61,35,1123.0600,6.3000,-0.0000,-0.0000,0.0001,0.9528,C,1129.3600,6.3000,2369.0000
85136A,YELLOW SHARK HELICOPTER,1129.2300,139,106,64,548.8700,532.6600,7.9500,0.0070,0.0001,0.9529,C,1129.2300,532.6600,2370.0000
22255,FELT TOADSTOOL  SMALL,1128.8100,1187,142,73,526.1800,582.2300,38.2500,0.0328,0.0001,0.9529,C,1128.8100,582.2300,2371.0000
85212,MINI PAINTED GARDEN DECORATION,1128.0100,2868,121,82,366.6100,754.4400,-0.0000,-0.0000,0.0001,0.9530,C,1128.0100,754.4400,2372.0000
37482B,CUBIC MUG BLUE POLKA DOT,1127.9100,1251,9,5,1127.9100,0.0000,-0.0000,-0.0000,0.0001,0.9530,C,1127.9100,0.0000,2373.0000
21040,MODERN VINTAGE COTTON SHOPPING BAG,1125.8500,894,68,43,1096.1500,29.7000,-0.0000,-0.0000,0.0001,0.9531,C,1125.8500,29.7000,2374.0000
20700,GREEN CAT FLORAL CUSHION COVER,1125.0500,420,103,11,779.8800,345.1700,7.5000,0.0066,0.0001,0.9531,C,1125.0500,345.1700,2375.0000
85124C,GREEN JUICY FRUIT PHOTO FRAME,1123.8900,426,121,51,862.0000,261.8900,15.3000,0.0134,0.0001,0.9532,C,1123.8900,261.8900,2376.0000
48173c,DOORMAT BLACK FLOCK,1123.5500,70,37,0,870.6000,252.9500,-0.0000,-0.0000,0.0001,0.9533,C,1123.5500,252.9500,2377.0000
21010,ETCHED GLASS BIRD TREE DECORATION,1122.2600,856,83,62,1122.2600,0.0000,15.0000,0.0132,0.0001,0.9533,C,1122.2600,0.0000,2378.0000
20669,RED HEART LUGGAGE TAG,1119.3900,803,214,103,672.0500,430.1200,-0.0000,-0.0000,0.0001,0.9534,C,1119.3900,430.1200,2379.0000
23510,MINI PLAYING CARDS GYMKHANA,1119.2200,2522,120,90,0.0000,1103.3600,-0.0000,-0.0000,0.0001,0.9534,C,1119.2200,1103.3600,2380.0000
23411,TRELLIS COAT RACK,1118.6100,227,56,42,0.0000,1088.9100,4.9500,0.0044,0.0001,0.9535,C,1118.6100,1088.9100,2381.0000
17096,ASSORTED LAQUERED INCENSE HOLDERS,1117.5100,6242,76,25,661.5300,455.9800,-0.0000,-0.0000,0.0001,0.9535,C,1117.5100,455.9800,2382.0000
22997,TRAVEL CARD WALLET UNION JACK,1115.9300,2595,222,101,0.0000,1065.6200,32.7600,0.0285,0.0001,0.9536,C,1115.9300,1065.6200,2383.0000
84678,CLASSICAL ROSE SMALL VASE,1115.9300,568,81,52,868.8900,247.0400,22.9000,0.0201,0.0001,0.9537,C,1115.9300,247.0400,2384.0000
23513,EMBROIDERED RIBBON REEL SUSIE,1114.2600,566,70,59,0.0000,1089.3300,12.4800,0.0111,0.0001,0.9537,C,1114.2600,1089.3300,2385.0000
84631,FRUIT TREE AND BIRDS WALL PLAQUE,1114.1100,289,50,19,765.5800,348.5300,23.8500,0.0210,0.0001,0.9538,C,1114.1100,348.5300,2386.0000
47504H,ENGLISH ROSE SPIRIT LEVEL,1113.0700,1028,140,81,148.6900,862.0900,5.0000,0.0045,0.0001,0.9538,C,1113.0700,862.0900,2387.0000
21666,RIDGED GLASS T-LIGHT HOLDER,1109.0500,1766,85,49,825.5400,267.9100,1.9500,0.0018,0.0001,0.9539,C,1109.0500,267.9100,2388.0000
23375,50'S CHRISTMAS PAPER GIFT BAG,1108.8900,1352,103,85,0.0000,1074.4900,0.8200,0.0007,0.0001,0.9539,C,1108.8900,1074.4900,2389.0000
23433,HANGING QUILTED PATCHWORK APPLES,1108.5800,1258,89,76,0.0000,1085.3400,39.0100,0.0340,0.0001,0.9540,C,1108.5800,1085.3400,2390.0000
20892,SET/3 TALL GLASS CANDLE HOLDER PINK,1108.1000,103,38,21,1018.8800,89.2200,206.1500,0.1569,0.0001,0.9541,C,1108.1000,89.2200,2391.0000
21944,KITTENS DESIGN FLANNEL,1106.8600,1790,204,53,796.6700,285.6600,1.7000,0.0015,0.0001,0.9541,C,1106.8600,285.6600,2392.0000
21202,DOLLY HONEYCOMB GARLAND,1105.1300,855,66,53,618.0200,487.1100,74.5500,0.0632,0.0001,0.9542,C,1105.1300,487.1100,2393.0000
22116,METAL SIGN HIS DINNER IS SERVED,1103.8800,823,198,96,483.4600,604.2700,27.9000,0.0247,0.0001,0.9542,C,1103.8800,604.2700,2394.0000
21839,MUMMY MOUSE RED GINGHAM RIBBON,1101.9400,204,83,71,1096.4900,5.4500,10.9000,0.0098,0.0001,0.9543,C,1101.9400,5.4500,2395.0000
84638,SMALL KITCHEN FLOWER POTS PLAQUE,1101.5500,400,69,27,770.0500,331.5000,-0.0000,-0.0000,0.0001,0.9543,C,1101.5500,331.5000,2396.0000
22532,MAGIC DRAWING SLATE LEAP FROG,1101.1000,2862,175,130,734.3500,352.4700,-0.0000,-0.0000,0.0001,0.9544,C,1101.1000,352.4700,2397.0000
47587A,PINK FAIRY CAKE COASTER,1099.8800,2706,26,7,1099.8800,0.0000,864.0000,0.4399,0.0001,0.9544,C,1099.8800,0.0000,2398.0000
22709,WRAP WEDDING DAY,1099.5800,2799,77,68,571.0800,518.0000,10.5000,0.0095,0.0001,0.9545,C,1099.5800,518.0000,2399.0000
21131,GOLD STANDING GNOME,1098.8600,276,49,18,700.8400,360.5200,-0.0000,-0.0000,0.0001,0.9546,C,1098.8600,360.5200,2400.0000
21779,MA CAMPAGNE MINI WOODEN CHEST,1097.8000,301,22,21,1097.8000,0.0000,35.0500,0.0309,0.0001,0.9546,C,1097.8000,0.0000,2401.0000
84358,FLOOR LAMP SHADE WOOD BASE,1097.4800,121,29,11,784.7800,312.7000,-0.0000,-0.0000,0.0001,0.9547,C,1097.4800,312.7000,2402.0000
37479B,CUBIC MUG FLOCK BLUE ON BROWN,1095.8500,1253,32,20,1017.7600,78.0900,-0.0000,-0.0000,0.0001,0.9547,C,1095.8500,78.0900,2403.0000
84989A,75 GREEN FAIRY CAKE CASES,1095.0700,2123,152,95,1079.6700,14.8500,2.0700,0.0019,0.0001,0.9548,C,1095.0700,14.8500,2404.0000
84791,GINGHAM HEART DECORATION,1094.9800,337,106,66,1094.9800,0.0000,17.7000,0.0159,0.0001,0.9548,C,1094.9800,0.0000,2405.0000
20867,PINK ROSE FABRIC MIRROR,1094.3900,1099,153,68,700.9200,388.5100,-0.0000,-0.0000,0.0001,0.9549,C,1094.3900,388.5100,2406.0000
85131D,BEADED CRYSTAL HEART PINK ON STICK,1093.9600,1444,267,25,368.7000,705.2800,-0.0000,-0.0000,0.0001,0.9549,C,1093.9600,705.2800,2407.0000
85093,CANDY SPOT EGG WARMER HARE,1092.4600,1362,152,57,617.2800,475.1800,3.7500,0.0034,0.0001,0.9550,C,1092.4600,475.1800,2408.0000
23087,ZINC  HEART T-LIGHT HOLDER,1090.6600,868,69,43,0.0000,1068.5200,18.7500,0.0169,0.0001,0.9551,C,1090.6600,1068.5200,2409.0000
20755,BLUE PAISLEY POCKET BOOK,1090.5800,5146,122,74,818.5600,261.8200,-0.0000,-0.0000,0.0001,0.9551,C,1090.5800,261.8200,2410.0000
23432,PRETTY HANGING QUILTED HEARTS,1090.0200,1278,74,65,0.0000,1050.1800,-0.0000,-0.0000,0.0001,0.9552,C,1090.0200,1050.1800,2411.0000
84509C,SET OF 4 POLKADOT PLACEMATS,1089.7100,278,96,45,587.0200,487.7700,-0.0000,-0.0000,0.0001,0.9552,C,1089.7100,487.7700,2412.0000
21632,VINTAGE PINK DECORATIVE PARASOL,1088.9700,133,53,30,599.2300,489.7400,12.7500,0.0116,0.0001,0.9553,C,1088.9700,489.7400,2413.0000
23102,SILVER HEARTS TABLE DECORATION,1086.6500,1288,157,128,0.0000,1081.6700,-0.0000,-0.0000,0.0001,0.9553,C,1086.6500,1081.6700,2414.0000
21817,GLITTER CHRISTMAS TREE,1086.0100,1699,130,102,671.3800,414.6300,-0.0000,-0.0000,0.0001,0.9554,C,1086.0100,414.6300,2415.0000
72815,3 WICK CHRISTMAS BRIAR CANDLE,1083.3600,282,70,53,1067.3900,15.9700,30.0000,0.0269,0.0001,0.9554,C,1083.3600,15.9700,2416.0000
84247E,PACK/12 XMAS FUN CARD,1081.7500,382,96,68,688.8100,385.5600,293.5000,0.2134,0.0001,0.9555,C,1081.7500,385.5600,2417.0000
21815,STAR  T-LIGHT HOLDER,1080.5400,693,92,58,808.8600,271.6800,2.9000,0.0027,0.0001,0.9556,C,1080.5400,271.6800,2418.0000
21850,BLUE  DIAMANTE PEN IN GIFT BOX,1077.9300,448,106,29,584.8500,461.6500,153.0000,0.1243,0.0001,0.9556,C,1077.9300,461.6500,2419.0000
20615,BLUE POLKADOT PASSPORT COVER,1077.8100,637,195,59,610.8200,462.1100,-0.0000,-0.0000,0.0001,0.9557,C,1077.8100,462.1100,2420.0000
23347,I LOVE LONDON BEAKER,1077.3000,860,97,51,0.0000,1027.5800,42.5000,0.0380,0.0001,0.9557,C,1077.3000,1027.5800,2421.0000
85126,LARGE ROUND CUTGLASS CANDLESTICK,1075.9100,157,34,22,1048.7700,27.1400,67.5000,0.0590,0.0001,0.9558,C,1075.9100,27.1400,2422.0000
22860,EASTER TIN CHICKS PINK DAISY,1075.7000,621,111,85,43.0800,1032.6200,24.7500,0.0225,0.0001,0.9558,C,1075.7000,1032.6200,2423.0000
21827,EIGHT PIECE CREEPY CRAWLIE SET,1072.6400,838,134,89,1065.1400,7.5000,16.2500,0.0149,0.0001,0.9559,C,1072.6400,7.5000,2424.0000
85163A,WHITE BAROQUE WALL CLOCK,1070.9200,104,57,35,511.9200,559.0000,-0.0000,-0.0000,0.0001,0.9559,C,1070.9200,559.0000,2425.0000
21758,VINTAGE SHELLS PRINT,1069.7600,135,79,34,642.3000,415.0000,-0.0000,-0.0000,0.0001,0.9560,C,1069.7600,415.0000,2426.0000
72800F,4 IVORY DINNER CANDLES GOLD FLOCK,1067.8400,825,67,51,1067.8400,0.0000,-0.0000,-0.0000,0.0001,0.9560,C,1067.8400,0.0000,2427.0000
23033,DRAWER KNOB CERAMIC RED,1067.6000,720,74,42,0.0000,1066.1500,-0.0000,-0.0000,0.0001,0.9561,C,1067.6000,1066.1500,2428.0000
22856,ASSORTED EASTER DECORATIONS  BELLS,1067.3500,883,32,25,337.7800,729.5700,26.2500,0.0240,0.0001,0.9562,C,1067.3500,729.5700,2429.0000
84559B,3D SHEET OF CAT STICKERS,1065.5500,1199,195,97,848.2600,217.2900,3.4000,0.0032,0.0001,0.9562,C,1065.5500,217.2900,2430.0000
85008,SET OF 3 CONEY ISLAND OVAL BOXES,1063.6700,270,99,77,997.5500,66.1200,9.9000,0.0092,0.0001,0.9563,C,1063.6700,66.1200,2431.0000
23516,EMBROIDERED RIBBON REEL SOPHIE,1062.3500,297,42,39,0.0000,1013.6000,-0.0000,-0.0000,0.0001,0.9563,C,1062.3500,1013.6000,2432.0000
23331,DECORATIVE WICKER HEART SMALL,1062.2800,1596,109,67,0.0000,983.0800,-0.0000,-0.0000,0.0001,0.9564,C,1062.2800,983.0800,2433.0000
22995,TRAVEL CARD WALLET SUKI,1062.0000,2389,266,90,0.0000,1023.6000,20.5800,0.0190,0.0001,0.9564,C,1062.0000,1023.6000,2434.0000
85179B,WHITE BITTY LIGHT CHAIN,1061.2500,247,45,33,1061.2500,0.0000,-0.0000,-0.0000,0.0001,0.9565,C,1061.2500,0.0000,2435.0000
22857,ASSORTED EASTER GIFT TAGS,1060.1800,1244,66,60,82.4200,977.7600,-0.0000,-0.0000,0.0001,0.9565,C,1060.1800,977.7600,2436.0000
21825,PAINTED METAL TREE WITH HOLLY BELLS,1058.9900,737,75,62,1058.9900,0.0000,4.3500,0.0041,0.0001,0.9566,C,1058.9900,0.0000,2437.0000
85144,JARDIN ETCHED GLASS CHEESE DISH,1058.0000,290,70,61,471.4000,586.6000,14.5000,0.0135,0.0001,0.9566,C,1058.0000,586.6000,2438.0000
35651,VINTAGE BEAD PINK SCARF,1057.6200,459,63,32,71.7800,985.8400,19.8000,0.0184,0.0001,0.9567,C,1057.6200,985.8400,2439.0000
20783,HEART EAR MUFF HEADPHONES,1056.8900,166,55,20,1056.8900,0.0000,21.1200,0.0196,0.0001,0.9567,C,1056.8900,0.0000,2440.0000
16047,POP ART PEN CASE & PENS,1056.4000,10614,31,21,1056.4000,0.0000,414.7200,0.2819,0.0001,0.9568,C,1056.4000,0.0000,2441.0000
84707A,SILVER JEWELLED MIRROR TRINKET TRAY,1055.8300,126,64,36,360.6000,632.8300,-0.0000,-0.0000,0.0001,0.9569,C,1055.8300,632.8300,2442.0000
22821,GIFT BAG PSYCHEDELIC APPLES,1055.2500,1672,186,83,324.7800,708.9200,10.4000,0.0098,0.0001,0.9569,C,1055.2500,708.9200,2443.0000
22511,RETROSPOT BABUSHKA DOORSTOP,1054.1600,399,111,90,558.9600,458.1600,3.7500,0.0035,0.0001,0.9570,C,1054.1600,458.1600,2444.0000
21269,ANTIQUE CREAM CUTLERY SHELF,1053.8400,116,65,52,798.8600,254.9800,-0.0000,-0.0000,0.0001,0.9570,C,1053.8400,254.9800,2445.0000
84908B,BLUE 5 PATCH FLOWER CUSHION COVER,1052.2900,435,35,2,1052.2900,0.0000,-0.0000,-0.0000,0.0001,0.9571,C,1052.2900,0.0000,2446.0000
84908A,PINK 5 PATCH FLOWER CUSHION COVER,1052.1100,433,36,4,1052.1100,0.0000,6.9500,0.0066,0.0001,0.9571,C,1052.1100,0.0000,2447.0000
37327,ASSTD MULTICOLOUR CIRCLES MUG,1052.0800,1740,88,42,211.6100,840.4700,1.5600,0.0015,0.0001,0.9572,C,1052.0800,840.4700,2448.0000
85078,SCANDINAVIAN 3 HEARTS NAPKIN RING,1052.0200,2258,162,63,355.2200,696.8000,0.6500,0.0006,0.0001,0.9572,C,1052.0200,696.8000,2449.0000
23327,HANGING CLEAR MINI BOTTLE,1051.1400,1734,41,33,0.0000,1048.6200,4.7200,0.0045,0.0001,0.9573,C,1051.1400,1048.6200,2450.0000
84965A,PINK KASHMIRI COFFEE TABLE,1050.0000,20,3,2,1050.0000,0.0000,-0.0000,-0.0000,0.0001,0.9573,C,1050.0000,0.0000,2451.0000
21061,PARTY INVITES FOOTBALL,1047.4100,1397,163,104,595.7100,439.8000,10.2000,0.0096,0.0001,0.9574,C,1047.4100,439.8000,2452.0000
72750B,FLOWER FAIRY SET 3 CANDLES LAVENDER,1047.2000,496,39,31,1047.2000,0.0000,43.1000,0.0395,0.0001,0.9574,C,1047.2000,0.0000,2453.0000
23419,HOME SWEET HOME BOTTLE,1045.8000,474,86,56,0.0000,981.5300,2.0800,0.0020,0.0001,0.9575,C,1045.8000,981.5300,2454.0000
46775A,BUBBLE GUM CHUNKY KNITTED THROW,1044.2300,83,32,3,1044.2300,0.0000,16.9500,0.0160,0.0001,0.9575,C,1044.2300,0.0000,2455.0000
22134,MINI LADLE LOVE HEART RED,1044.0000,2355,298,80,624.5800,299.9100,5.0400,0.0048,0.0001,0.9576,C,1044.0000,299.9100,2456.0000
35646,VINTAGE BEAD PINK EVENING BAG,1043.4400,642,104,37,106.1900,900.3500,-0.0000,-0.0000,0.0001,0.9577,C,1043.4400,900.3500,2457.0000
18007,ESSENTIAL BALM 3.5g TIN IN ENVELOPE,1043.4000,11397,72,40,647.7900,395.6100,120.0000,0.1031,0.0001,0.9577,C,1043.4000,395.6100,2458.0000
22266,EASTER DECORATION HANGING BUNNY,1042.7100,2546,161,101,446.2100,582.0600,4.5500,0.0043,0.0001,0.9578,C,1042.7100,582.0600,2459.0000
84405A,S/3 PINK COL METAL BASKET W HANDLE,1042.1600,129,50,40,1042.1600,0.0000,12.7500,0.0121,0.0001,0.9578,C,1042.1600,0.0000,2460.0000
72800D,4 BLUE DINNER CANDLES SILVER FLOCK,1040.6100,639,86,50,811.3900,229.2200,5.1000,0.0049,0.0001,0.9579,C,1040.6100,229.2200,2461.0000
20671,BLUE TEATIME PRINT BOWL,1039.9700,787,143,70,1027.4700,12.5000,-0.0000,-0.0000,0.0001,0.9579,C,1039.9700,12.5000,2462.0000
21725,SWEETIES  STICKERS,1038.1300,1137,173,81,760.8900,277.2400,1.7000,0.0016,0.0001,0.9580,C,1038.1300,277.2400,2463.0000
85124A,PINK JUICY FRUIT PHOTO FRAME,1037.1300,377,95,43,1037.1300,0.0000,20.4000,0.0193,0.0001,0.9580,C,1037.1300,0.0000,2464.0000
21664,RIDGED GLASS STORAGE JAR CREAM LID,1034.8200,259,67,44,680.8500,353.9700,26.2500,0.0247,0.0001,0.9581,C,1034.8200,353.9700,2465.0000
20652,BLUE POLKADOT LUGGAGE TAG,1033.5400,1521,172,73,682.9300,346.9000,-0.0000,-0.0000,0.0001,0.9581,C,1033.5400,346.9000,2466.0000
23088,ZINC HEART FLOWER T-LIGHT HOLDER,1033.2800,795,79,52,0.0000,969.0000,-0.0000,-0.0000,0.0001,0.9582,C,1033.2800,969.0000,2467.0000
85160B,BLACK BIRD GARDEN DESIGN MUG,1032.7000,6155,36,28,970.4600,62.2400,391.4100,0.2748,0.0001,0.9582,C,1032.7000,62.2400,2468.0000
82616C,MIDNIGHT GLAMOUR SCARF KNITTING KIT,1030.0000,634,142,57,528.5600,474.1400,3.7500,0.0036,0.0001,0.9583,C,1030.0000,474.1400,2469.0000
22247,BUNNY DECORATION MAGIC GARDEN,1027.8900,1190,182,86,434.7500,593.1400,0.7500,0.0007,0.0001,0.9583,C,1027.8900,593.1400,2470.0000
84686,BEACH HUT MIRROR,1027.7900,389,76,33,961.4000,66.3900,43.4000,0.0405,0.0001,0.9584,C,1027.7900,66.3900,2471.0000
84923,PINK BUTTERFLY HANDBAG W BOBBLES,1026.1400,235,150,5,354.5200,626.1900,-0.0000,-0.0000,0.0001,0.9584,C,1026.1400,626.1900,2472.0000
21417,COCKLE SHELL DISH,1026.0000,503,118,41,396.2000,513.4900,52.5000,0.0487,0.0001,0.9585,C,1026.0000,513.4900,2473.0000
23545,WRAP RED VINTAGE DOILY,1025.6000,2480,84,76,0.0000,952.1000,-0.0000,-0.0000,0.0001,0.9585,C,1025.6000,952.1000,2474.0000
22049,WRAP CHRISTMAS SCREEN PRINT,1025.2500,3550,114,95,729.0000,296.2500,10.5000,0.0101,0.0001,0.9586,C,1025.2500,296.2500,2475.0000
21814,HEART T-LIGHT HOLDER,1025.2300,676,95,59,907.6600,117.5700,-0.0000,-0.0000,0.0001,0.9586,C,1025.2300,117.5700,2476.0000
35923,CANDY HEART HANGING DECORATION,1025.0200,1546,112,51,334.5000,681.1600,4.1400,0.0040,0.0001,0.9587,C,1025.0200,681.1600,2477.0000
21690,SILVER  CANDLEPOT JARDIN,1024.5900,267,82,65,934.5900,90.0000,-0.0000,-0.0000,0.0001,0.9588,C,1024.5900,90.0000,2478.0000
85104,SILVER GLASS T-LIGHT SET,1024.4900,351,56,40,498.7400,508.2500,23.6000,0.0225,0.0001,0.9588,C,1024.4900,508.2500,2479.0000
84625C,BLUE NEW BAROQUE CANDLESTICK CANDLE,1024.1500,770,71,29,487.7400,536.4100,103.6000,0.0919,0.0001,0.9589,C,1024.1500,536.4100,2480.0000
22717,CARD DOG AND BALL,1023.4600,2417,215,118,487.6800,533.2900,5.0400,0.0049,0.0001,0.9589,C,1023.4600,533.2900,2481.0000
85180B,PINK HEARTS LIGHT CHAIN,1022.1600,364,67,29,434.9600,540.7000,-0.0000,-0.0000,0.0001,0.9590,C,1022.1600,540.7000,2482.0000
23452,HEART MINI PORTRAIT FRAME,1021.7600,518,87,69,0.0000,890.1900,1.9500,0.0019,0.0001,0.9590,C,1021.7600,890.1900,2483.0000
84985A,SET OF 72 GREEN PAPER DOILIES,1021.0300,646,153,95,960.1300,60.9000,7.2500,0.0071,0.0001,0.9591,C,1021.0300,60.9000,2484.0000
21636,MADRAS NOTEBOOK MEDIUM,1020.8400,1032,98,74,311.1800,687.9100,61.2000,0.0566,0.0001,0.9591,C,1020.8400,687.9100,2485.0000
84929,ASSTD FRUIT+FLOWERS FRIDGE MAGNETS,1020.7200,3120,93,82,383.1600,637.5600,168.4900,0.1417,0.0001,0.9592,C,1020.7200,637.5600,2486.0000
23153,ZINC SWEETHEART WIRE LETTER RACK,1020.6900,263,90,67,0.0000,990.7300,15.0000,0.0145,0.0001,0.9592,C,1020.6900,990.7300,2487.0000
84709B,PINK OVAL JEWELLED MIRROR,1020.4300,177,86,32,901.4300,119.0000,5.9500,0.0058,0.0001,0.9593,C,1020.4300,119.0000,2488.0000
22643,SET OF 4 NAPKIN CHARMS LEAVES,1019.7800,470,96,72,574.6100,398.1200,-0.0000,-0.0000,0.0001,0.9593,C,1019.7800,398.1200,2489.0000
47589,CONGRATULATIONS BUNTING,1019.6300,185,76,59,948.7800,70.8500,59.9500,0.0555,0.0001,0.9594,C,1019.6300,70.8500,2490.0000
17021,NAMASTE SWAGAT INCENSE,1018.4400,3834,76,45,375.3000,632.3400,23.4000,0.0225,0.0001,0.9594,C,1018.4400,632.3400,2491.0000
20839,FRENCH PAISLEY CUSHION COVER,1018.1100,633,118,53,177.6700,785.5500,-0.0000,-0.0000,0.0001,0.9595,C,1018.1100,785.5500,2492.0000
85031C,CURIOUS IMAGES SCRAP BOOK SET,1017.4800,481,106,23,1002.6300,14.8500,-0.0000,-0.0000,0.0001,0.9595,C,1017.4800,14.8500,2493.0000
84596L,BISCUITS SMALL BOWL LIGHT BLUE,1016.8800,1539,255,78,387.0800,629.8000,-0.0000,-0.0000,0.0001,0.9596,C,1016.8800,629.8000,2494.0000
20619,TROPICAL PASSPORT COVER,1016.5200,579,194,46,576.8700,423.1300,-0.0000,-0.0000,0.0001,0.9596,C,1016.5200,423.1300,2495.0000
85099f,JUMBO BAG STRAWBERRY,1016.3600,201,25,0,784.3000,232.0600,-0.0000,-0.0000,0.0001,0.9597,C,1016.3600,232.0600,2496.0000
23544,WALL ART MID CENTURY MODERN,1015.7800,164,20,17,0.0000,983.1300,8.2500,0.0081,0.0001,0.9597,C,1015.7800,983.1300,2497.0000
22420,LIPSTICK PEN BABY PINK,1015.1700,2112,234,111,403.4500,594.6000,0.4200,0.0004,0.0001,0.9598,C,1015.1700,594.6000,2498.0000
20730,STRAWBERRY CANDY BAG,1011.7000,2218,102,34,1011.7000,0.0000,13.7500,0.0134,0.0001,0.9598,C,1011.7000,0.0000,2499.0000
72586,SET OF 6 HALLOWEEN GHOST T-LIGHTS,1010.9400,2305,183,95,692.2700,317.8400,15.1200,0.0147,0.0001,0.9599,C,1010.9400,317.8400,2500.0000
23107,WHITE HEARTS WIRE PLANT POT HOLDER,1009.5100,359,73,60,0.0000,958.4800,-0.0000,-0.0000,0.0001,0.9599,C,1009.5100,958.4800,2501.0000
21084,SET/6 COLLAGE PAPER CUPS,1008.8100,2929,223,113,235.6700,753.8200,4.5600,0.0045,0.0001,0.9600,C,1008.8100,753.8200,2502.0000
84905,PINK BUTTERFLY CUSHION COVER,1007.9100,269,105,19,834.4300,173.4800,-0.0000,-0.0000,0.0001,0.9600,C,1007.9100,173.4800,2503.0000
21836,GINGHAM OVEN GLOVE RED HEART,1007.6400,250,100,77,981.1500,26.4900,15.0000,0.0147,0.0001,0.9601,C,1007.6400,26.4900,2504.0000
23460,SWEETHEART WALL TIDY,1007.0800,108,43,41,0.0000,726.3500,49.7500,0.0471,0.0001,0.9601,C,1007.0800,726.3500,2505.0000
20782,CAMOUFLAGE EAR MUFF HEADPHONES,1006.4600,157,87,39,632.8900,322.9700,38.4300,0.0368,0.0001,0.9602,C,1006.4600,322.9700,2506.0000
47310M,SMALL POP BOX FUNKY MONKEY,1004.9400,746,172,37,434.4900,523.6600,-0.0000,-0.0000,0.0001,0.9602,C,1004.9400,523.6600,2507.0000
21127,COLOURFUL FISHING GNOME,1003.9800,298,48,25,1003.9800,0.0000,5.9500,0.0059,0.0001,0.9603,C,1003.9800,0.0000,2508.0000
23121,PACK OF 6 COCKTAIL PARASOL STRAWS,1002.5400,2506,111,81,0.0000,998.3400,-0.0000,-0.0000,0.0001,0.9604,C,1002.5400,998.3400,2509.0000
23281,FOLDING BUTTERFLY MIRROR RED,1000.8200,1280,101,56,0.0000,887.7400,-0.0000,-0.0000,0.0001,0.9604,C,1000.8200,887.7400,2510.0000
84907,PINK YELLOW PATCH CUSHION COVER,999.1700,391,36,12,818.2400,180.9300,45.9000,0.0439,0.0001,0.9605,C,999.1700,180.9300,2511.0000
21427,SKULLS STORAGE BOX SMALL,999.0600,507,119,55,742.6200,243.8400,33.6000,0.0325,0.0001,0.9605,C,999.0600,243.8400,2512.0000
23533,WALL ART GARDEN HAVEN,998.6400,215,36,27,0.0000,947.6400,-0.0000,-0.0000,0.0001,0.9606,C,998.6400,947.6400,2513.0000
21250,SET OF SKULL WALL STICKERS,997.5500,402,60,47,723.1800,274.3700,-0.0000,-0.0000,0.0001,0.9606,C,997.5500,274.3700,2514.0000
23517,EMBROIDERED RIBBON REEL REBECCA,996.3800,334,63,50,0.0000,970.3600,-0.0000,-0.0000,0.0001,0.9607,C,996.3800,970.3600,2515.0000
20705,MRS ROBOT SOFT TOY,996.1900,273,53,47,567.3400,383.5000,1.9500,0.0020,0.0001,0.9607,C,996.1900,383.5000,2516.0000
84918,CREAM CUSHION COVER WITH FLOWERS,995.1200,208,63,15,995.1200,0.0000,13.9000,0.0138,0.0001,0.9608,C,995.1200,0.0000,2517.0000
85170C,SET/6 EAU DE NIL BIRD T-LIGHTS,993.0300,543,107,40,384.5000,600.2700,2.1000,0.0021,0.0001,0.9608,C,993.0300,600.2700,2518.0000
20617,FIRST CLASS PASSPORT COVER,992.9900,498,105,59,798.0500,190.8100,-0.0000,-0.0000,0.0001,0.9609,C,992.9900,190.8100,2519.0000
85025B,EAU DE NILE HEART SHAPE PHOTO FRAME,992.0000,574,95,55,433.5800,548.5400,6.6000,0.0066,0.0001,0.9609,C,992.0000,548.5400,2520.0000
72484,ROSES IN WHITE HEART CANDLE,991.3800,1818,64,45,991.3800,0.0000,-0.0000,-0.0000,0.0001,0.9610,C,991.3800,0.0000,2521.0000
21721,CANDY SHOP  STICKER SHEET,991.3500,1091,144,73,811.8900,177.8300,1.7000,0.0017,0.0001,0.9610,C,991.3500,177.8300,2522.0000
84964B,BLUE PAINTED KASHMIRI TABLE,990.0000,17,2,2,990.0000,0.0000,-0.0000,-0.0000,0.0001,0.9611,C,990.0000,0.0000,2523.0000
21335,LIBRARY LAMP,989.6200,42,28,17,989.6200,0.0000,84.8000,0.0789,0.0001,0.9611,C,989.6200,0.0000,2524.0000
84660C,PINK STITCHED WALL CLOCK,987.9800,725,85,29,294.6600,693.3200,-0.0000,-0.0000,0.0001,0.9612,C,987.9800,693.3200,2525.0000
82613B,"METAL SIGN,CUPCAKE SINGLE HOOK",986.8200,897,223,73,485.3300,497.7800,9.6500,0.0097,0.0001,0.9612,C,986.8200,497.7800,2526.0000
35958,FOLKART ZINC STAR CHRISTMAS DEC,986.3300,1133,82,58,976.1300,10.2000,-0.0000,-0.0000,0.0001,0.9613,C,986.3300,10.2000,2527.0000
21303,FILIGREE WALL MIRROR  ANTIQUE WHITE,985.5400,96,30,24,985.5400,0.0000,76.4500,0.0720,0.0001,0.9613,C,985.5400,0.0000,2528.0000
22529,MAGIC DRAWING SLATE GO TO THE FAIR,984.8700,2439,155,114,635.0000,327.1900,-0.0000,-0.0000,0.0000,0.9614,C,984.8700,327.1900,2529.0000
71279,PINK GLASS CANDLEHOLDER,983.9100,297,78,34,422.5900,561.3200,35.4000,0.0347,0.0000,0.9614,C,983.9100,561.3200,2530.0000
23380,PACK OF 12 VINTAGE DOILY TISSUES,983.5000,2344,121,86,0.0000,923.7700,14.0400,0.0141,0.0000,0.9615,C,983.5000,923.7700,2531.0000
82616B,FRAPPUCINO SCARF KNITTING KIT,983.4500,608,126,57,477.7600,484.7200,14.2000,0.0142,0.0000,0.9615,C,983.4500,484.7200,2532.0000
23518,EMBROIDERED RIBBON REEL RACHEL,983.3000,362,44,40,0.0000,965.9600,17.3400,0.0173,0.0000,0.9616,C,983.3000,965.9600,2533.0000
20661,BLUE SPOTTY PURSE,983.0100,899,123,37,841.8600,135.3600,210.3000,0.1762,0.0000,0.9616,C,983.0100,135.3600,2534.0000
35653,VINTAGE BEAD NOTEBOOK,982.5300,311,113,42,549.3400,433.1900,-0.0000,-0.0000,0.0000,0.9617,C,982.5300,433.1900,2535.0000
85019B,BLOSSOM  IMAGES NOTEBOOK SET,982.4700,718,47,31,299.5000,680.4700,30.0000,0.0296,0.0000,0.9617,C,982.4700,680.4700,2536.0000
21691,SILVER VANILLA FLOWER CANDLE POT,979.7400,254,72,56,979.7400,0.0000,-0.0000,-0.0000,0.0000,0.9618,C,979.7400,0.0000,2537.0000
84030e,ENGLISH ROSE HOT WATER BOTTLE,979.4000,120,46,0,101.6400,795.5900,-0.0000,-0.0000,0.0000,0.9618,C,979.4000,795.5900,2538.0000
72814,SET OF 3 CHRISTMAS BRIAR CANDLES,979.1700,269,54,42,979.1700,0.0000,7.5000,0.0076,0.0000,0.9619,C,979.1700,0.0000,2539.0000
22108,PING! MICROWAVE PLATE,978.7400,313,128,34,563.6500,327.1200,15.0000,0.0151,0.0000,0.9619,C,978.7400,327.1200,2540.0000
85018D,YULETIDE IMAGES S/6 PAPER BOXES,977.5500,790,80,57,946.9500,30.6000,38.2500,0.0377,0.0000,0.9620,C,977.5500,30.6000,2541.0000
23514,EMBROIDERED RIBBON REEL SALLY,977.3900,478,74,57,0.0000,950.3500,12.4800,0.0126,0.0000,0.9620,C,977.3900,950.3500,2542.0000
23512,EMBROIDERED RIBBON REEL ROSIE,977.3200,501,57,46,0.0000,950.3100,-0.0000,-0.0000,0.0000,0.9621,C,977.3200,950.3100,2543.0000
20830,SILVER PHOTO FRAME,977.2100,413,82,36,567.3800,409.8300,27.3200,0.0272,0.0000,0.9621,C,977.2100,409.8300,2544.0000
21208,PASTEL COLOUR HONEYCOMB FAN,976.9100,1078,120,65,279.1400,682.9500,17.6400,0.0177,0.0000,0.9622,C,976.9100,682.9500,2545.0000
35599B,BLACK CHRISTMAS TREE 120CM,974.8100,268,51,26,423.6800,410.7300,-0.0000,-0.0000,0.0000,0.9622,C,974.8100,410.7300,2546.0000
84873a,FUNKY FLOWER PICNIC BAG FOR 4,973.3600,88,59,0,973.3600,0.0000,-0.0000,-0.0000,0.0000,0.9623,C,973.3600,0.0000,2547.0000
85189,HANGING BUTTERFLY  EGG,971.3500,1180,68,53,963.7000,7.6500,30.6000,0.0305,0.0000,0.9623,C,971.3500,7.6500,2548.0000
22512,DOORSTOP RACING CAR DESIGN,971.1700,388,71,54,697.7100,247.0000,-0.0000,-0.0000,0.0000,0.9624,C,971.1700,247.0000,2549.0000
78124,MAGAZINE RACK GEBRA ASSORTED,970.8600,731,31,25,713.1100,257.7500,-0.0000,-0.0000,0.0000,0.9624,C,970.8600,257.7500,2550.0000
84800L,LARGE WHITE/PINK ROSE ART FLOWER,970.7900,650,38,32,331.4300,639.3600,40.5600,0.0401,0.0000,0.9625,C,970.7900,639.3600,2551.0000
21129,SILVER FISHING GNOME,970.2900,127,60,24,550.7700,419.5200,20.8500,0.0210,0.0000,0.9625,C,970.2900,419.5200,2552.0000
21562,HAWAIIAN GRASS SKIRT,970.2800,678,73,47,589.9200,380.3600,-0.0000,-0.0000,0.0000,0.9625,C,970.2800,380.3600,2553.0000
22104,MIRROR MOSAIC CANDLE PLATE,968.0800,1187,99,31,624.3700,325.7800,-0.0000,-0.0000,0.0000,0.9626,C,968.0800,325.7800,2554.0000
85197,SET OF 12 MINI BUNNIES IN A BUCKET,967.8600,1673,74,63,894.3600,73.5000,-0.0000,-0.0000,0.0000,0.9626,C,967.8600,73.5000,2555.0000
23183,MOTHER'S KITCHEN SPOON REST,967.1700,226,84,45,0.0000,922.4100,30.0000,0.0301,0.0000,0.9627,C,967.1700,922.4100,2556.0000
21299,EDWARDIAN TOILET ROLL UNIT,966.3500,166,34,25,966.3500,0.0000,33.4000,0.0334,0.0000,0.9627,C,966.3500,0.0000,2557.0000
20773,BLUE PAISLEY NOTEBOOK,965.6300,3340,117,78,873.2300,92.4000,1.6500,0.0017,0.0000,0.9628,C,965.6300,92.4000,2558.0000
90175A,WHITE GLASS CHUNKY CHARM BRACELET,964.4500,107,62,20,718.8200,199.8800,71.6000,0.0691,0.0000,0.9628,C,964.4500,199.8800,2559.0000
20774,GREEN FERN NOTEBOOK,964.1300,3485,119,68,822.8900,141.2400,1.6500,0.0017,0.0000,0.9629,C,964.1300,141.2400,2560.0000
85130D,BEADED CRYSTAL HEART PINK LARGE,962.1500,790,107,63,392.8600,562.9700,-0.0000,-0.0000,0.0000,0.9629,C,962.1500,562.9700,2561.0000
85032B,BLOSSOM IMAGES GIFT WRAP SET,961.1400,994,152,95,213.3500,703.8800,-0.0000,-0.0000,0.0000,0.9630,C,961.1400,703.8800,2562.0000
22994,TRAVEL CARD WALLET RETROSPOT,958.2000,2197,218,89,0.0000,902.4500,12.6000,0.0130,0.0000,0.9630,C,958.2000,902.4500,2563.0000
72753B,S/3 FLWR FAIRY LAVENDER CANDLES,957.7300,445,14,11,957.7300,0.0000,-0.0000,-0.0000,0.0000,0.9631,C,957.7300,0.0000,2564.0000
85111,SILVER GLITTER FLOWER VOTIVE HOLDER,957.6300,2919,77,50,516.5600,435.5700,41.7600,0.0418,0.0000,0.9631,C,957.6300,435.5700,2565.0000
21805,WHITE CHRISTMAS TREE DECORATION,957.6300,2221,103,77,957.6300,0.0000,-0.0000,-0.0000,0.0000,0.9632,C,957.6300,0.0000,2565.0000
90147,CHUNKY SILVER NECKLACE PASTEL FLOWE,957.3500,95,58,24,633.3400,324.0100,39.8000,0.0399,0.0000,0.9632,C,957.3500,324.0100,2567.0000
84360,TABLE LAMP WHITE SHADE WOOD BASE,956.8900,179,40,14,522.7700,422.2200,-0.0000,-0.0000,0.0000,0.9633,C,956.8900,422.2200,2568.0000
20758,ABSTRACT CIRCLES POCKET BOOK,955.9700,5428,95,61,818.2700,131.7500,0.8500,0.0009,0.0000,0.9633,C,955.9700,131.7500,2569.0000
84664,CHERRY BLOSSOM BATHROOM CABINET,955.3500,193,51,17,955.3500,0.0000,24.7500,0.0253,0.0000,0.9634,C,955.3500,0.0000,2570.0000
20878,SET/9 CHRISTMAS T-LIGHTS SCENTED,955.0100,739,85,61,923.7600,31.2500,-0.0000,-0.0000,0.0000,0.9634,C,955.0100,31.2500,2571.0000
17012C,ORIGAMI LAVENDER INCENSE/CANDL SET,952.9500,857,113,47,468.6000,459.3000,-0.0000,-0.0000,0.0000,0.9635,C,952.9500,459.3000,2572.0000
21060,PARTY INVITES BALLOON GIRL,952.5500,1276,151,102,593.2600,339.2400,-0.0000,-0.0000,0.0000,0.9635,C,952.5500,339.2400,2573.0000
22953,BIRTHDAY PARTY CORDON BARRIER TAPE,949.8000,761,119,76,302.6900,645.8600,-0.0000,-0.0000,0.0000,0.9636,C,949.8000,645.8600,2574.0000
85032C,CURIOUS IMAGES GIFT WRAP SET,947.8900,888,161,85,228.0500,676.8600,7.8000,0.0082,0.0000,0.9636,C,947.8900,676.8600,2575.0000
22143,CHRISTMAS CRAFT HEART DECORATIONS,947.0800,448,70,51,947.0800,0.0000,25.2000,0.0259,0.0000,0.9637,C,947.0800,0.0000,2576.0000
23540,WALL ART THE MAGIC FOREST,947.0600,150,14,9,0.0000,944.5100,-0.0000,-0.0000,0.0000,0.9637,C,947.0600,944.5100,2577.0000
37492B,BLUE YELLOW FLOWER PIGGY BANK,946.7200,489,44,33,946.7200,0.0000,47.7000,0.0480,0.0000,0.9638,C,946.7200,0.0000,2578.0000
21331,MOROCCAN BEATEN METAL DISH LARGE,946.6800,110,30,23,780.9400,165.7400,38.2500,0.0388,0.0000,0.9638,C,946.6800,165.7400,2579.0000
21641,ASSORTED TUTTI FRUTTI KEYRING BALL,946.3100,1666,111,43,494.7200,451.5900,-0.0000,-0.0000,0.0000,0.9639,C,946.3100,451.5900,2580.0000
20778,GARDEN PATH NOTEBOOK,946.0100,3612,90,66,921.2600,24.7500,4.9500,0.0052,0.0000,0.9639,C,946.0100,24.7500,2581.0000
22096,PINK PAISLEY SQUARE TISSUE BOX,944.0900,1676,180,129,357.2700,499.4600,17.3400,0.0180,0.0000,0.9640,C,944.0900,499.4600,2582.0000
23178,JAM CLOCK MAGNET,943.9200,330,68,50,0.0000,911.0900,14.4500,0.0151,0.0000,0.9640,C,943.9200,911.0900,2583.0000
85031A,ROMANTIC IMAGES SCRAP BOOK SET,943.4400,477,102,36,897.5400,45.9000,-0.0000,-0.0000,0.0000,0.9641,C,943.4400,45.9000,2584.0000
20998,ROSE DU SUD OVEN GLOVE,942.2600,324,127,52,437.0600,505.2000,-0.0000,-0.0000,0.0000,0.9641,C,942.2600,505.2000,2585.0000
20831,GOLD PHOTO FRAME,940.5600,480,79,34,474.0300,428.6100,12.6000,0.0132,0.0000,0.9641,C,940.5600,428.6100,2586.0000
21726,MULTI HEARTS  STICKERS,938.6400,1086,155,93,733.9500,193.6400,1.7000,0.0018,0.0000,0.9642,C,938.6400,193.6400,2587.0000
85124B,BLUE JUICY FRUIT PHOTO FRAME,938.4700,353,102,45,674.4100,264.0600,15.3000,0.0160,0.0000,0.9642,C,938.4700,264.0600,2588.0000
84817,DANISH ROSE DECORATIVE PLATE,937.4400,1059,79,70,226.8000,626.6400,87.8400,0.0857,0.0000,0.9643,C,937.4400,626.6400,2589.0000
85121B,RETRO LAUNDRY TUB PINK,936.7400,86,48,27,936.7400,0.0000,93.5000,0.0908,0.0000,0.9643,C,936.7400,0.0000,2590.0000
20775,DAISY NOTEBOOK,934.7900,3609,112,43,699.6000,230.3000,-0.0000,-0.0000,0.0000,0.9644,C,934.7900,230.3000,2591.0000
85226A,WHITE/BLUE PULL BACK RACING CAR,934.7200,1717,144,95,934.7200,0.0000,24.7500,0.0258,0.0000,0.9644,C,934.7200,0.0000,2592.0000
82001s,SILVER RECORD COVER FRAME,932.9800,125,29,0,22.8600,753.4600,-0.0000,-0.0000,0.0000,0.9645,C,932.9800,753.4600,2593.0000
82607A,GLASS BONBON JAR PARFUME AUX FLEURE,932.4700,670,159,65,932.4700,0.0000,22.5000,0.0236,0.0000,0.9645,C,932.4700,0.0000,2594.0000
47504E,ENGLISH ROSE SCISSORS,931.8600,4387,48,31,931.8600,0.0000,-0.0000,-0.0000,0.0000,0.9646,C,931.8600,0.0000,2595.0000
22647,CERAMIC LOVE HEART MONEY BANK,931.2300,1066,82,60,465.0500,413.7500,34.8000,0.0360,0.0000,0.9646,C,931.2300,413.7500,2596.0000
21720,CAKE SHOP  STICKER SHEET,930.6600,1069,112,73,882.2100,48.4500,10.2000,0.0108,0.0000,0.9647,C,930.6600,48.4500,2597.0000
23179,CLOCK MAGNET MUM'S KITCHEN,930.4800,324,53,36,0.0000,922.1900,-0.0000,-0.0000,0.0000,0.9647,C,930.4800,922.1900,2598.0000
72800C,4 PINK DINNER CANDLE SILVER FLOCK,929.9400,662,78,49,665.1200,226.1100,-0.0000,-0.0000,0.0000,0.9648,C,929.9400,226.1100,2599.0000
21014,SWISS CHALET TREE DECORATION,929.7900,1852,189,91,330.9700,598.8200,0.7200,0.0008,0.0000,0.9648,C,929.7900,598.8200,2600.0000
23413,VINTAGE COFFEE GRINDER BOX,929.1100,177,58,34,0.0000,848.7200,49.8000,0.0509,0.0000,0.9649,C,929.1100,848.7200,2601.0000
37330,SPOTS MUG,927.4600,517,28,19,925.1200,2.3400,23.1000,0.0243,0.0000,0.9649,C,927.4600,2.3400,2602.0000
84341B,SMALL PINK MAGIC CHRISTMAS TREE,926.4300,1762,121,79,644.0500,282.3800,-0.0000,-0.0000,0.0000,0.9650,C,926.4300,282.3800,2603.0000
23099,FRENCH CARRIAGE LANTERN,925.3500,137,58,46,0.0000,852.2200,53.2000,0.0544,0.0000,0.9650,C,925.3500,852.2200,2604.0000
23002,TRAVEL CARD WALLET SKULLS,925.2900,2145,192,85,0.0000,886.3200,53.7600,0.0549,0.0000,0.9650,C,925.2900,886.3200,2605.0000
22703,PINK CAT BOWL,923.9100,514,165,57,340.5800,489.2800,-0.0000,-0.0000,0.0000,0.9651,C,923.9100,489.2800,2606.0000
21264,WHITE GOOSE FEATHER TREE 60CM,921.7500,393,68,51,346.2000,546.3000,15.6000,0.0166,0.0000,0.9651,C,921.7500,546.3000,2607.0000
20903,VINTAGE KEEPSAKE BOX TRAVELOGUE,919.8000,187,86,19,477.9100,441.8900,6.3500,0.0069,0.0000,0.9652,C,919.8000,441.8900,2608.0000
85121C,RETRO LAUNDRY TUB PISTACHIO,918.9100,98,53,39,918.9100,0.0000,17.0000,0.0182,0.0000,0.9652,C,918.9100,0.0000,2609.0000
72529W,WHITE ADVENT CANDLE,918.7500,464,47,39,918.7500,0.0000,125.0600,0.1198,0.0000,0.9653,C,918.7500,0.0000,2610.0000
21702,SET 5 MINI GATEAUX  FRIDGE MAGNETS,918.6800,2636,8,5,918.6800,0.0000,-0.0000,-0.0000,0.0000,0.9653,C,918.6800,0.0000,2611.0000
72045D,ROSES ON BLUE TEACUP CANDLE,918.6500,539,6,3,918.6500,0.0000,851.7600,0.4811,0.0000,0.9654,C,918.6500,0.0000,2612.0000
85130B,BEADED CRYSTAL HEART GREEN LARGE,918.3300,911,83,50,157.9000,759.6400,-0.0000,-0.0000,0.0000,0.9654,C,918.3300,759.6400,2613.0000
84600,NEW BAROQUE JEWELLERY BOX,918.2700,108,52,31,471.3800,399.1900,22.8500,0.0243,0.0000,0.9655,C,918.2700,399.1900,2614.0000
23338,EGG FRYING PAN RED,915.4000,431,109,62,0.0000,714.4900,12.4800,0.0135,0.0000,0.9655,C,915.4000,714.4900,2615.0000
85019A,ROMANTIC IMAGES NOTEBOOK SET,915.0400,647,49,37,350.6900,531.8500,30.0000,0.0317,0.0000,0.9656,C,915.0400,531.8500,2616.0000
21220,SET/4 BADGES DOGS,914.9300,680,159,65,457.4200,431.6200,-0.0000,-0.0000,0.0000,0.9656,C,914.9300,431.6200,2617.0000
21007,ETCHED GLASS DROPLET DECORATION,914.6700,1927,48,36,914.6700,0.0000,-0.0000,-0.0000,0.0000,0.9657,C,914.6700,0.0000,2618.0000
21320,GLASS CHALICE GREEN  LARGE,913.3400,398,56,31,549.1200,364.2200,52.5000,0.0544,0.0000,0.9657,C,913.3400,364.2200,2619.0000
37482P,CUBIC MUG PINK POLKADOT,910.9900,679,83,50,556.9600,354.0300,-0.0000,-0.0000,0.0000,0.9657,C,910.9900,354.0300,2620.0000
84974,S/2 ZINC HEART DESIGN PLANTERS,909.4000,92,57,52,511.4000,398.0000,9.9500,0.0108,0.0000,0.9658,C,909.4000,398.0000,2621.0000
23472,NINE DRAWER OFFICE TIDY,909.3700,59,33,29,0.0000,774.8200,-0.0000,-0.0000,0.0000,0.9658,C,909.3700,774.8200,2622.0000
23004,TRAVEL CARD WALLET PANTRY,906.9400,2011,221,73,0.0000,852.0900,77.2800,0.0785,0.0000,0.9659,C,906.9400,852.0900,2623.0000
22707,WRAP MONSTER FUN,905.9400,2157,83,70,378.0000,517.4400,-0.0000,-0.0000,0.0000,0.9659,C,905.9400,517.4400,2624.0000
46000P,POLYESTER FILLER PAD 65CMx65CM,905.2500,213,49,37,828.7500,76.5000,12.7500,0.0139,0.0000,0.9660,C,905.2500,76.5000,2625.0000
46776C,WOVEN FROST CUSHION COVER,905.1000,258,96,14,412.3100,429.2000,-0.0000,-0.0000,0.0000,0.9660,C,905.1000,429.2000,2626.0000
21318,GLASS CHALICE BLUE SMALL,903.7200,974,93,70,478.6400,425.0800,40.0600,0.0424,0.0000,0.9661,C,903.7200,425.0800,2627.0000
22248,DECORATION  PINK CHICK MAGIC GARDEN,903.2000,1015,173,77,377.2600,524.3100,17.8500,0.0194,0.0000,0.9661,C,903.2000,524.3100,2628.0000
21480,PINK STRIPE HOT WATER BOTTLE,902.4700,286,57,35,902.4700,0.0000,17.7000,0.0192,0.0000,0.9662,C,902.4700,0.0000,2629.0000
21444,BLUE CHALET BIRDFEEDER,902.0300,291,36,18,902.0300,0.0000,3.7500,0.0041,0.0000,0.9662,C,902.0300,0.0000,2630.0000
23532,WALL ART WORK REST AND PLAY,901.5800,210,31,23,0.0000,865.4400,-0.0000,-0.0000,0.0000,0.9663,C,901.5800,865.4400,2631.0000
84660B,BLACK STITCHED WALL CLOCK,901.0600,747,61,26,166.2000,734.8600,-0.0000,-0.0000,0.0000,0.9663,C,901.0600,734.8600,2632.0000
85031B,BLOSSOM IMAGES SCRAP BOOK SET,901.0400,497,85,25,896.0900,4.9500,-0.0000,-0.0000,0.0000,0.9663,C,901.0400,4.9500,2633.0000
84820,DANISH ROSE TRINKET TRAYS,900.9500,325,54,46,416.3200,431.6500,35.7000,0.0381,0.0000,0.9664,C,900.9500,431.6500,2634.0000
21270,ANTIQUE CREAM CUTLERY CUPBOARD,899.9300,78,51,24,369.7400,517.4400,-0.0000,-0.0000,0.0000,0.9664,C,899.9300,517.4400,2635.0000
20913,SET/5 BLUE SPOTTY LID GLASS BOWLS,898.7200,314,43,26,898.7200,0.0000,-0.0000,-0.0000,0.0000,0.9665,C,898.7200,0.0000,2636.0000
20757,RED DAISY POCKET BOOK,898.3500,5356,78,49,754.0600,144.2900,-0.0000,-0.0000,0.0000,0.9665,C,898.3500,144.2900,2637.0000
84086C,PINK/PURPLE RETRO RADIO,896.5500,301,88,25,262.4800,634.0700,-0.0000,-0.0000,0.0000,0.9666,C,896.5500,634.0700,2638.0000
23502,PLAYING CARDS VINTAGE DOILY,896.4100,714,94,80,0.0000,852.6600,-0.0000,-0.0000,0.0000,0.9666,C,896.4100,852.6600,2639.0000
17109B,FLOWER FAIRY INCENSE LAVENDER,896.3400,4542,17,13,896.3400,0.0000,-0.0000,-0.0000,0.0000,0.9667,C,896.3400,0.0000,2640.0000
20941,FROG CANDLE,896.2800,998,124,54,812.5000,83.7800,41.3500,0.0441,0.0000,0.9667,C,896.2800,83.7800,2641.0000
84760L,LARGE HANGING GLASS+ZINC LANTERN,896.0000,560,1,1,896.0000,0.0000,-0.0000,-0.0000,0.0000,0.9668,C,896.0000,0.0000,2642.0000
22936,BAKING MOULD ROSE WHITE CHOCOLATE,895.9700,279,50,30,0.0000,869.7100,198.0000,0.1810,0.0000,0.9668,C,895.9700,869.7100,2643.0000
21676,FLOWERS  STICKERS,893.7200,1193,159,75,648.3600,242.1000,-0.0000,-0.0000,0.0000,0.9668,C,893.7200,242.1000,2644.0000
85049e,SCANDINAVIAN REDS RIBBONS,893.2500,268,61,0,532.5400,321.2300,-0.0000,-0.0000,0.0000,0.9669,C,893.2500,321.2300,2645.0000
84666,SQUARE CHERRY BLOSSOM CABINET,892.7000,226,33,13,797.9000,94.8000,-0.0000,-0.0000,0.0000,0.9669,C,892.7000,94.8000,2646.0000
20759,CHRYSANTHEMUM POCKET BOOK,891.1300,5777,63,35,836.7300,53.5500,-0.0000,-0.0000,0.0000,0.9670,C,891.1300,53.5500,2647.0000
85214,TUB 24 PINK FLOWER PEGS,889.5300,516,169,94,618.4900,271.0400,-0.0000,-0.0000,0.0000,0.9670,C,889.5300,271.0400,2648.0000
85194S,HANGING SPRING FLOWER EGG SMALL,889.4600,1760,131,84,400.2900,476.8200,18.3900,0.0203,0.0000,0.9671,C,889.4600,476.8200,2649.0000
21724,PANDA AND BUNNIES STICKER SHEET,888.3400,996,178,81,532.5100,351.7200,1.7000,0.0019,0.0000,0.9671,C,888.3400,351.7200,2650.0000
20803,SMALL PINK GLASS SUNDAE DISH,886.7000,1161,84,50,407.9800,478.7200,38.4600,0.0416,0.0000,0.9672,C,886.7000,478.7200,2651.0000
20991,JAZZ HEARTS MAGNETIC MEMO PAD,884.5600,7084,32,12,884.5600,0.0000,-0.0000,-0.0000,0.0000,0.9672,C,884.5600,0.0000,2652.0000
35598B,BLACK CHRISTMAS TREE 60CM,883.5000,934,57,37,422.8600,460.6400,-0.0000,-0.0000,0.0000,0.9672,C,883.5000,460.6400,2653.0000
22164,STRING OF STARS CARD HOLDER,883.2200,315,49,40,633.0000,250.2200,2.9500,0.0033,0.0000,0.9673,C,883.2200,250.2200,2654.0000
21147,JINGLE BELLS TREE DECORATION,883.0800,483,118,33,467.3100,403.5300,4.2000,0.0047,0.0000,0.9673,C,883.0800,403.5300,2655.0000
23479,WIRE EGG BASKET,880.2300,114,44,35,0.0000,810.3200,-0.0000,-0.0000,0.0000,0.9674,C,880.2300,810.3200,2656.0000
84826,ASSTD DESIGN 3D PAPER STICKERS,878.4300,1745,51,48,486.5000,374.4500,102.0000,0.1040,0.0000,0.9674,C,878.4300,374.4500,2657.0000
90200E,GREEN SWEETHEART BRACELET,878.2200,210,91,36,454.8100,368.5600,68.0000,0.0719,0.0000,0.9675,C,878.2200,368.5600,2658.0000
72799A,BLACK PILLAR CANDLE SILVER FLOCK,877.8000,612,18,14,877.8000,0.0000,-0.0000,-0.0000,0.0000,0.9675,C,877.8000,0.0000,2659.0000
23423,PANTRY 3 HOOK ROLLING PIN HANGER,876.9000,219,66,47,0.0000,828.2700,18.7500,0.0209,0.0000,0.9676,C,876.9000,828.2700,2660.0000
21062,PARTY INVITES SPACEMAN,876.7200,1054,136,102,418.4900,448.0300,-0.0000,-0.0000,0.0000,0.9676,C,876.7200,448.0300,2661.0000
21185,HOME SWEET HOME  BLACKBOARD,876.2900,132,44,34,876.2900,0.0000,44.4500,0.0483,0.0000,0.9677,C,876.2900,0.0000,2662.0000
84925F,PSYCHEDELIC WALL THERMOMETER,875.6600,715,34,29,763.1800,112.4800,-0.0000,-0.0000,0.0000,0.9677,C,875.6600,112.4800,2663.0000
90200C,BLUE SWEETHEART BRACELET,874.6300,206,98,32,663.2000,211.4300,17.0000,0.0191,0.0000,0.9677,C,874.6300,211.4300,2664.0000
21338,MARAKESH LANTERN SMALL,873.2500,199,13,9,873.2500,0.0000,-0.0000,-0.0000,0.0000,0.9678,C,873.2500,0.0000,2665.0000
85165,CANDY PINK FRENCH BOUDOIR CLOCK,872.7600,90,58,9,872.7600,0.0000,-0.0000,-0.0000,0.0000,0.9678,C,872.7600,0.0000,2666.0000
21293,MIRRORED DOVE WALL DECORATION,872.3400,343,85,29,595.6200,272.5900,4.2000,0.0048,0.0000,0.9679,C,872.3400,272.5900,2667.0000
21414,SCALLOP SHELL SOAP DISH,870.8900,1637,36,17,868.7900,2.1000,2.1000,0.0024,0.0000,0.9679,C,870.8900,2.1000,2668.0000
23220,REINDEER HEART DECORATION GOLD,869.9800,994,103,55,0.0000,813.9000,9.9600,0.0113,0.0000,0.9680,C,869.9800,813.9000,2669.0000
17033,"BROCADE PURSE,SMALL ARCH BUTTON",867.8400,3280,69,58,867.8400,0.0000,10.4400,0.0119,0.0000,0.9680,C,867.8400,0.0000,2670.0000
17012B,ORIGAMI JASMINE INCENSE/CANDLE SET,867.4500,721,126,43,271.6000,595.8500,-0.0000,-0.0000,0.0000,0.9680,C,867.4500,595.8500,2671.0000
35954,SMALL FOLKART STAR CHRISTMAS DEC,865.4900,2243,111,58,505.8900,359.6000,-0.0000,-0.0000,0.0000,0.9681,C,865.4900,359.6000,2672.0000
21478,SILVER SKULL HOT WATER BOTTLE,865.4800,207,92,57,865.4800,0.0000,3.7500,0.0043,0.0000,0.9681,C,865.4800,0.0000,2673.0000
85166B,BLACK METAL BAROQUE PHOTO FRAME,864.1000,510,38,28,864.1000,0.0000,-0.0000,-0.0000,0.0000,0.9682,C,864.1000,0.0000,2674.0000
85161,ACRYLIC GEOMETRIC LAMP,863.8500,51,32,16,295.2000,568.6500,37.9000,0.0420,0.0000,0.9682,C,863.8500,568.6500,2675.0000
21255,"FRENCH BOTTLE , LAVENDER",860.0800,476,96,46,860.0800,0.0000,21.4500,0.0243,0.0000,0.9683,C,860.0800,0.0000,2676.0000
20894,HANGING BAUBLE T-LIGHT HOLDER LARGE,859.7500,278,79,47,751.0400,105.7600,16.9000,0.0193,0.0000,0.9683,C,859.7500,105.7600,2677.0000
84632,DECORATIVE HANGING SHELVING UNIT,859.2500,15,11,8,499.5500,359.7000,59.9500,0.0652,0.0000,0.9684,C,859.2500,359.7000,2678.0000
84578,ELEPHANT TOY WITH BLUE T-SHIRT,858.6600,223,112,67,858.6600,0.0000,-0.0000,-0.0000,0.0000,0.9684,C,858.6600,0.0000,2679.0000
20756,GREEN FERN POCKET BOOK,856.6600,5734,64,40,803.1100,53.5500,-0.0000,-0.0000,0.0000,0.9684,C,856.6600,53.5500,2680.0000
22486,PLASMATRONIC LAMP,856.4000,104,40,22,409.9500,350.4800,178.5000,0.1725,0.0000,0.9685,C,856.4000,350.4800,2681.0000
84660A,WHITE STITCHED WALL CLOCK,855.2600,860,51,34,71.8100,783.4500,4.5400,0.0053,0.0000,0.9685,C,855.2600,783.4500,2682.0000
21635,MADRAS NOTEBOOK LARGE,855.2400,398,42,35,480.2800,374.9600,45.0000,0.0500,0.0000,0.9686,C,855.2400,374.9600,2683.0000
21376,LARGE  TALL CAMPHOR WOOD TOADSTOOL,854.9100,187,46,35,657.1000,190.3100,-0.0000,-0.0000,0.0000,0.9686,C,854.9100,190.3100,2684.0000
84951A,SET OF 4 PISTACHIO LOVEBIRD COASTER,852.1000,624,135,37,298.3000,546.4200,18.9600,0.0218,0.0000,0.9687,C,852.1000,546.4200,2685.0000
22547,MINI JIGSAW DINOSAUR,850.6000,1989,189,84,512.3700,295.1200,0.8400,0.0010,0.0000,0.9687,C,850.6000,295.1200,2686.0000
20936,FORKED CACTUS CANDLE,849.2900,335,76,42,529.6300,306.8300,25.7500,0.0294,0.0000,0.9687,C,849.2900,306.8300,2687.0000
21458,2 PICTURE BOOK EGGS EASTER BUNNY,849.2400,768,88,51,592.7000,256.5400,-0.0000,-0.0000,0.0000,0.9688,C,849.2400,256.5400,2688.0000
20897,VINTAGE NOTEBOOK PARIS DAYS,848.7000,351,75,29,550.4300,298.2700,35.4000,0.0400,0.0000,0.9688,C,848.7000,298.2700,2689.0000
72349b,SET/6 PURPLE BUTTERFLY T-LIGHTS,848.4100,204,112,0,189.9000,584.1700,-0.0000,-0.0000,0.0000,0.9689,C,848.4100,584.1700,2690.0000
85208,SET/12 FUNKY FELT FLOWER PEG IN BAG,845.3400,424,87,56,426.3300,419.0100,-0.0000,-0.0000,0.0000,0.9689,C,845.3400,419.0100,2691.0000
22229,BUNNY WOODEN PAINTED WITH FLOWER,845.3000,1007,185,101,412.8400,431.2900,44.2000,0.0497,0.0000,0.9690,C,845.3000,431.2900,2692.0000
22820,GIFT BAG BIRTHDAY,845.1300,1353,110,67,269.7100,566.7900,1.3000,0.0015,0.0000,0.9690,C,845.1300,566.7900,2693.0000
84509a,SET OF 4 ENGLISH ROSE PLACEMATS,844.7400,113,75,0,68.9000,686.3200,-0.0000,-0.0000,0.0000,0.9690,C,844.7400,686.3200,2694.0000
90161C,ANT COPPER LIME BOUDICCA BRACELET,843.9100,169,100,28,431.1700,378.0300,-0.0000,-0.0000,0.0000,0.9691,C,843.9100,378.0300,2695.0000
37423,WHITE WITH BLACK CATS PLATE,843.8800,6168,70,17,810.7000,33.1800,295.2000,0.2592,0.0000,0.9691,C,843.8800,33.1800,2696.0000
21552,CERAMIC BIRDHOUSE BLACK ROSE  LARGE,843.5500,166,35,25,843.5500,0.0000,17.8500,0.0207,0.0000,0.9692,C,843.5500,0.0000,2697.0000
85231L,LAVENDER SCENTED SET/9 T-LIGHTS,841.7500,1043,116,81,841.7500,0.0000,-0.0000,-0.0000,0.0000,0.9692,C,841.7500,0.0000,2698.0000
21300,ANTIQUE EDWARDIAN DRESSER,841.7000,53,12,11,841.7000,0.0000,127.5000,0.1316,0.0000,0.9693,C,841.7000,0.0000,2699.0000
21128,GOLD FISHING GNOME,841.6300,126,57,22,295.0300,531.0000,-0.0000,-0.0000,0.0000,0.9693,C,841.6300,531.0000,2700.0000
23564,EGG CUP MILKMAID INGRID,841.3100,644,76,39,0.0000,789.2900,-0.0000,-0.0000,0.0000,0.9693,C,841.3100,789.2900,2701.0000
23551,PACK OF 12 PAISLEY PARK TISSUES,841.0100,1843,136,88,0.0000,788.7800,-0.0000,-0.0000,0.0000,0.9694,C,841.0100,788.7800,2702.0000
40018E,TEA TIME PAPER LANTERNS,840.9200,386,81,37,840.9200,0.0000,-0.0000,-0.0000,0.0000,0.9694,C,840.9200,0.0000,2703.0000
84782A,PINK 3 TIER GLASS PLATE STAND,840.4500,119,26,24,840.4500,0.0000,76.5000,0.0834,0.0000,0.9695,C,840.4500,0.0000,2704.0000
17039,INLAID WOOD INCENSE HOLDER,837.8800,3707,43,20,837.8800,0.0000,-0.0000,-0.0000,0.0000,0.9695,C,837.8800,0.0000,2705.0000
47563A,RETRO LONGBOARD IRONING BOARD COVER,837.8700,344,151,39,285.1100,488.0800,5.0000,0.0059,0.0000,0.9696,C,837.8700,488.0800,2706.0000
84762B,PINK PICNIC BARBECUE BUCKET,837.7700,113,48,19,837.7700,0.0000,-0.0000,-0.0000,0.0000,0.9696,C,837.7700,0.0000,2707.0000
85071C,"CHARLIE+LOLA""EXTREMELY BUSY"" SIGN",837.2300,1285,141,85,409.2300,420.3100,-0.0000,-0.0000,0.0000,0.9696,C,837.2300,420.3100,2708.0000
84849A,HELLO SAILOR BLUE SOAP HOLDER,835.2600,471,103,52,490.9200,344.3400,38.8700,0.0445,0.0000,0.9697,C,835.2600,344.3400,2709.0000
47367B,PAIR PADDED HANGERS PINK CHECK,834.9500,242,95,35,458.6800,376.2700,3.7500,0.0045,0.0000,0.9697,C,834.9500,376.2700,2710.0000
20776,ABSTRACT CIRCLES NOTEBOOK,834.3100,3259,84,50,834.3100,0.0000,-0.0000,-0.0000,0.0000,0.9698,C,834.3100,0.0000,2711.0000
85213,MINI  ZINC GARDEN DECORATIONS,832.4800,1390,80,48,498.4500,334.0300,0.8500,0.0010,0.0000,0.9698,C,832.4800,334.0300,2712.0000
85196,EASTER BUNNIES ON A STICK,831.0400,1564,71,59,831.0400,0.0000,6.6000,0.0079,0.0000,0.9699,C,831.0400,0.0000,2713.0000
23017,APOTHECARY MEASURING JAR,826.2800,67,22,20,0.0000,751.4000,12.5000,0.0149,0.0000,0.9699,C,826.2800,751.4000,2714.0000
85188A,GREEN METAL SWINGING BUNNY,825.8200,945,105,67,547.6500,278.1700,22.9500,0.0270,0.0000,0.9699,C,825.8200,278.1700,2715.0000
22510,GINGHAM BABUSHKA DOORSTOP,825.3200,317,90,70,418.8300,384.3700,-0.0000,-0.0000,0.0000,0.9700,C,825.3200,384.3700,2716.0000
21551,CERAMIC BIRDHOUSE BUTTERFLY LARGE,824.9500,169,22,16,824.9500,0.0000,-0.0000,-0.0000,0.0000,0.9700,C,824.9500,0.0000,2717.0000
79342B,BROWN FLOWER LIGHTS,824.9500,119,34,22,824.9500,0.0000,96.0500,0.1043,0.0000,0.9701,C,824.9500,0.0000,2717.0000
21654,RIDGED GLASS FINGER BOWL,824.8900,1195,82,53,315.5300,509.3600,-0.0000,-0.0000,0.0000,0.9701,C,824.8900,509.3600,2719.0000
22289,"DECORATION , HANGING METAL CHICKEN",822.4800,768,76,45,623.9600,198.5200,-0.0000,-0.0000,0.0000,0.9701,C,822.4800,198.5200,2720.0000
82613C,"METAL SIGN,CUPCAKE SINGLE HOOK",821.2600,771,187,56,376.6300,442.1700,10.9000,0.0131,0.0000,0.9702,C,821.2600,442.1700,2721.0000
21375,LARGE CAMPHOR WOOD FIELD MUSHROOM,820.1000,136,61,26,504.8300,309.0200,-0.0000,-0.0000,0.0000,0.9702,C,820.1000,309.0200,2722.0000
23186,FRENCH STYLE STORAGE JAR CAFE,819.4600,1982,70,57,0.0000,803.8000,9.2400,0.0111,0.0000,0.9703,C,819.4600,803.8000,2723.0000
17107D,"FLOWER FAIRY,5 SUMMER B'DRAW LINERS",818.5500,321,86,68,382.5000,423.3000,5.1000,0.0062,0.0000,0.9703,C,818.5500,423.3000,2724.0000
85187,S/12 MINI RABBIT EASTER,818.1300,480,109,75,261.6000,556.5300,-0.0000,-0.0000,0.0000,0.9704,C,818.1300,556.5300,2725.0000
21719,LOVELY BONBON STICKER SHEET,816.5400,910,141,69,509.1000,300.9200,-0.0000,-0.0000,0.0000,0.9704,C,816.5400,300.9200,2726.0000
23324,RUSTIC STRAWBERRY JAM POT LARGE,816.0400,399,44,38,0.0000,807.7800,67.5100,0.0764,0.0000,0.9704,C,816.0400,807.7800,2727.0000
23106,ZINC HEARTS PLANT POT HOLDER,815.5900,291,53,49,0.0000,797.4200,34.6800,0.0408,0.0000,0.9705,C,815.5900,797.4200,2728.0000
85145,JARDIN ETCHED GLASS LARGE BELL JAR,813.0000,92,30,27,645.3000,167.7000,38.2500,0.0449,0.0000,0.9705,C,813.0000,167.7000,2729.0000
20901,VINTAGE KEEPSAKE BOX PINK FLOWER,812.9300,92,67,14,721.4500,91.4800,12.7000,0.0154,0.0000,0.9706,C,812.9300,91.4800,2730.0000
84920,PINK FLOWER FABRIC PONY,812.8800,203,88,43,359.1500,442.4800,-0.0000,-0.0000,0.0000,0.9706,C,812.8800,442.4800,2731.0000
47594B,SCOTTIES DESIGN WASHBAG,812.2900,410,122,67,497.7400,314.5500,44.8500,0.0523,0.0000,0.9706,C,812.2900,314.5500,2732.0000
21222,SET/4 BADGES BEETLES,812.1500,627,133,70,458.9600,337.1800,-0.0000,-0.0000,0.0000,0.9707,C,812.1500,337.1800,2733.0000
20833,SHAKER THROW  QUILTED,811.8000,52,5,3,811.8000,0.0000,49.9500,0.0580,0.0000,0.9707,C,811.8000,0.0000,2734.0000
72801G,4 BURGUNDY WINE DINNER CANDLES,811.1200,1335,64,43,738.6600,72.4600,-0.0000,-0.0000,0.0000,0.9708,C,811.1200,72.4600,2735.0000
37333,"RETRO ""TEA FOR ONE""",810.0500,146,58,26,689.0600,120.9900,-0.0000,-0.0000,0.0000,0.9708,C,810.0500,120.9900,2736.0000
21374,MIRRORED WALL ART SKULLS,809.6700,470,71,57,345.8800,418.7900,-0.0000,-0.0000,0.0000,0.9709,C,809.6700,418.7900,2737.0000
16011,ANIMAL STICKERS,809.4000,3860,112,83,437.0700,367.0800,5.0400,0.0062,0.0000,0.9709,C,809.4000,367.0800,2738.0000
21454,PAINTED PINK RABBIT,809.3000,939,194,78,323.2900,479.2800,10.2000,0.0124,0.0000,0.9709,C,809.3000,479.2800,2739.0000
20769,DAISY JOURNAL,808.8100,438,79,48,591.2500,199.7100,-0.0000,-0.0000,0.0000,0.9710,C,808.8100,199.7100,2740.0000
84922,PINK BUTTERFLY WASHBAG,808.2200,342,17,9,765.9300,38.0400,-0.0000,-0.0000,0.0000,0.9710,C,808.2200,38.0400,2741.0000
23022,SMALL BONNE JAM JAR  T-LIGHT HOLDER,808.1600,422,22,19,0.0000,731.2000,62.4000,0.0717,0.0000,0.9711,C,808.1600,731.2000,2742.0000
22344,PARTY PIZZA DISH PINK POLKADOT,807.8900,1583,133,65,347.5100,417.0600,-0.0000,-0.0000,0.0000,0.9711,C,807.8900,417.0600,2743.0000
22058,CERAMIC LOVE HEARTS DESIGN MUG,807.6400,528,103,71,807.6400,0.0000,11.9200,0.0145,0.0000,0.9711,C,807.6400,0.0000,2744.0000
22135,MINI LADLE LOVE HEART PINK,806.5700,1625,317,58,483.7700,300.3200,10.0800,0.0123,0.0000,0.9712,C,806.5700,300.3200,2745.0000
85044,RED REINDEER STRING OF 20 LIGHTS,806.3500,150,40,26,806.3500,0.0000,23.3500,0.0281,0.0000,0.9712,C,806.3500,0.0000,2746.0000
84767,ZINC POLICE BOX LANTERN,806.2200,195,6,4,806.2200,0.0000,-0.0000,-0.0000,0.0000,0.9713,C,806.2200,0.0000,2747.0000
17012A,ORIGAMI VANILLA INCENSE/CANDLE SET,806.1600,726,95,30,430.2300,371.6800,-0.0000,-0.0000,0.0000,0.9713,C,806.1600,371.6800,2748.0000
84951B,SET OF 4 BLACK LOVEBIRD COASTERS,802.7300,565,120,31,247.9500,530.9900,-0.0000,-0.0000,0.0000,0.9713,C,802.7300,530.9900,2749.0000
23409,PHOTO FRAME LINEN AND LACE LARGE,801.6800,215,43,39,0.0000,756.6800,26.2500,0.0317,0.0000,0.9714,C,801.6800,756.6800,2750.0000
22408,MONEY BOX CONFECTIONERY DESIGN,801.1700,652,95,72,637.4800,149.6500,39.4100,0.0469,0.0000,0.9714,C,801.1700,149.6500,2751.0000
20699,MOUSEY LONG LEGS SOFT TOY,800.5100,295,88,42,534.4800,263.4800,-0.0000,-0.0000,0.0000,0.9715,C,800.5100,263.4800,2752.0000
22825,DECORATIVE PLANT POT WITH FRIEZE,799.0200,100,38,32,214.6500,584.3700,53.2500,0.0625,0.0000,0.9715,C,799.0200,584.3700,2753.0000
47574A,ENGLISH ROSE SCENTED HANGING FLOWER,797.7300,575,129,44,131.7800,665.9500,1.5000,0.0019,0.0000,0.9715,C,797.7300,665.9500,2754.0000
21455,PAINTED YELLOW WOODEN DAISY,797.2700,901,167,60,280.4800,511.6900,14.4500,0.0178,0.0000,0.9716,C,797.2700,511.6900,2755.0000
20997,ROSE DU SUD CUSHION COVER,796.7400,170,83,25,539.1300,236.9600,-0.0000,-0.0000,0.0000,0.9716,C,796.7400,236.9600,2756.0000
37494A,FAIRY CAKE CERAMIC BUTTER DISH,796.3900,238,51,18,796.3900,0.0000,14.7500,0.0182,0.0000,0.9717,C,796.3900,0.0000,2757.0000
22447,PIN CUSHION BABUSHKA BLUE,796.3400,248,82,41,385.5300,374.4600,20.1000,0.0246,0.0000,0.9717,C,796.3400,374.4600,2758.0000
84625D,WHITE NEWBAROQUE CANDLESTICK CANDLE,796.2900,651,51,36,796.2900,0.0000,57.8500,0.0677,0.0000,0.9717,C,796.2900,0.0000,2759.0000
23487,SWEET HEART CAKE CARRIER,795.5800,80,44,41,0.0000,765.7300,89.5500,0.1012,0.0000,0.9718,C,795.5800,765.7300,2760.0000
23521,WALL ART CAT AND BIRD,793.3700,413,44,21,0.0000,763.1700,-0.0000,-0.0000,0.0000,0.9718,C,793.3700,763.1700,2761.0000
35915C,PEACH KNITTED HEN,793.3200,662,82,23,476.8600,316.4600,-0.0000,-0.0000,0.0000,0.9719,C,793.3200,316.4600,2762.0000
85017A,ENVELOPE 50 ROMANTIC IMAGES,793.0000,1158,174,45,779.4200,13.5800,-0.0000,-0.0000,0.0000,0.9719,C,793.0000,13.5800,2763.0000
23335,EGG FRYING PAN IVORY,792.8600,378,96,62,0.0000,732.6300,24.9600,0.0305,0.0000,0.9719,C,792.8600,732.6300,2764.0000
23519,EMBROIDERED RIBBON REEL CLAIRE,792.3100,224,24,18,0.0000,792.3100,-0.0000,-0.0000,0.0000,0.9720,C,792.3100,792.3100,2765.0000
45008C,DECORATIVE NET CANOPY CREAM,792.0700,83,34,16,792.0700,0.0000,-0.0000,-0.0000,0.0000,0.9720,C,792.0700,0.0000,2766.0000
23568,EGG CUP HENRIETTA HEN CREAM,787.5200,630,48,24,0.0000,615.6200,1.2500,0.0016,0.0000,0.9721,C,787.5200,615.6200,2767.0000
23115,RED APPLES CHOPPING BOARD,785.1700,155,45,38,0.0000,714.0900,-0.0000,-0.0000,0.0000,0.9721,C,785.1700,714.0900,2768.0000
84970s,HANGING HEART ZINC T-LIGHT HOLDER,784.0400,373,98,0,287.5500,475.6900,-0.0000,-0.0000,0.0000,0.9721,C,784.0400,475.6900,2769.0000
72799C,PINK PILLAR CANDLE SILVER FLOCK,783.1000,471,48,32,653.6300,64.9000,-0.0000,-0.0000,0.0000,0.9722,C,783.1000,64.9000,2770.0000
20989,URBAN CHIC CHOPSTICKS SET/5,782.1800,407,57,29,782.1800,0.0000,3.9000,0.0050,0.0000,0.9722,C,782.1800,0.0000,2771.0000
20910,VINTAGE PHOTO ALBUM PARIS DAYS,781.8200,108,47,11,731.0200,50.8000,-0.0000,-0.0000,0.0000,0.9723,C,781.8200,50.8000,2772.0000
90200B,BLACK SWEETHEART BRACELET,779.7000,184,84,28,386.8700,346.2800,17.0000,0.0213,0.0000,0.9723,C,779.7000,346.2800,2773.0000
85130C,BEADED CRYSTAL HEART BLUE  LARGE,779.1400,684,68,51,340.2700,432.5500,-0.0000,-0.0000,0.0000,0.9723,C,779.1400,432.5500,2774.0000
37461,FUNKY MONKEY MUG,778.6400,742,95,35,777.3900,1.2500,1.2500,0.0016,0.0000,0.9724,C,778.6400,1.2500,2775.0000
84761,IVORY HANGING BIRD PLANTER,776.5000,279,61,33,776.5000,0.0000,20.4000,0.0256,0.0000,0.9724,C,776.5000,0.0000,2776.0000
21456,2 PICTURE BOOK EGGS EASTER CHICKS,776.0500,738,65,42,553.8300,207.2200,1.2500,0.0016,0.0000,0.9725,C,776.0500,207.2200,2777.0000
84534B,FAIRY CAKE NOTEBOOK A5 SIZE,775.5600,819,187,69,724.8400,50.7200,23.8000,0.0298,0.0000,0.9725,C,775.5600,50.7200,2778.0000
21554,CERAMIC BIRDHOUSE RED ROOF LARGE,773.7000,168,22,17,773.7000,0.0000,17.8500,0.0226,0.0000,0.9725,C,773.7000,0.0000,2779.0000
21723,ALPHABET HEARTS STICKER SHEET,772.5300,870,135,66,419.0500,351.0000,-0.0000,-0.0000,0.0000,0.9726,C,772.5300,351.0000,2780.0000
21015,DARK BIRD HOUSE TREE DECORATION,772.3100,1702,186,80,182.1800,519.7900,1.1600,0.0015,0.0000,0.9726,C,772.3100,519.7900,2781.0000
85135A,YELLOW DRAGONFLY HELICOPTER,770.4900,96,63,40,619.4400,151.0500,31.8000,0.0396,0.0000,0.9727,C,770.4900,151.0500,2782.0000
35095B,RED VICTORIAN FABRIC OVAL BOX,769.5800,1959,177,73,417.3300,340.1900,-0.0000,-0.0000,0.0000,0.9727,C,769.5800,340.1900,2783.0000
22640,SET OF 4 NAPKIN CHARMS 3 KEYS,767.9400,358,87,58,318.5500,410.4600,-0.0000,-0.0000,0.0000,0.9727,C,767.9400,410.4600,2784.0000
84712B,PINK JEWELLED PHOTO FRAME,767.1600,98,60,29,535.6000,231.5600,-0.0000,-0.0000,0.0000,0.9728,C,767.1600,231.5600,2785.0000
72755C,FLOWER FAIRY OIL BURNER SET ROSE,767.0000,592,14,12,767.0000,0.0000,13.7500,0.0176,0.0000,0.9728,C,767.0000,0.0000,2786.0000
72750A,"F.FAIRY S/3 CANDLE/GLASS,LILY/VALLY",766.8500,383,16,13,766.8500,0.0000,3.9000,0.0051,0.0000,0.9729,C,766.8500,0.0000,2787.0000
47581B,FAIRY CAKE WICKER PICNIC BASKET,766.5200,47,36,24,766.5200,0.0000,12.7500,0.0164,0.0000,0.9729,C,766.5200,0.0000,2788.0000
84029C,BROWN FURRY HOT WATER BOTTLE,766.1900,204,48,27,766.1900,0.0000,-0.0000,-0.0000,0.0000,0.9729,C,766.1900,0.0000,2789.0000
23140,TRIPLE WIRE HOOK IVORY HEART,766.1000,182,52,29,0.0000,766.1000,49.8000,0.0610,0.0000,0.9730,C,766.1000,766.1000,2790.0000
16259,PIECE OF CAMO STATIONERY SET,766.0900,5473,55,46,439.5300,326.5600,14.1000,0.0181,0.0000,0.9730,C,766.0900,326.5600,2791.0000
23006,TRAVEL CARD WALLET FLOWER MEADOW,765.2700,1764,173,88,0.0000,761.1100,32.7600,0.0411,0.0000,0.9731,C,765.2700,761.1100,2792.0000
16244B,MAXWELL 2 TONE BLUE 60 PAGE PHOTO A,765.0200,345,28,8,757.1700,7.8500,-0.0000,-0.0000,0.0000,0.9731,C,765.0200,7.8500,2793.0000
84963A,PINK PAINTED KASHMIRI CHAIR,763.3500,23,9,8,591.5500,171.8000,-0.0000,-0.0000,0.0000,0.9731,C,763.3500,171.8000,2794.0000
23550,WRAP ALPHABET POSTER,763.1000,1855,64,60,0.0000,752.6000,-0.0000,-0.0000,0.0000,0.9732,C,763.1000,752.6000,2795.0000
35811A,ENAMEL PINK SUGAR CONTAINER,762.9700,434,84,24,762.9700,0.0000,4.2000,0.0055,0.0000,0.9732,C,762.9700,0.0000,2796.0000
23458,DOLLY CABINET 3 DRAWERS,762.4500,51,30,30,0.0000,627.9000,74.7500,0.0893,0.0000,0.9732,C,762.4500,627.9000,2797.0000
90200A,PURPLE SWEETHEART BRACELET,762.4400,180,99,32,434.0000,235.6400,17.0000,0.0218,0.0000,0.9733,C,762.4400,235.6400,2798.0000
84762C,GREEN PICNIC BARBECUE BUCKET,761.2500,105,43,18,761.2500,0.0000,-0.0000,-0.0000,0.0000,0.9733,C,761.2500,0.0000,2799.0000
23025,DRAWER KNOB VINTAGE GLASS BALL,760.8000,350,54,40,0.0000,735.8400,12.4800,0.0161,0.0000,0.9734,C,760.8000,735.8400,2800.0000
23123,COCKTAIL SWORDS 50 PIECES,760.4000,936,95,64,0.0000,733.9000,4.9800,0.0065,0.0000,0.9734,C,760.4000,733.9000,2801.0000
84620,BLUE GINGHAM ROSE CUSHION COVER,758.5100,123,50,41,746.6100,11.9000,-0.0000,-0.0000,0.0000,0.9734,C,758.5100,11.9000,2802.0000
84663A,GRASS HOPPER WOODEN WALL CLOCK,758.2900,375,64,34,384.1700,374.1200,15.0600,0.0195,0.0000,0.9735,C,758.2900,374.1200,2803.0000
23282,FOLDING BUTTERFLY MIRROR IVORY,757.8600,812,135,67,0.0000,739.7500,-0.0000,-0.0000,0.0000,0.9735,C,757.8600,739.7500,2804.0000
21194,PINK  HONEYCOMB PAPER FAN,757.8000,581,95,51,199.7300,535.3200,6.5000,0.0085,0.0000,0.9736,C,757.8000,535.3200,2805.0000
21298,EDWARDIAN 2 DRAWER WALL CABINET,755.8000,52,14,14,755.8000,0.0000,99.7000,0.1165,0.0000,0.9736,C,755.8000,0.0000,2806.0000
22124,SET OF 2 TEA TOWELS PING MICROWAVE,754.8800,299,132,29,445.7700,238.2400,-0.0000,-0.0000,0.0000,0.9736,C,754.8800,238.2400,2807.0000
17165B,ASS COL LARGE SAND GECKO P'WEIGHT,754.8300,813,57,43,754.8300,0.0000,4.2000,0.0055,0.0000,0.9737,C,754.8300,0.0000,2808.0000
90209C,PINK ENAMEL+GLASS HAIR COMB,754.4600,399,66,15,273.9600,480.5000,12.6000,0.0164,0.0000,0.9737,C,754.4600,480.5000,2809.0000
23454,THREE MINI HANGING FRAMES,753.9500,179,52,41,0.0000,658.5100,8.3000,0.0109,0.0000,0.9737,C,753.9500,658.5100,2810.0000
84821,DANISH ROSE DELUXE COASTER,752.7000,1330,74,50,335.3500,407.4700,10.2000,0.0134,0.0000,0.9738,C,752.7000,407.4700,2811.0000
23223,CHRISTMAS TREE HANGING SILVER,751.8500,803,88,51,0.0000,694.1400,9.9600,0.0131,0.0000,0.9738,C,751.8500,694.1400,2812.0000
23124,18PC WOODEN CUTLERY SET DISPOSABLE,751.3800,567,43,23,0.0000,751.3800,-0.0000,-0.0000,0.0000,0.9739,C,751.3800,751.3800,2813.0000
72800A,S/4 BLACK DINNER CANDLE SILVER FLOC,750.9100,677,46,19,750.9100,0.0000,-0.0000,-0.0000,0.0000,0.9739,C,750.9100,0.0000,2814.0000
84653,GREEN ROSE QUILT,750.4800,14,12,8,750.4800,0.0000,-0.0000,-0.0000,0.0000,0.9739,C,750.4800,0.0000,2815.0000
21344,MOROCCAN BEATEN METAL DISH,749.8200,166,26,21,589.7300,130.2400,37.7500,0.0479,0.0000,0.9740,C,749.8200,130.2400,2816.0000
84615,PINK ROUND BUTTERFLY MIRROR,748.4800,240,21,13,748.4800,0.0000,241.6800,0.2441,0.0000,0.9740,C,748.4800,0.0000,2817.0000
35647,VINTAGE BEAD PINK SHADE,748.2400,563,74,19,731.9900,16.2500,-0.0000,-0.0000,0.0000,0.9741,C,748.2400,16.2500,2818.0000
84842,HELLO SAILOR BATHROOM SET,747.9000,1506,35,22,695.4000,52.5000,237.6000,0.2411,0.0000,0.9741,C,747.9000,52.5000,2819.0000
90161B,ANT COPPER TURQ BOUDICCA BRACELET,744.0600,149,76,21,366.1800,338.1900,-0.0000,-0.0000,0.0000,0.9741,C,744.0600,338.1900,2820.0000
21319,GLASS CHALICE GREEN  SMALL,743.6100,508,65,44,567.8300,175.7800,56.9500,0.0711,0.0000,0.9742,C,743.6100,175.7800,2821.0000
84689,S/2 BEACH HUT TREASURE CHESTS,742.9000,312,40,29,732.9500,9.9500,49.5500,0.0625,0.0000,0.9742,C,742.9000,9.9500,2822.0000
21377,SMALL CAMPHOR WOOD FIELD  MUSHROOM,742.5600,518,98,37,526.8800,203.0300,19.2000,0.0252,0.0000,0.9742,C,742.5600,203.0300,2823.0000
23325,RUSTIC STRAWBERRY JAM POT SMALL,740.9400,462,35,27,0.0000,740.9400,29.7000,0.0385,0.0000,0.9743,C,740.9400,740.9400,2824.0000
21503,TOYBOX  WRAP,740.4200,1801,64,57,451.5000,288.9200,0.4200,0.0006,0.0000,0.9743,C,740.4200,288.9200,2825.0000
21415,CLAM SHELL SMALL,738.7600,354,82,41,284.3400,425.1900,-0.0000,-0.0000,0.0000,0.9744,C,738.7600,425.1900,2826.0000
23114,VINTAGE LEAF CHOPPING BOARD,737.9500,149,45,40,0.0000,683.5000,14.8500,0.0197,0.0000,0.9744,C,737.9500,683.5000,2827.0000
22638,SET OF 4 NAPKIN CHARMS CROWNS,737.7800,406,74,56,255.9000,439.2200,2.5500,0.0034,0.0000,0.9744,C,737.7800,439.2200,2828.0000
84033,FLAG OF ST GEORGE,737.0300,393,49,41,699.0800,37.9500,21.4500,0.0283,0.0000,0.9745,C,737.0300,37.9500,2829.0000
21133,PAINTED BIRD ASSORTED CHRISTMAS,736.5700,424,42,38,736.5700,0.0000,-0.0000,-0.0000,0.0000,0.9745,C,736.5700,0.0000,2830.0000
47503F,ASS FLORAL PRINT TORCH,736.5500,2571,11,10,736.5500,0.0000,1.6500,0.0022,0.0000,0.9745,C,736.5500,0.0000,2831.0000
84715,SET OF 6 ICE CREAM SKITTLES,734.8900,241,47,35,687.6900,47.2000,-0.0000,-0.0000,0.0000,0.9746,C,734.8900,47.2000,2832.0000
23435,3 RAFFIA RIBBONS VINTAGE CHRISTMAS,734.7900,827,99,40,0.0000,682.2800,-0.0000,-0.0000,0.0000,0.9746,C,734.7900,682.2800,2833.0000
84708B,PINK JEWELLED PHOTO FRAME,732.7900,142,53,36,406.4400,301.6000,-0.0000,-0.0000,0.0000,0.9747,C,732.7900,301.6000,2834.0000
90209B,GREEN ENAMEL+GLASS HAIR COMB,732.7600,381,97,9,375.0200,357.7400,-0.0000,-0.0000,0.0000,0.9747,C,732.7600,357.7400,2835.0000
85131B,BEADED CRYSTAL HEART GREEN ON STICK,731.9900,949,216,12,210.8800,508.6600,-0.0000,-0.0000,0.0000,0.9747,C,731.9900,508.6600,2836.0000
21443,OLIVE CHALET BIRDFEEDER,731.6800,258,26,18,731.6800,0.0000,22.5000,0.0298,0.0000,0.9748,C,731.6800,0.0000,2837.0000
21378,SMALL TALL CAMPHOR WOOD TOADSTOOL,730.6200,561,88,47,512.7300,189.7400,-0.0000,-0.0000,0.0000,0.9748,C,730.6200,189.7400,2838.0000
23562,SET OF 6 RIBBONS PERFECTLY PRETTY,730.3700,253,43,37,0.0000,98.2600,-0.0000,-0.0000,0.0000,0.9748,C,730.3700,98.2600,2839.0000
20657,TROPICAL LUGGAGE TAG,727.7200,1878,118,54,621.8100,105.9100,-0.0000,-0.0000,0.0000,0.9749,C,727.7200,105.9100,2840.0000
23522,WALL ART DOG AND BALL,727.4400,354,32,20,0.0000,705.4000,-0.0000,-0.0000,0.0000,0.9749,C,727.4400,705.4000,2841.0000
84971L,LARGE HEART FLOWERS HOOK,727.2600,588,58,37,727.2600,0.0000,31.2500,0.0412,0.0000,0.9749,C,727.2600,0.0000,2842.0000
85230F,JASMINE VOTIVE CANDLE,725.7000,2946,62,48,635.3600,90.3400,-0.0000,-0.0000,0.0000,0.9750,C,725.7000,90.3400,2843.0000
35095A,BLUE VICTORIAN FABRIC OVAL BOX,725.5600,1809,166,61,336.9900,359.7900,-0.0000,-0.0000,0.0000,0.9750,C,725.5600,359.7900,2844.0000
85017C,ENVELOPE 50 CURIOUS IMAGES,723.9200,1092,119,44,696.9000,27.0200,120.9600,0.1432,0.0000,0.9751,C,723.9200,27.0200,2845.0000
85088,CANDY SPOT HAND BAG,723.8500,347,78,38,189.0200,534.8300,8.4000,0.0115,0.0000,0.9751,C,723.8500,534.8300,2846.0000
21001,ROSE DU SUD WASHBAG,723.7500,142,90,29,369.6100,350.0100,-0.0000,-0.0000,0.0000,0.9751,C,723.7500,350.0100,2847.0000
10134,COLOURING PENCILS BROWN TUBE,723.6300,627,52,44,723.6300,0.0000,12.5000,0.0170,0.0000,0.9752,C,723.6300,0.0000,2848.0000
84595E,LARGE TORTILLA DESIGN RED BOWL,723.5700,367,43,22,568.8900,154.6800,3.2900,0.0045,0.0000,0.9752,C,723.5700,154.6800,2849.0000
84976,RECTANGULAR SHAPED MIRROR,722.7600,674,56,40,276.6100,427.7200,11.0600,0.0151,0.0000,0.9752,C,722.7600,427.7200,2850.0000
21221,SET/4 BADGES CUTE CREATURES,722.1600,545,107,55,381.9400,336.5100,-0.0000,-0.0000,0.0000,0.9753,C,722.1600,336.5100,2851.0000
21026,SPACE OWL,721.7300,553,124,48,402.2300,302.2800,-0.0000,-0.0000,0.0000,0.9753,C,721.7300,302.2800,2852.0000
20701,PINK CAT FLORAL CUSHION COVER,721.4900,353,50,12,620.5200,100.9700,-0.0000,-0.0000,0.0000,0.9754,C,721.4900,100.9700,2853.0000
84684,BEACH HUT PHOTO FRAME,720.7000,609,40,17,720.7000,0.0000,51.0000,0.0661,0.0000,0.9754,C,720.7000,0.0000,2854.0000
82613A,"METAL SIGN,CUPCAKE SINGLE HOOK",718.7200,533,116,63,625.0900,93.6300,2.5000,0.0035,0.0000,0.9754,C,718.7200,93.6300,2855.0000
23222,CHRISTMAS TREE HANGING GOLD,718.5300,799,75,49,0.0000,669.7400,19.9200,0.0270,0.0000,0.9755,C,718.5300,669.7400,2856.0000
35951,FOLKART BAUBLE CHRISTMAS DECORATION,717.9900,1352,46,35,717.9900,0.0000,-0.0000,-0.0000,0.0000,0.9755,C,717.9900,0.0000,2857.0000
21457,2 PICTURE BOOK EGGS EASTER DUCKS,717.2500,686,65,45,551.3600,165.8900,-0.0000,-0.0000,0.0000,0.9755,C,717.2500,165.8900,2858.0000
35915B,BLUE KNITTED HEN,717.0300,565,67,31,459.8100,257.2200,-0.0000,-0.0000,0.0000,0.9756,C,717.0300,257.2200,2859.0000
20854,BLUE PATCH PURSE PINK HEART,716.3200,444,107,66,330.0000,386.3200,24.7500,0.0334,0.0000,0.9756,C,716.3200,386.3200,2860.0000
85186A,EASTER BUNNY GARLAND OF FLOWERS,716.1100,1545,159,76,422.3100,293.8000,5.0400,0.0070,0.0000,0.9756,C,716.1100,293.8000,2861.0000
21076,SET/20 COLLAGE PAPER NAPKIN,715.4000,844,92,60,715.4000,0.0000,0.8500,0.0012,0.0000,0.9757,C,715.4000,0.0000,2862.0000
79030D,TUMBLER BAROQUE,713.9800,1015,61,35,361.4100,352.5700,0.3900,0.0005,0.0000,0.9757,C,713.9800,352.5700,2863.0000
20850,ZINC HEART LATTICE PLANTER BOWL,713.8000,820,23,19,713.8000,0.0000,-0.0000,-0.0000,0.0000,0.9758,C,713.8000,0.0000,2864.0000
22100,SKULLS SQUARE TISSUE BOX,713.6400,1009,127,71,357.1800,311.4900,-0.0000,-0.0000,0.0000,0.9758,C,713.6400,311.4900,2865.0000
21379,CAMPHOR WOOD PORTOBELLO MUSHROOM,712.9600,647,125,43,458.6300,237.5900,-0.0000,-0.0000,0.0000,0.9758,C,712.9600,237.5900,2866.0000
23042,PAPER LANTERN 7 POINT SNOW STAR,711.5100,103,28,25,0.0000,658.3300,66.5000,0.0855,0.0000,0.9759,C,711.5100,658.3300,2867.0000
16015,MEDIUM CHINESE STYLE SCISSOR,711.3800,1572,65,40,421.4000,289.9800,-0.0000,-0.0000,0.0000,0.9759,C,711.3800,289.9800,2868.0000
22345,PARTY PIZZA DISH BLUE POLKADOT,711.1700,1469,128,62,311.5500,340.4900,15.3000,0.0211,0.0000,0.9759,C,711.1700,340.4900,2869.0000
23070,EDWARDIAN HEART PHOTO FRAME,709.5400,160,44,29,0.0000,688.8000,-0.0000,-0.0000,0.0000,0.9760,C,709.5400,688.8000,2870.0000
21442,GREEN BIRDHOUSE DECORATION,708.3700,977,136,66,397.8800,283.8900,-0.0000,-0.0000,0.0000,0.9760,C,708.3700,283.8900,2871.0000
21365,MIRRORED WALL ART STARS,707.9200,469,77,51,260.8300,408.0900,-0.0000,-0.0000,0.0000,0.9760,C,707.9200,408.0900,2872.0000
21740,COSY SLIPPER SHOES LARGE RED,706.8600,204,66,44,706.8600,0.0000,-0.0000,-0.0000,0.0000,0.9761,C,706.8600,0.0000,2873.0000
21308,LOUVRE VANITY MIRROR,705.9000,132,6,3,705.9000,0.0000,15.9000,0.0220,0.0000,0.9761,C,705.9000,0.0000,2874.0000
21386,IVORY HANGING DECORATION  EGG,705.7400,1196,105,72,415.5400,275.7600,-0.0000,-0.0000,0.0000,0.9761,C,705.7400,275.7600,2875.0000
21265,PINK GOOSE FEATHER TREE 60CM,705.5900,321,34,26,438.3800,232.1100,55.0000,0.0723,0.0000,0.9762,C,705.5900,232.1100,2876.0000
22981,PANTRY APPLE CORER,705.5800,472,105,58,0.0000,689.6100,8.7000,0.0122,0.0000,0.9762,C,705.5800,689.6100,2877.0000
22036,DINOSAUR BIRTHDAY CARD,705.1900,1673,135,77,705.1900,0.0000,27.3000,0.0373,0.0000,0.9763,C,705.1900,0.0000,2878.0000
84952C,MIRROR LOVE BIRD T-LIGHT HOLDER,705.0100,374,42,18,450.0100,255.0000,-0.0000,-0.0000,0.0000,0.9763,C,705.0100,255.0000,2879.0000
22641,SET OF 4 NAPKIN CHARMS INSTRUMENT,704.9000,300,69,49,401.1700,301.3600,-0.0000,-0.0000,0.0000,0.9763,C,704.9000,301.3600,2880.0000
84869,CANDY BUTTON PHOTO ALBUM,703.5400,302,26,18,703.5400,0.0000,-0.0000,-0.0000,0.0000,0.9764,C,703.5400,0.0000,2881.0000
20763,DAISY SKETCHBOOK,702.8600,267,74,54,497.8200,201.2900,15.0000,0.0209,0.0000,0.9764,C,702.8600,201.2900,2882.0000
84569A,PACK 3 IRON ON DOG PATCHES,702.4200,562,112,59,346.5800,350.9200,1.2500,0.0018,0.0000,0.9764,C,702.4200,350.9200,2883.0000
84931B,BLUE SCOTTIE DOG W FLOWER PATTERN,701.4800,279,83,44,269.7500,426.7700,7.6500,0.0108,0.0000,0.9765,C,701.4800,426.7700,2884.0000
21674,RIDGED GLASS PENDANT LAMPSHADE,697.8000,44,9,8,697.8000,0.0000,-0.0000,-0.0000,0.0000,0.9765,C,697.8000,0.0000,2885.0000
84584,PINK GINGHAM CAT WITH SCARF,696.7500,282,75,47,382.2400,314.5100,-0.0000,-0.0000,0.0000,0.9765,C,696.7500,314.5100,2886.0000
72131,COLUMBIAN CANDLE RECTANGLE,696.1800,750,56,42,457.8300,238.3500,31.2000,0.0429,0.0000,0.9766,C,696.1800,238.3500,2887.0000
85231E,STRAWBERRY SCENTED SET/9 T-LIGHTS,696.0800,836,106,77,696.0800,0.0000,10.2000,0.0144,0.0000,0.9766,C,696.0800,0.0000,2888.0000
23120,PACK OF 6 SMALL FRUIT STRAWS,695.4100,1716,100,69,0.0000,690.8900,30.2400,0.0417,0.0000,0.9766,C,695.4100,690.8900,2889.0000
23187,FRENCH STYLE STORAGE JAR BONBONS,695.0600,2338,74,66,0.0000,695.0600,16.4900,0.0232,0.0000,0.9767,C,695.0600,695.0600,2890.0000
20898,VINTAGE NOTEBOOK TRAVELOGUE,693.9200,327,53,35,588.1900,105.7300,17.7000,0.0249,0.0000,0.9767,C,693.9200,105.7300,2891.0000
72755D,FLOWER FAIRY OIL BURNER SET SUMMER,693.2500,533,13,12,693.2500,0.0000,-0.0000,-0.0000,0.0000,0.9768,C,693.2500,0.0000,2892.0000
20862,PINK PATCH PENCIL CASE BLUE HEART,691.1400,325,37,21,691.1400,0.0000,2.1000,0.0030,0.0000,0.9768,C,691.1400,0.0000,2893.0000
35964,FOLKART CLIP ON STARS,690.9300,1190,132,50,285.6800,356.3600,-0.0000,-0.0000,0.0000,0.9768,C,690.9300,356.3600,2894.0000
72753A,S/3 FLWR FAIRY LILLY CANDLES,690.2400,315,14,10,690.2400,0.0000,-0.0000,-0.0000,0.0000,0.9769,C,690.2400,0.0000,2895.0000
17165D,ASS COL LARGE SAND FROG P'WEIGHT,689.6700,723,89,62,661.3200,28.3500,6.3000,0.0091,0.0000,0.9769,C,689.6700,28.3500,2896.0000
22034,ROBIN CHRISTMAS CARD,688.6100,1653,94,71,683.5900,5.0200,10.0800,0.0144,0.0000,0.9769,C,688.6100,5.0200,2897.0000
90161D,ANT COPPER PINK BOUDICCA BRACELET,687.5200,138,75,18,368.6300,259.3700,-0.0000,-0.0000,0.0000,0.9770,C,687.5200,259.3700,2898.0000
22033,BOTANICAL ROSE GREETING CARD,686.9700,1615,128,80,545.0200,141.9500,-0.0000,-0.0000,0.0000,0.9770,C,686.9700,141.9500,2899.0000
84917,WHITE HAND TOWEL WITH BUTTERFLY,686.0300,229,53,16,219.7300,466.3000,-0.0000,-0.0000,0.0000,0.9770,C,686.0300,466.3000,2900.0000
84986B,SET OF 36 SILVER PAPER DOILIES,685.4600,464,75,58,685.4600,0.0000,-0.0000,-0.0000,0.0000,0.9771,C,685.4600,0.0000,2901.0000
84563A,PINK & WHITE BREAKFAST TRAY,685.1500,139,62,26,315.3100,369.8400,-0.0000,-0.0000,0.0000,0.9771,C,685.1500,369.8400,2902.0000
23597,PAPER BUNTING PAISLEY PARK,684.9700,251,31,28,0.0000,317.0200,17.7000,0.0252,0.0000,0.9771,C,684.9700,317.0200,2903.0000
85084,HOLLY TOP CHRISTMAS STOCKING,683.1000,684,84,53,666.1000,17.0000,-0.0000,-0.0000,0.0000,0.9772,C,683.1000,17.0000,2904.0000
37492D,PURPLE GREEN FLOWER PIGGY BANK,682.9900,361,26,18,682.9900,0.0000,13.2000,0.0190,0.0000,0.9772,C,682.9900,0.0000,2905.0000
85023B,EAU DE NILE JEWELLED PHOTOFRAME,682.3500,293,38,32,447.0000,232.8000,156.3000,0.1864,0.0000,0.9772,C,682.3500,232.8000,2906.0000
85096,HILDA CANDY SPOT RABBIT,680.6700,165,66,42,571.4400,105.4800,3.7500,0.0055,0.0000,0.9773,C,680.6700,105.4800,2907.0000
17012F,ORIGAMI SANDLEWOOD INCENSE/CAND SET,680.6500,586,107,38,150.0500,479.2900,-0.0000,-0.0000,0.0000,0.9773,C,680.6500,479.2900,2908.0000
47594A,CAROUSEL DESIGN WASHBAG,678.3000,344,105,65,478.4600,199.8400,44.8500,0.0620,0.0000,0.9773,C,678.3000,199.8400,2909.0000
62094B,TURQ ICE CREAM BUM BAG,677.9900,305,67,20,614.7800,63.2100,-0.0000,-0.0000,0.0000,0.9774,C,677.9900,63.2100,2910.0000
84925D,LA PALMIERA WALL THERMOMETER,677.4500,452,26,24,639.2000,38.2500,93.0000,0.1207,0.0000,0.9774,C,677.4500,38.2500,2911.0000
90082D,DIAMANTE BOW BROOCH BLACK COLOUR,677.0500,105,51,28,612.6700,64.3800,12.7000,0.0184,0.0000,0.9774,C,677.0500,64.3800,2912.0000
90160C,TURQ+RED BOUDICCA LARGE BRACELET,677.0000,97,45,25,299.9600,369.9700,-0.0000,-0.0000,0.0000,0.9775,C,677.0000,369.9700,2913.0000
84824,DANISH ROSE UMBRELLA STAND,676.4500,38,32,23,644.5500,31.9000,15.9500,0.0230,0.0000,0.9775,C,676.4500,31.9000,2914.0000
23428,IVORY RETRO KITCHEN WALL CLOCK,675.9100,77,33,25,0.0000,331.6300,16.3000,0.0235,0.0000,0.9775,C,675.9100,331.6300,2915.0000
21847,GREEN  DIAMANTE PEN IN GIFT BOX,675.3700,347,71,20,496.4800,178.8900,-0.0000,-0.0000,0.0000,0.9776,C,675.3700,178.8900,2916.0000
37444C,PINK BREAKFAST CUP AND SAUCER,674.5000,1656,54,14,631.4500,43.0500,99.8400,0.1289,0.0000,0.9776,C,674.5000,43.0500,2917.0000
20856,DENIM PATCH PURSE PINK BUTTERFLY,674.0900,408,122,70,316.8000,357.2900,18.1500,0.0262,0.0000,0.9777,C,674.0900,357.2900,2918.0000
90184C,BLACK CHUNKY BEAD BRACELET W STRAP,669.7900,74,49,21,479.2700,181.3700,-0.0000,-0.0000,0.0000,0.9777,C,669.7900,181.3700,2919.0000
72023F,RED ORGANIC CANDLE IN GLASS,669.6200,640,49,34,669.6200,0.0000,-0.0000,-0.0000,0.0000,0.9777,C,669.6200,0.0000,2920.0000
75013B,"STRING OF 8 BUTTERFLIES,PINK",669.6200,390,76,48,628.3700,41.2500,2.7000,0.0040,0.0000,0.9778,C,669.6200,41.2500,2921.0000
85205B,PINK FELT EASTER RABBIT GARLAND,669.3800,241,61,36,346.2300,323.1500,-0.0000,-0.0000,0.0000,0.9778,C,669.3800,323.1500,2922.0000
23024,LARGE BONNE JAM JAR  T-LIGHT HOLDER,667.8500,255,11,8,0.0000,667.8500,4.9800,0.0074,0.0000,0.9778,C,667.8500,667.8500,2923.0000
21879,HEARTS GIFT TAPE,666.7900,1570,152,81,280.0200,376.0400,-0.0000,-0.0000,0.0000,0.9779,C,666.7900,376.0400,2924.0000
85203,HANGING WOOD AND FELT BUTTERFLY,666.7500,1465,224,94,257.3400,399.3300,-0.0000,-0.0000,0.0000,0.9779,C,666.7500,399.3300,2925.0000
21247,SET OF RED SALAD SERVERS,666.2200,423,81,44,666.2200,0.0000,-0.0000,-0.0000,0.0000,0.9779,C,666.2200,0.0000,2926.0000
21263,GREEN GOOSE FEATHER TREE 60CM,666.0900,303,56,39,309.1200,335.5200,3.9000,0.0058,0.0000,0.9780,C,666.0900,335.5200,2927.0000
21750,LARGE SKULL WINDMILL,665.9500,310,62,43,456.3400,209.6100,2.1000,0.0031,0.0000,0.9780,C,665.9500,209.6100,2928.0000
21884,CAKES AND BOWS GIFT  TAPE,664.2600,1449,161,61,250.5000,404.3300,-0.0000,-0.0000,0.0000,0.9780,C,664.2600,404.3300,2929.0000
22056,CERAMIC PLATE LOVE HEART DESIGN,662.8300,611,34,23,662.8300,0.0000,1.4900,0.0022,0.0000,0.9781,C,662.8300,0.0000,2930.0000
85168B,BLACK BAROQUE CARRIAGE CLOCK,662.1200,73,52,17,229.3300,374.7600,-0.0000,-0.0000,0.0000,0.9781,C,662.1200,374.7600,2931.0000
17012D,ORIGAMI ROSE INCENSE/CANDLE SET,662.1200,522,116,41,111.4800,485.6000,-0.0000,-0.0000,0.0000,0.9781,C,662.1200,485.6000,2931.0000
46776E,WOVEN CANDY CUSHION COVER,662.1000,205,77,9,373.6700,267.7800,-0.0000,-0.0000,0.0000,0.9782,C,662.1000,267.7800,2933.0000
21197,MULTICOLOUR  CONFETTI IN TUBE,661.8100,453,45,29,278.8500,363.1600,34.6500,0.0498,0.0000,0.9782,C,661.8100,363.1600,2934.0000
85188B,PINK METAL SWINGING BUNNY,661.7300,749,74,48,593.0300,68.7000,20.4000,0.0299,0.0000,0.9782,C,661.7300,68.7000,2935.0000
23547,WRAP FLOWER SHOP,661.5000,1575,62,57,0.0000,609.0000,-0.0000,-0.0000,0.0000,0.9783,C,661.5000,609.0000,2936.0000
17109C,FLOWER FAIRY INCENSE ROSE,661.2300,3124,15,13,661.2300,0.0000,1.6900,0.0025,0.0000,0.9783,C,661.2300,0.0000,2937.0000
23482,PEARLISED IVORY HEART LARGE,661.0200,418,39,32,0.0000,598.3200,-0.0000,-0.0000,0.0000,0.9783,C,661.0200,598.3200,2938.0000
37474,SET/4 2 TONE EGG SHAPE MIXING BOWLS,661.0000,64,44,33,651.0500,9.9500,-0.0000,-0.0000,0.0000,0.9784,C,661.0000,9.9500,2939.0000
21764,VINTAGE WOODEN PLATE RACK,659.1500,17,11,11,659.1500,0.0000,39.9500,0.0571,0.0000,0.9784,C,659.1500,0.0000,2940.0000
71403,"PINK/WHITE ""KEEP CLEAN"" BULLET BIN",659.0000,177,69,20,372.0900,286.9100,5.9000,0.0089,0.0000,0.9784,C,659.0000,286.9100,2941.0000
16169K,WRAP FOLK ART,658.7500,2075,60,56,574.7500,84.0000,-0.0000,-0.0000,0.0000,0.9785,C,658.7500,84.0000,2942.0000
22054,MINI CAKE STAND HANGING HEARTS,658.3100,363,74,45,658.3100,0.0000,23.1000,0.0339,0.0000,0.9785,C,658.3100,0.0000,2943.0000
85186C,BUNNY EGG GARLAND,658.1900,1400,152,75,389.0200,269.1700,18.4800,0.0273,0.0000,0.9785,C,658.1900,269.1700,2944.0000
46776D,WOVEN SUNSET CUSHION COVER,658.0700,153,76,7,279.7800,308.0800,11.9300,0.0178,0.0000,0.9786,C,658.0700,308.0800,2945.0000
85028S,FRENCH CHATEAU SMALL FRUITBOWL,656.8200,430,33,29,605.2200,51.6000,54.9000,0.0771,0.0000,0.9786,C,656.8200,51.6000,2946.0000
21441,BLUE BIRDHOUSE DECORATION,655.4600,928,133,67,363.4300,265.4300,-0.0000,-0.0000,0.0000,0.9786,C,655.4600,265.4300,2947.0000
21307,SET/4 BUTTERFLY MIRROR MAGNETS,654.2700,751,72,41,615.0700,39.2000,2.1000,0.0032,0.0000,0.9787,C,654.2700,39.2000,2948.0000
85028L,FRENCH CHATEAU LARGE FRUIT BOWL,654.0100,271,27,22,634.5100,19.5000,45.9000,0.0656,0.0000,0.9787,C,654.0100,19.5000,2949.0000
21350,GINGHAM HEART WREATH,653.6500,227,42,39,653.6500,0.0000,5.9000,0.0089,0.0000,0.9787,C,653.6500,0.0000,2950.0000
85215,ASSORTED CHEESE FRIDGE MAGNETS,651.6900,843,66,33,470.9800,180.7100,-0.0000,-0.0000,0.0000,0.9788,C,651.6900,180.7100,2951.0000
85019C,CURIOUS  IMAGES NOTEBOOK SET,651.1900,423,25,18,380.4700,270.7200,81.0000,0.1106,0.0000,0.9788,C,651.1900,270.7200,2952.0000
17164B,ASS COL SMALL SAND GECKO P'WEIGHT,650.7600,1630,81,64,638.5800,12.1800,0.8400,0.0013,0.0000,0.9788,C,650.7600,12.1800,2953.0000
20618,QUEEN OF THE SKIES PASSPORT COVER,650.6400,298,137,50,364.2500,284.2900,-0.0000,-0.0000,0.0000,0.9789,C,650.6400,284.2900,2954.0000
20714,POSY SHOPPER BAG,649.8200,1580,28,10,649.8200,0.0000,-0.0000,-0.0000,0.0000,0.9789,C,649.8200,0.0000,2955.0000
21134,VICTORIAN METAL POSTCARD CHRISTMAS,649.7400,379,46,40,649.7400,0.0000,-0.0000,-0.0000,0.0000,0.9789,C,649.7400,0.0000,2956.0000
23224,CHERUB HEART DECORATION GOLD,649.0200,738,71,44,0.0000,588.7000,11.6200,0.0176,0.0000,0.9790,C,649.0200,588.7000,2957.0000
84993A,75 GREEN PETIT FOUR CASES,648.6100,1471,177,88,488.9200,147.1000,-0.0000,-0.0000,0.0000,0.9790,C,648.6100,147.1000,2958.0000
21003,ROSE DU SUD CUSHION COVER,647.7500,109,64,10,187.1700,414.2600,-0.0000,-0.0000,0.0000,0.9790,C,647.7500,414.2600,2959.0000
84916,HAND TOWEL PALE BLUE W FLOWERS,646.4300,261,58,28,193.0400,453.3900,-0.0000,-0.0000,0.0000,0.9791,C,646.4300,453.3900,2960.0000
22391,PAPERWEIGHT HOME SWEET HOME,645.3900,327,66,45,399.8100,230.3700,-0.0000,-0.0000,0.0000,0.9791,C,645.3900,230.3700,2961.0000
84865,NEW BAROQUE BLACK PHOTO ALBUM,645.3200,79,48,26,493.2100,152.1100,-0.0000,-0.0000,0.0000,0.9791,C,645.3200,152.1100,2962.0000
17181,CIRCLE OF FRIENDS CANDLE HOLDER,645.2100,354,65,26,645.2100,0.0000,-0.0000,-0.0000,0.0000,0.9792,C,645.2100,0.0000,2963.0000
47597,NEW ENGLAND TEATOWELS,644.8800,322,124,34,644.8800,0.0000,-0.0000,-0.0000,0.0000,0.9792,C,644.8800,0.0000,2964.0000
23408,PHOTO FRAME LINEN AND LACE SMALL,644.8000,310,59,53,0.0000,617.7600,29.1200,0.0432,0.0000,0.9792,C,644.8000,617.7600,2965.0000
84766,SILVER ROCOCO CANDLE STICK,643.9500,201,27,24,303.2500,340.7000,43.2000,0.0629,0.0000,0.9793,C,643.9500,340.7000,2966.0000
22042,CHRISTMAS CARD SINGING ANGEL,642.3100,1774,128,89,468.9400,148.1700,10.0800,0.0155,0.0000,0.9793,C,642.3100,148.1700,2967.0000
85185D,FROG SOCK PUPPET,642.0100,197,66,38,597.7600,44.2500,-0.0000,-0.0000,0.0000,0.9793,C,642.0100,44.2500,2968.0000
84520D,PACK OF 20 FAIRY CAKE PAPER NAPKINS,641.1700,701,94,53,641.1700,0.0000,10.2000,0.0157,0.0000,0.9794,C,641.1700,0.0000,2969.0000
16169M,WRAP DAISY CARPET,640.9500,2060,59,56,363.7500,266.7000,-0.0000,-0.0000,0.0000,0.9794,C,640.9500,266.7000,2970.0000
17084N,FAIRY DREAMS INCENSE,640.2600,2768,187,42,326.9500,305.9600,-0.0000,-0.0000,0.0000,0.9794,C,640.2600,305.9600,2971.0000
21816,CHRISTMAS TREE T-LIGHT HOLDER,640.2400,424,50,34,590.9400,49.3000,1.4500,0.0023,0.0000,0.9794,C,640.2400,49.3000,2972.0000
35004P,SET OF 3 PINK FLYING DUCKS,638.9700,120,43,17,633.5200,5.4500,-0.0000,-0.0000,0.0000,0.9795,C,638.9700,5.4500,2973.0000
21665,TRIANGULAR RIDGED GLASS POSY HOLDER,638.8000,879,75,35,638.8000,0.0000,-0.0000,-0.0000,0.0000,0.9795,C,638.8000,0.0000,2974.0000
84601A,NEW BAROQUE IVORY CUSHION COVER,638.3400,260,15,9,638.3400,0.0000,187.5000,0.2270,0.0000,0.9795,C,638.3400,0.0000,2975.0000
47592A,CAROUSEL DES CHILD'S OVERALL,637.3700,331,101,31,637.3700,0.0000,-0.0000,-0.0000,0.0000,0.9796,C,637.3700,0.0000,2976.0000
84872a,TEATIME FUNKY FLOWER BACKPACK FOR 2,636.4700,58,45,0,354.3200,282.1500,-0.0000,-0.0000,0.0000,0.9796,C,636.4700,282.1500,2977.0000
23492,VINTAGE JINGLE BELLS WREATH,635.3800,76,28,24,0.0000,577.6300,-0.0000,-0.0000,0.0000,0.9796,C,635.3800,577.6300,2978.0000
84507C,BLUE CIRCLES DESIGN MONKEY DOLL,634.6400,433,70,27,458.9100,175.7300,20.4000,0.0311,0.0000,0.9797,C,634.6400,175.7300,2979.0000
23456,MEDIUM PARLOUR PICTURE FRAME,634.1000,158,36,33,0.0000,605.0500,8.3000,0.0129,0.0000,0.9797,C,634.1000,605.0500,2980.0000
22263,FELT EGG COSY LADYBIRD,632.4800,842,105,34,435.6600,195.1900,32.3400,0.0486,0.0000,0.9797,C,632.4800,195.1900,2981.0000
23453,OVAL  MINI PORTRAIT FRAME,631.5800,324,47,40,0.0000,559.4300,-0.0000,-0.0000,0.0000,0.9798,C,631.5800,559.4300,2982.0000
20819,SILVER TEDDY BEAR,631.4900,228,65,39,386.7700,244.7200,-0.0000,-0.0000,0.0000,0.9798,C,631.4900,244.7200,2983.0000
23216,LAUREL HEART ANTIQUE GOLD,630.7300,525,44,32,0.0000,623.2700,-0.0000,-0.0000,0.0000,0.9798,C,630.7300,623.2700,2984.0000
84964A,PINK PAINTED KASHMIRI TABLE,630.0000,11,2,2,630.0000,0.0000,-0.0000,-0.0000,0.0000,0.9799,C,630.0000,0.0000,2985.0000
23019,SMALL APOTHECARY MEASURING JAR,629.0500,81,28,26,0.0000,612.5500,-0.0000,-0.0000,0.0000,0.9799,C,629.0500,612.5500,2986.0000
85230E,STRAWBRY SCENTED VOTIVE CANDLE,628.4100,2445,66,44,360.9600,267.4500,-0.0000,-0.0000,0.0000,0.9799,C,628.4100,267.4500,2987.0000
23027,DRAWER KNOB VINTAGE GLASS HEXAGON,627.9500,295,30,26,0.0000,565.5500,-0.0000,-0.0000,0.0000,0.9800,C,627.9500,565.5500,2988.0000
71101E,STANDING FAIRY POLE SUPPORT,627.8300,779,47,34,347.6300,280.2000,2.5500,0.0040,0.0000,0.9800,C,627.8300,280.2000,2989.0000
23471,SIX DRAWER OFFICE TIDY,626.7400,66,27,26,0.0000,596.8900,-0.0000,-0.0000,0.0000,0.9800,C,626.7400,596.8900,2990.0000
16169N,WRAP BLUE RUSSIAN FOLKART,626.2500,2025,56,52,615.7500,10.5000,-0.0000,-0.0000,0.0000,0.9801,C,626.2500,10.5000,2991.0000
20694,FLORAL PINK MONSTER,626.0800,167,54,23,438.5400,187.5400,15.0000,0.0234,0.0000,0.9801,C,626.0800,187.5400,2992.0000
90184B,AMETHYST CHUNKY BEAD BRACELET W STR,625.4800,69,47,23,327.5400,261.7400,26.8500,0.0412,0.0000,0.9801,C,625.4800,261.7400,2993.0000
85218,S/5 MINI ICE CREAM FRIDGE MAGNETS,625.2000,1992,2,2,625.2000,0.0000,4.3500,0.0069,0.0000,0.9802,C,625.2000,0.0000,2994.0000
21004,ROSE DU SUD CHILDS APRON,625.0700,137,70,40,625.0700,0.0000,-0.0000,-0.0000,0.0000,0.9802,C,625.0700,0.0000,2995.0000
22043,CHRISTMAS CARD SCREEN PRINT,624.2900,2209,125,86,319.7900,289.0200,5.0400,0.0080,0.0000,0.9802,C,624.2900,289.0200,2996.0000
82616A,BUBBLE GUM SCARF KNITTING KIT,624.2100,316,52,42,624.2100,0.0000,-0.0000,-0.0000,0.0000,0.9802,C,624.2100,0.0000,2997.0000
84596J,MIXED NUTS LIGHT GREEN BOWL,622.9900,811,138,50,326.5400,296.4500,7.5000,0.0119,0.0000,0.9803,C,622.9900,296.4500,2998.0000
85092,CANDY SPOT TEA COSY,622.5700,391,24,14,582.5200,40.0500,30.0000,0.0460,0.0000,0.9803,C,622.5700,40.0500,2999.0000
23425,STORAGE TIN HOME SWEET HOME,621.4400,275,56,35,0.0000,490.0300,17.4300,0.0273,0.0000,0.9803,C,621.4400,490.0300,3000.0000
23180,MUM'S KITCHEN CLOCK,621.0900,122,49,29,0.0000,588.8500,4.9500,0.0079,0.0000,0.9804,C,621.0900,588.8500,3001.0000
20689,RETRO SISTERS EXPRESSO CUPS,620.0500,430,41,25,620.0500,0.0000,23.4000,0.0364,0.0000,0.9804,C,620.0500,0.0000,3002.0000
16156N,"WRAP, FRIENDSHIP ON GREEN",619.5000,1475,56,51,619.5000,0.0000,-0.0000,-0.0000,0.0000,0.9804,C,619.5000,0.0000,3003.0000
84707B,PINK JEWELLED MIRROR TRINKET TRAY,618.5200,79,51,22,407.9700,181.3000,39.8000,0.0605,0.0000,0.9805,C,618.5200,181.3000,3004.0000
16012,FOOD/DRINK SPONGE STICKERS,618.0900,2949,83,67,356.8500,255.9900,-0.0000,-0.0000,0.0000,0.9805,C,618.0900,255.9900,3005.0000
20696,FLORAL SOFT CAR TOY,617.9400,151,60,28,387.1300,230.8100,-0.0000,-0.0000,0.0000,0.9805,C,617.9400,230.8100,3006.0000
84051,ASS COLOUR GLOWING TIARAS,617.3300,757,60,50,401.2700,194.8100,-0.0000,-0.0000,0.0000,0.9806,C,617.3300,194.8100,3007.0000
82095,HEART BUTTONS JEWELLERY BOX,616.2100,102,48,21,260.1000,356.1100,-0.0000,-0.0000,0.0000,0.9806,C,616.2100,356.1100,3008.0000
72772,SET/4 SCENTED CANDLES IN RAMEKINS,615.8400,457,9,8,615.8400,0.0000,-0.0000,-0.0000,0.0000,0.9806,C,615.8400,0.0000,3009.0000
84952B,BLACK LOVE BIRD T-LIGHT HOLDER,615.4900,364,44,15,283.3500,324.6800,11.2500,0.0180,0.0000,0.9807,C,615.4900,324.6800,3010.0000
84932C,SMALL ORIENTAL BLUE FOLDING STOOL,615.4000,282,34,31,615.4000,0.0000,8.5000,0.0136,0.0000,0.9807,C,615.4000,0.0000,3011.0000
90143,SILVER BRACELET W PASTEL FLOWER,614.1300,81,41,15,361.9500,244.2800,60.0000,0.0890,0.0000,0.9807,C,614.1300,244.2800,3012.0000
22346,PARTY PIZZA DISH GREEN POLKADOT,614.0300,1304,103,43,232.3700,337.2000,-0.0000,-0.0000,0.0000,0.9808,C,614.0300,337.2000,3013.0000
90198A,VINTAGE ROSE BEAD BRACELET RASPBERR,613.6800,145,84,21,297.9500,270.0800,-0.0000,-0.0000,0.0000,0.9808,C,613.6800,270.0800,3014.0000
84859A,SILVER DISCO HANDBAG,613.5300,293,58,40,340.5400,264.7300,-0.0000,-0.0000,0.0000,0.9808,C,613.5300,264.7300,3015.0000
47583A,SET OF 3 WICKER BASKET ROSE,612.8200,71,6,5,612.8200,0.0000,49.9000,0.0753,0.0000,0.9808,C,612.8200,0.0000,3016.0000
84247G,"DECOUPAGE,GREETING CARD,",612.7500,1438,107,54,454.1200,158.6300,-0.0000,-0.0000,0.0000,0.9809,C,612.7500,158.6300,3017.0000
85114c,RED ENCHANTED FOREST PLACEMAT,612.6400,185,42,0,77.9800,511.6300,-0.0000,-0.0000,0.0000,0.9809,C,612.6400,511.6300,3018.0000
37351,ORANGE FLOWER MUG,612.5100,5404,11,7,603.4500,9.0600,-0.0000,-0.0000,0.0000,0.9809,C,612.5100,9.0600,3019.0000
23018,LARGE APOTHECARY MEASURING JAR,612.1600,51,21,19,0.0000,612.1600,-0.0000,-0.0000,0.0000,0.9810,C,612.1600,612.1600,3020.0000
79315W,FLYING SAUCER TABLE LIGHT IN WHITE,611.5100,199,13,6,611.5100,0.0000,-0.0000,-0.0000,0.0000,0.9810,C,611.5100,0.0000,3021.0000
35972,DAISY FOLKART HEART DECORATION,611.3800,440,87,43,491.3800,120.0000,-0.0000,-0.0000,0.0000,0.9810,C,611.3800,120.0000,3022.0000
21173,LOO ROLL  METAL SIGN,611.2600,342,77,44,611.2600,0.0000,19.8000,0.0314,0.0000,0.9811,C,611.2600,0.0000,3023.0000
84858C,PINK RIVIERA HANDBAG,611.0700,347,30,22,349.3900,261.6800,-0.0000,-0.0000,0.0000,0.9811,C,611.0700,261.6800,3024.0000
22538,MINI JIGSAW GO TO THE FAIR,610.8500,1444,86,56,446.0100,155.7200,-0.0000,-0.0000,0.0000,0.9811,C,610.8500,155.7200,3025.0000
20655,QUEEN OF SKIES LUGGAGE TAG,609.7300,415,189,55,317.4400,291.0400,-0.0000,-0.0000,0.0000,0.9812,C,609.7300,291.0400,3026.0000
21440,12 MINI TOADSTOOL PEGS,608.8100,481,95,72,608.8100,0.0000,2.5000,0.0041,0.0000,0.9812,C,608.8100,0.0000,3027.0000
21416,CLAM SHELL LARGE,606.8100,752,22,15,588.0600,18.7500,-0.0000,-0.0000,0.0000,0.9812,C,606.8100,18.7500,3028.0000
20863,BLUE PATCH PENCIL CASE PINK HEART,605.7300,295,50,35,605.7300,0.0000,2.1000,0.0035,0.0000,0.9812,C,605.7300,0.0000,3029.0000
20695,FLORAL BLUE MONSTER,604.5800,142,61,24,583.3300,21.2500,17.0000,0.0273,0.0000,0.9813,C,604.5800,21.2500,3030.0000
23520,EMBROIDERED RIBBON REEL RUBY,604.3000,168,32,30,0.0000,578.0500,-0.0000,-0.0000,0.0000,0.9813,C,604.3000,578.0500,3031.0000
84876D,BLUE HEART COMPACT MIRROR,604.2700,332,35,24,383.0200,221.2500,47.5000,0.0729,0.0000,0.9813,C,604.2700,221.2500,3032.0000
85169D,PINK LOVE BIRD CANDLE,603.9800,521,88,39,247.9000,356.0800,1.2500,0.0021,0.0000,0.9814,C,603.9800,356.0800,3033.0000
79190B,RETRO PLASTIC POLKA TRAY,603.0800,1485,136,57,314.7200,269.4600,6.7200,0.0110,0.0000,0.9814,C,603.0800,269.4600,3034.0000
84932A,SMALL GREEN PEONY FOLDING STOOL,602.6000,262,24,22,602.6000,0.0000,-0.0000,-0.0000,0.0000,0.9814,C,602.6000,0.0000,3035.0000
84563B,BLUE & WHITE BREAKFAST TRAY,601.8400,132,59,27,243.7400,358.1000,-0.0000,-0.0000,0.0000,0.9815,C,601.8400,358.1000,3036.0000
85117,NIGHTINGALE COATHOOK WHITE,600.9200,351,61,29,600.9200,0.0000,-0.0000,-0.0000,0.0000,0.9815,C,600.9200,0.0000,3037.0000
18094C,WHITE AND BLUE CERAMIC OIL BURNER,600.6600,433,98,22,316.7300,283.9300,1.2500,0.0021,0.0000,0.9815,C,600.6600,283.9300,3038.0000
17109D,FLOWER FAIRY INCENSE BOUQUET,600.0000,1258,38,33,567.6500,32.3500,1.6900,0.0028,0.0000,0.9816,C,600.0000,32.3500,3039.0000
85146,JARDIN ETCHED GLASS SMALL BELL JAR,599.3800,118,29,23,428.2700,171.1100,-0.0000,-0.0000,0.0000,0.9816,C,599.3800,171.1100,3040.0000
82605,OLD DOC RUSSEL METAL SIGN,599.2700,270,125,65,569.8700,29.4000,-0.0000,-0.0000,0.0000,0.9816,C,599.2700,29.4000,3041.0000
47469,ASSORTED SHAPES PHOTO CLIP SILVER,597.5300,1225,29,21,356.3200,239.9100,15.6000,0.0254,0.0000,0.9816,C,597.5300,239.9100,3042.0000
22092,BLUE PAISLEY TISSUE BOX,597.4400,938,140,105,275.2600,319.4500,-0.0000,-0.0000,0.0000,0.9817,C,597.4400,319.4500,3043.0000
84682,CLASSICAL ROSE DISH,596.9400,295,49,31,596.9400,0.0000,17.7000,0.0288,0.0000,0.9817,C,596.9400,0.0000,3044.0000
82011C,BATHROOM SCALES FOOTPRINTS IN SAND,595.1800,131,71,36,423.1300,172.0500,-0.0000,-0.0000,0.0000,0.9817,C,595.1800,172.0500,3045.0000
20781,GOLD EAR MUFF HEADPHONES,594.8100,107,61,34,373.1600,208.3600,32.9400,0.0525,0.0000,0.9818,C,594.8100,208.3600,3046.0000
72122,COFFEE SCENT PILLAR CANDLE,594.2800,587,120,80,257.5400,305.6300,-0.0000,-0.0000,0.0000,0.9818,C,594.2800,305.6300,3047.0000
23377,PACK OF 12 DOLLY GIRL TISSUES,593.6200,1354,133,69,0.0000,558.2800,3.1200,0.0052,0.0000,0.9818,C,593.6200,558.2800,3048.0000
16236,KITTY PENCIL ERASERS,593.2900,2652,260,108,273.2000,309.5900,5.8800,0.0098,0.0000,0.9819,C,593.2900,309.5900,3049.0000
21553,CERAMIC BIRDHOUSE FINCH BLUE  LARGE,593.1700,92,39,24,593.1700,0.0000,5.9500,0.0099,0.0000,0.9819,C,593.1700,0.0000,3050.0000
20849,ZINC HEART LATTICE DOUBLE PLANTER,593.0300,674,24,15,593.0300,0.0000,-0.0000,-0.0000,0.0000,0.9819,C,593.0300,0.0000,3051.0000
62096A,PINK/YELLOW FLOWERS HANDBAG,592.7900,383,89,47,460.2900,132.5000,-0.0000,-0.0000,0.0000,0.9819,C,592.7900,132.5000,3052.0000
20804,GLASS CHICKEN BUTTER DISH,592.5100,333,61,21,592.5100,0.0000,69.6000,0.1051,0.0000,0.9820,C,592.5100,0.0000,3053.0000
21223,SET/4 BADGES WOODLAND ANIMAL,592.0800,496,43,33,592.0800,0.0000,-0.0000,-0.0000,0.0000,0.9820,C,592.0800,0.0000,3054.0000
85113,POLKA DOT PISTACHIO PAIL,591.6600,285,48,36,591.6600,0.0000,-0.0000,-0.0000,0.0000,0.9820,C,591.6600,0.0000,3055.0000
90199C,5 STRAND GLASS NECKLACE CRYSTAL,591.6400,100,31,24,465.0000,126.6400,12.7000,0.0210,0.0000,0.9821,C,591.6400,126.6400,3056.0000
21304,ARCHED GREY MIRROR,591.5800,86,18,16,591.5800,0.0000,-0.0000,-0.0000,0.0000,0.9821,C,591.5800,0.0000,3057.0000
84963B,BLUE PAINTED KASHMIRI CHAIR,591.5000,18,6,5,441.6500,149.8500,-0.0000,-0.0000,0.0000,0.9821,C,591.5000,149.8500,3058.0000
20794,BLUE  TILE HOOK,591.0200,212,48,27,308.2300,262.6700,45.9000,0.0721,0.0000,0.9822,C,591.0200,262.6700,3059.0000
21322,GLASS SPHERE CANDLE STAND LARGE,590.4500,301,14,12,590.4500,0.0000,-0.0000,-0.0000,0.0000,0.9822,C,590.4500,0.0000,3060.0000
21256,"FRENCH BOTTLE, BRASSERIE DES ARTIST",588.6400,326,65,31,588.6400,0.0000,-0.0000,-0.0000,0.0000,0.9822,C,588.6400,0.0000,3061.0000
21893,POTTING SHED SEED TIN,587.8000,172,20,13,587.8000,0.0000,-0.0000,-0.0000,0.0000,0.9822,C,587.8000,0.0000,3062.0000
21167,WHITE SAGE INCENSE,587.5200,2440,114,32,250.3800,281.9100,10.5000,0.0176,0.0000,0.9823,C,587.5200,281.9100,3063.0000
23499,SET 12 VINTAGE DOILY CHALK,587.4900,1315,110,86,0.0000,493.0600,-0.0000,-0.0000,0.0000,0.9823,C,587.4900,493.0600,3064.0000
84934,ASSTD DESIGN POP ART SLIM PEN,586.5000,687,13,12,586.5000,0.0000,0.8500,0.0014,0.0000,0.9823,C,586.5000,0.0000,3065.0000
23565,EGG CUP MILKMAID HELGA,586.3100,410,63,28,0.0000,529.2500,6.2500,0.0105,0.0000,0.9824,C,586.3100,529.2500,3066.0000
90195A,PURPLE GEMSTONE BRACELET,585.2000,70,44,24,462.3600,105.1400,44.7500,0.0710,0.0000,0.9824,C,585.2000,105.1400,3067.0000
84569C,PACK 4 FLOWER/BUTTERFLY PATCHES,584.9300,415,89,45,583.6800,1.2500,16.2500,0.0270,0.0000,0.9824,C,584.9300,1.2500,3068.0000
21016,LIGHT BIRD HOUSE TREE DECORATION,584.5500,836,82,58,584.5500,0.0000,1.6800,0.0029,0.0000,0.9825,C,584.5500,0.0000,3069.0000
23537,WALL ART I LOVE LONDON,581.1300,111,34,20,0.0000,576.1800,-0.0000,-0.0000,0.0000,0.9825,C,581.1300,576.1800,3070.0000
20935,ROUND CACTUS CANDLE,580.3800,302,46,35,562.6800,17.7000,17.7000,0.0296,0.0000,0.9825,C,580.3800,17.7000,3071.0000
90010B,BLACK/WHITE GLASS/SILVER BRACELET,578.0200,63,34,16,477.9300,100.0900,8.9500,0.0152,0.0000,0.9825,C,578.0200,100.0900,3072.0000
15056p,EDWARDIAN PARASOL PINK,577.8400,46,38,0,165.3600,400.0200,-0.0000,-0.0000,0.0000,0.9826,C,577.8400,400.0200,3073.0000
21419,CONCH SHELL,577.6900,1259,19,12,577.6900,0.0000,-0.0000,-0.0000,0.0000,0.9826,C,577.6900,0.0000,3074.0000
47421,ASSORTED COLOUR LIZARD SUCTION HOOK,576.9000,1473,74,23,181.8000,384.1800,6.7200,0.0115,0.0000,0.9826,C,576.9000,384.1800,3075.0000
35922,EASTER BUNNY WREATH,575.9900,97,36,20,437.3900,138.6000,19.8000,0.0332,0.0000,0.9827,C,575.9900,138.6000,3076.0000
23016,GLASS TWIST BON BON JAR,575.2500,74,24,19,0.0000,536.0000,19.9500,0.0335,0.0000,0.9827,C,575.2500,536.0000,3077.0000
23125,6PC WOOD PLATE SET DISPOSABLE,574.8800,459,38,15,0.0000,574.8800,-0.0000,-0.0000,0.0000,0.9827,C,574.8800,574.8800,3078.0000
84932D,SMALL ORIENTAL RED FOLDING STOOL,574.7100,239,21,16,574.7100,0.0000,-0.0000,-0.0000,0.0000,0.9827,C,574.7100,0.0000,3079.0000
85202,HANGING WOOD AND FELT HEART,573.4500,1216,208,79,258.6400,314.8100,10.0800,0.0173,0.0000,0.9828,C,573.4500,314.8100,3080.0000
17013D,ORIGAMI ROSE INCENSE IN TUBE,572.4000,1068,31,17,304.5800,267.8200,1.5700,0.0027,0.0000,0.9828,C,572.4000,267.8200,3081.0000
84846A,SCENTED CANDLE IN DIGITALIS TIN,571.7500,253,54,39,443.6100,128.1400,-0.0000,-0.0000,0.0000,0.9828,C,571.7500,128.1400,3082.0000
84675,FROG KING WATERING CAN,571.7100,206,62,39,545.1600,26.5500,23.6000,0.0396,0.0000,0.9829,C,571.7100,26.5500,3083.0000
84924A,WAKE UP COCKEREL CALENDAR SIGN,571.0000,133,62,41,222.4100,344.8400,-0.0000,-0.0000,0.0000,0.9829,C,571.0000,344.8400,3084.0000
16162L,THE KING GIFT BAG,570.4300,8101,30,16,557.4300,13.0000,187.2000,0.2471,0.0000,0.9829,C,570.4300,13.0000,3085.0000
85129A,"WHITE PEARL BEADED HEART, SMALL",570.4100,445,75,51,570.4100,0.0000,15.0000,0.0256,0.0000,0.9830,C,570.4100,0.0000,3086.0000
23455,SMALL PARLOUR PICTURE FRAME,569.4300,207,35,32,0.0000,508.7400,-0.0000,-0.0000,0.0000,0.9830,C,569.4300,508.7400,3087.0000
85086A,CANDY SPOT HEART DECORATION,568.7300,587,152,44,446.6500,122.0800,-0.0000,-0.0000,0.0000,0.9830,C,568.7300,122.0800,3088.0000
23069,EDWARDIAN PHOTO FRAME,568.7100,90,32,27,0.0000,556.2100,-0.0000,-0.0000,0.0000,0.9830,C,568.7100,556.2100,3089.0000
23219,LAUREL STAR ANTIQUE SILVER,568.6000,430,61,41,0.0000,520.0100,-0.0000,-0.0000,0.0000,0.9831,C,568.6000,520.0100,3090.0000
84806B,WHITE CANDYSTUFT ARTIFICIAL FLOWER,568.0200,450,32,28,156.4600,402.2000,-0.0000,-0.0000,0.0000,0.9831,C,568.0200,402.2000,3091.0000
85230B,CINNAMON SCENTED VOTIVE CANDLE,568.0000,2144,68,49,234.8000,326.2400,-0.0000,-0.0000,0.0000,0.9831,C,568.0000,326.2400,3092.0000
23381,PACK OF 12 VINTAGE LEAF TISSUES,567.9500,1509,80,59,0.0000,533.2800,-0.0000,-0.0000,0.0000,0.9832,C,567.9500,533.2800,3093.0000
85119,WATERING CAN SINGLE HOOK PISTACHIO,567.4800,413,39,36,564.1200,3.3600,27.0400,0.0455,0.0000,0.9832,C,567.4800,3.3600,3094.0000
16169C,WRAP BLUE REINDEER,567.0000,1350,43,42,567.0000,0.0000,-0.0000,-0.0000,0.0000,0.9832,C,567.0000,0.0000,3095.0000
85169C,EAU DE NIL LOVE BIRD CANDLE,566.8200,505,71,27,113.9600,446.6500,15.0000,0.0258,0.0000,0.9832,C,566.8200,446.6500,3096.0000
20838,FRENCH LATTICE CUSHION COVER,565.8000,446,63,36,104.3500,458.1600,10.2000,0.0177,0.0000,0.9833,C,565.8000,458.1600,3097.0000
37444A,YELLOW BREAKFAST CUP AND SAUCER,564.2100,2711,43,16,497.0800,67.1300,172.9900,0.2347,0.0000,0.9833,C,564.2100,67.1300,3098.0000
23272,TREE T-LIGHT HOLDER WILLIE WINKIE,562.2200,364,44,34,0.0000,509.6200,-0.0000,-0.0000,0.0000,0.9833,C,562.2200,509.6200,3099.0000
84569B,PACK 3 FIRE ENGINE/CAR PATCHES,562.1800,437,76,54,442.5300,119.6500,1.2500,0.0022,0.0000,0.9834,C,562.1800,119.6500,3100.0000
37345,ASSTD HEARTS DESIGN MUGS,561.0500,321,9,5,561.0500,0.0000,-0.0000,-0.0000,0.0000,0.9834,C,561.0500,0.0000,3101.0000
84773,RED ROSE AND LACE C/COVER,560.5000,190,48,34,551.6500,8.8500,5.9000,0.0104,0.0000,0.9834,C,560.5000,8.8500,3102.0000
16049,TEATIME GEL PENS ASST,560.4800,3169,32,22,478.4000,82.0800,-0.0000,-0.0000,0.0000,0.9834,C,560.4800,82.0800,3103.0000
16238,PARTY TIME PENCIL ERASERS,559.9600,2449,236,104,237.8700,305.5000,-0.0000,-0.0000,0.0000,0.9835,C,559.9600,305.5000,3104.0000
85090,CANDY SPOT APRON,559.2800,106,53,26,559.2800,0.0000,37.2000,0.0624,0.0000,0.9835,C,559.2800,0.0000,3105.0000
21160,KEEP OUT GIRLS DOOR HANGER,558.9400,795,58,44,555.5800,3.3600,30.2600,0.0514,0.0000,0.9835,C,558.9400,3.3600,3106.0000
23451,SQUARE MINI PORTRAIT FRAME,558.1200,278,52,38,0.0000,469.4500,-0.0000,-0.0000,0.0000,0.9836,C,558.1200,469.4500,3107.0000
84306,S/3 PINK SQUARE PLANTERS ROSES,557.4800,48,31,18,469.2600,88.2200,-0.0000,-0.0000,0.0000,0.9836,C,557.4800,88.2200,3108.0000
21371,MIRRORED WALL ART POPPIES,556.0100,404,64,33,236.3000,291.2100,-0.0000,-0.0000,0.0000,0.9836,C,556.0100,291.2100,3109.0000
23074,EMBOSSED HEART TRINKET BOX,555.5900,250,48,32,0.0000,497.6500,12.4800,0.0220,0.0000,0.9836,C,555.5900,497.6500,3110.0000
20823,GOLD WINE GOBLET,555.4700,261,19,14,422.7500,132.7200,18.6000,0.0324,0.0000,0.9837,C,555.4700,132.7200,3111.0000
21881,CUTE CATS TAPE,554.9500,1332,118,49,171.8400,370.4200,-0.0000,-0.0000,0.0000,0.9837,C,554.9500,370.4200,3112.0000
23457,LARGE PARLOUR PICTURE FRAME,554.8300,113,31,27,0.0000,470.6800,-0.0000,-0.0000,0.0000,0.9837,C,554.8300,470.6800,3113.0000
90120D,WHITE MURANO TWIST BRACELET,554.1300,134,40,16,512.3400,41.7900,-0.0000,-0.0000,0.0000,0.9837,C,554.1300,41.7900,3114.0000
23473,WOODLAND SMALL RED FELT HEART,552.8500,679,51,41,0.0000,493.0900,-0.0000,-0.0000,0.0000,0.9838,C,552.8500,493.0900,3115.0000
84859C,PINK DISCO HANDBAG,552.7200,304,39,29,372.2000,178.5700,-0.0000,-0.0000,0.0000,0.9838,C,552.7200,178.5700,3116.0000
84805B,BLUE CLIMBING HYDRANGA ART FLOWER,551.4000,340,9,7,498.9000,7.5000,-0.0000,-0.0000,0.0000,0.9838,C,551.4000,7.5000,3117.0000
22044,CHRISTMAS CARD STACK OF PRESENTS,550.2800,1940,89,80,353.8400,196.4400,5.4600,0.0098,0.0000,0.9839,C,550.2800,196.4400,3118.0000
22394,PAPERWEIGHT KINGS CHOICE,549.3900,348,55,43,318.7100,220.9300,15.3000,0.0271,0.0000,0.9839,C,549.3900,220.9300,3119.0000
90203,SILVER CHARM NECKLACE 70CM,549.2700,73,34,18,549.2700,0.0000,7.5000,0.0135,0.0000,0.9839,C,549.2700,0.0000,3120.0000
21373,MIRRORED WALL ART SNOWFLAKES,548.8900,636,61,52,159.8500,334.2900,9.0000,0.0161,0.0000,0.9839,C,548.8900,334.2900,3121.0000
85071D,CHARLIE+LOLA MY ROOM DOOR SIGN,548.8600,884,112,78,299.3700,248.3200,-0.0000,-0.0000,0.0000,0.9840,C,548.8600,248.3200,3122.0000
85091,CANDY SPOT BREAD BASKETS,548.8100,343,20,14,548.8100,0.0000,69.7000,0.1127,0.0000,0.9840,C,548.8100,0.0000,3123.0000
23549,WRAP BIRD GARDEN,548.1000,1305,52,46,0.0000,537.6000,-0.0000,-0.0000,0.0000,0.9840,C,548.1000,537.6000,3124.0000
20888,SET 3 JARDIN DE FEMME SCENT CANDLES,547.7400,367,19,10,547.7400,0.0000,-0.0000,-0.0000,0.0000,0.9841,C,547.7400,0.0000,3125.0000
85030,FRENCH CHATEAU OVAL PLATTER,547.3500,213,29,26,518.1000,29.2500,70.6500,0.1143,0.0000,0.9841,C,547.3500,29.2500,3126.0000
23484,HEART TRELLIS TRIPLE T-LIGHT HOLDER,547.3500,185,35,25,0.0000,501.0700,-0.0000,-0.0000,0.0000,0.9841,C,547.3500,501.0700,3126.0000
90058B,CRYSTAL STUD EARRINGS ASSORTED COL,547.2400,1118,29,27,314.6800,218.8800,13.6800,0.0244,0.0000,0.9841,C,547.2400,218.8800,3128.0000
21311,SET/4 BIRD MIRROR MAGNETS,547.2100,727,94,62,358.3400,188.2900,7.8300,0.0141,0.0000,0.9842,C,547.2100,188.2900,3129.0000
72267,PREMIUM CHURCH CANDLE,546.9600,273,45,38,546.9600,0.0000,-0.0000,-0.0000,0.0000,0.9842,C,546.9600,0.0000,3130.0000
35969,FOLKART CROWN TABLE DECORATIONS,545.7700,525,76,36,545.7700,0.0000,-0.0000,-0.0000,0.0000,0.9842,C,545.7700,0.0000,3131.0000
21339,MARAKESH LANTERN LARGE,544.5000,30,12,12,544.5000,0.0000,-0.0000,-0.0000,0.0000,0.9843,C,544.5000,0.0000,3132.0000
20943,SET/6 GINGERBREAD STAR T-LIGHTS,543.9600,384,71,46,543.9600,0.0000,1.2500,0.0023,0.0000,0.9843,C,543.9600,0.0000,3133.0000
23043,PAPER LANTERN 9 POINT HOLLY STAR L,543.5100,81,23,18,0.0000,493.6700,-0.0000,-0.0000,0.0000,0.9843,C,543.5100,493.6700,3134.0000
84596K,JELLY BABIES YELLOW SMALL BOWL,543.4100,428,93,48,543.4100,0.0000,1.2500,0.0023,0.0000,0.9843,C,543.4100,0.0000,3135.0000
84592,CROCHET ROSE PURSE WITH SUEDE BACK,542.3000,175,47,33,301.0600,241.2400,-0.0000,-0.0000,0.0000,0.9844,C,542.3000,241.2400,3136.0000
47021G,SET/6 BEAD COASTERS GAUZE BAG GOLD,541.9600,713,70,28,232.6600,309.3000,-0.0000,-0.0000,0.0000,0.9844,C,541.9600,309.3000,3137.0000
84984B,RED PEONY CUSHION COVER,541.3000,322,16,13,462.2500,79.0500,9.3000,0.0169,0.0000,0.9844,C,541.3000,79.0500,3138.0000
23398,HANGING HEART BONHEUR,538.7500,610,69,53,0.0000,474.2400,0.8500,0.0016,0.0000,0.9844,C,538.7500,474.2400,3139.0000
20659,ECONOMY LUGGAGE TAG,538.5100,373,138,55,290.4200,214.8600,-0.0000,-0.0000,0.0000,0.9845,C,538.5100,214.8600,3140.0000
85027L,FRENCH CHATEAU LARGE PLATTER,538.5000,190,40,36,378.0000,160.5000,66.3000,0.1096,0.0000,0.9845,C,538.5000,160.5000,3141.0000
21017,RED BIRD HOUSE TREE DECORATION,538.4400,662,87,32,538.4400,0.0000,-0.0000,-0.0000,0.0000,0.9845,C,538.4400,0.0000,3142.0000
84804B,BLUE DELPHINIUM ARTIFICIAL FLOWER,537.3700,367,19,17,349.0000,150.4500,2.9500,0.0055,0.0000,0.9846,C,537.3700,150.4500,3143.0000
16048,TEATIME ROUND PENCIL SHARPENER,537.1800,3462,105,59,331.7600,203.7600,-0.0000,-0.0000,0.0000,0.9846,C,537.1800,203.7600,3144.0000
21418,STARFISH SOAP DISH,536.3900,195,66,24,346.6400,173.9500,7.6500,0.0141,0.0000,0.9846,C,536.3900,173.9500,3145.0000
84414B,FUSCHIA/GREEN STRIPE WOOLLY BLANKET,536.2400,78,9,7,536.2400,0.0000,-0.0000,-0.0000,0.0000,0.9846,C,536.2400,0.0000,3146.0000
23660,HENRIETTA HEN MUG,534.6600,306,42,30,0.0000,499.1600,26.4000,0.0471,0.0000,0.9847,C,534.6600,499.1600,3147.0000
85142,JARDIN ETCHED GLASS GINGER JAR,534.3800,61,34,26,534.3800,0.0000,7.9500,0.0147,0.0000,0.9847,C,534.3800,0.0000,3148.0000
16169P,WRAP GREEN RUSSIAN FOLKART,533.7500,1750,48,46,512.7500,21.0000,10.5000,0.0193,0.0000,0.9847,C,533.7500,21.0000,3149.0000
85020,ROUND PINK HEART MIRROR,533.4800,240,58,36,344.6700,163.6100,-0.0000,-0.0000,0.0000,0.9847,C,533.4800,163.6100,3150.0000
21734,SMALL MARAKESH LANTERN ON STICK,533.2400,98,29,14,533.2400,0.0000,22.5000,0.0405,0.0000,0.9848,C,533.2400,0.0000,3151.0000
90195B,BLACK GEMSTONE BRACELET,532.2900,60,26,19,502.3100,29.9800,35.8000,0.0630,0.0000,0.9848,C,532.2900,29.9800,3152.0000
72801C,4 ROSE PINK DINNER CANDLES,531.3600,708,56,40,350.7100,171.9800,15.0000,0.0275,0.0000,0.9848,C,531.3600,171.9800,3153.0000
84661B,BLACK SQUARE TABLE CLOCK,530.2200,243,51,21,229.9800,278.4700,-0.0000,-0.0000,0.0000,0.9849,C,530.2200,278.4700,3154.0000
23139,SINGLE WIRE HOOK PINK HEART,530.1500,415,27,20,0.0000,517.6700,17.4000,0.0318,0.0000,0.9849,C,530.1500,517.6700,3155.0000
84799,SPRIG LAVENDER ARTIFICIAL FLOWER,530.0300,679,31,26,369.5500,160.4800,35.1600,0.0622,0.0000,0.9849,C,530.0300,160.4800,3156.0000
90160D,PINK BOUDICCA LARGE BRACELET,529.2200,76,25,18,264.5200,264.7000,6.9500,0.0130,0.0000,0.9849,C,529.2200,264.7000,3157.0000
21943,CAKES AND RABBITS DESIGN FLANNEL,529.1600,591,149,37,394.6700,131.2300,-0.0000,-0.0000,0.0000,0.9850,C,529.1600,131.2300,3158.0000
71270,PHOTO CLIP LINE,529.1500,373,81,29,190.4200,332.5600,-0.0000,-0.0000,0.0000,0.9850,C,529.1500,332.5600,3159.0000
20653,CHERRY BLOSSOM LUGGAGE TAG,528.7700,2004,81,26,433.5900,92.7200,-0.0000,-0.0000,0.0000,0.9850,C,528.7700,92.7200,3160.0000
16202B,PASTEL BLUE PHOTO ALBUM,528.5600,1039,22,13,514.0600,14.5000,144.4800,0.2147,0.0000,0.9850,C,528.5600,14.5000,3161.0000
23060,HEART BEADED TRELLIS DECORATION,528.1700,249,42,34,0.0000,482.4100,-0.0000,-0.0000,0.0000,0.9851,C,528.1700,482.4100,3162.0000
90175D,TIGRIS EYE CHUNKY CHARM BRACELET,527.8200,58,41,11,317.7800,155.1400,-0.0000,-0.0000,0.0000,0.9851,C,527.8200,155.1400,3163.0000
21336,GOLD WASHBAG,527.5600,1823,43,13,472.9900,54.5700,115.2700,0.1793,0.0000,0.9851,C,527.5600,54.5700,3164.0000
84931A,PINK SCOTTIE DOG W FLOWER PATTERN,526.4400,209,82,42,203.9000,322.5400,-0.0000,-0.0000,0.0000,0.9851,C,526.4400,322.5400,3165.0000
84657,GREEN ROSE CUSHION COVER,523.4300,247,20,14,523.4300,0.0000,-0.0000,-0.0000,0.0000,0.9852,C,523.4300,0.0000,3166.0000
85226C,BLUE PULL BACK RACING CAR,523.4100,991,83,54,523.4100,0.0000,-0.0000,-0.0000,0.0000,0.9852,C,523.4100,0.0000,3167.0000
72728,ROSE SCENT CANDLES IN GLASS,523.1500,643,54,44,523.1500,0.0000,-0.0000,-0.0000,0.0000,0.9852,C,523.1500,0.0000,3168.0000
21403,BLUE EGG  SPOON,523.0700,2319,157,80,200.8900,320.5600,-0.0000,-0.0000,0.0000,0.9853,C,523.0700,320.5600,3169.0000
22861,EASTER TIN CHICKS IN GARDEN,522.9300,305,50,36,0.0000,522.9300,-0.0000,-0.0000,0.0000,0.9853,C,522.9300,522.9300,3170.0000
22407,MONEY BOX FIRST ADE DESIGN,522.3700,439,75,55,421.8400,91.1700,38.1600,0.0681,0.0000,0.9853,C,522.3700,91.1700,3171.0000
23336,EGG FRYING PAN PINK,521.3300,226,85,46,0.0000,457.0000,-0.0000,-0.0000,0.0000,0.9853,C,521.3300,457.0000,3172.0000
21459,YELLOW EASTER EGG HUNT START POST,520.5500,263,44,33,370.1700,150.3800,35.1000,0.0632,0.0000,0.9854,C,520.5500,150.3800,3173.0000
84683,CLASSICAL ROSE CANDLESTAND,519.3500,539,46,18,357.1500,162.2000,1.2500,0.0024,0.0000,0.9854,C,519.3500,162.2000,3174.0000
20793,BLUE TILED TRAY,518.5000,281,22,13,464.5000,54.0000,33.7500,0.0611,0.0000,0.9854,C,518.5000,54.0000,3175.0000
20868,SILVER FABRIC MIRROR,518.0700,882,71,40,298.7200,216.6200,-0.0000,-0.0000,0.0000,0.9854,C,518.0700,216.6200,3176.0000
85039C,S/4 BLACK MINI ROSE CANDLE IN BOWL,517.9600,537,114,27,252.1900,262.5100,3.3000,0.0063,0.0000,0.9855,C,517.9600,262.5100,3177.0000
35810B,ENAMEL BLUE RIM COFFEE CONTAINER,517.7100,325,68,43,343.6200,174.0900,10.7900,0.0204,0.0000,0.9855,C,517.7100,174.0900,3178.0000
84762A,WHITE PICNIC BARBECUE BUCKET,517.4300,59,29,24,517.4300,0.0000,94.4500,0.1544,0.0000,0.9855,C,517.4300,0.0000,3179.0000
85179A,GREEN BITTY LIGHT CHAIN,515.7200,218,70,24,134.9300,316.2100,13.9500,0.0263,0.0000,0.9855,C,515.7200,316.2100,3180.0000
71143,SILVER BOOK MARK WITH BEADS,514.4500,349,99,10,318.0900,196.3600,0.8500,0.0016,0.0000,0.9856,C,514.4500,196.3600,3181.0000
90114,SUMMER DAISIES BAG CHARM,514.1800,205,111,19,96.2200,405.4800,-0.0000,-0.0000,0.0000,0.9856,C,514.1800,405.4800,3182.0000
85129C,BEADED CRYSTAL HEART BLUE SMALL,513.9800,393,65,37,406.6700,104.8500,-0.0000,-0.0000,0.0000,0.9856,C,513.9800,104.8500,3183.0000
46118,FUNKY MONKEY CUSHION COVER,513.5800,373,72,23,196.4100,297.2500,-0.0000,-0.0000,0.0000,0.9856,C,513.5800,297.2500,3184.0000
16168M,FUNKY MONKEY GIFT BAG MEDIUM,512.3800,1686,101,42,339.2600,158.8900,-0.0000,-0.0000,0.0000,0.9857,C,512.3800,158.8900,3185.0000
72807c,SET/3 VANILLA SCENTED CANDLE IN BOX,511.9800,60,44,0,470.5300,41.4500,-0.0000,-0.0000,0.0000,0.9857,C,511.9800,41.4500,3186.0000
23136,IVORY WIRE SWEETHEART LETTER TRAY,511.8900,135,49,39,0.0000,470.6400,-0.0000,-0.0000,0.0000,0.9857,C,511.8900,470.6400,3187.0000
47559b,TEA TIME OVEN GLOVE,511.4600,154,44,0,168.8100,332.7800,-0.0000,-0.0000,0.0000,0.9858,C,511.4600,332.7800,3188.0000
84875B,GREEN SQUARE COMPACT MIRROR,511.0100,373,40,16,307.5000,196.0500,-0.0000,-0.0000,0.0000,0.9858,C,511.0100,196.0500,3189.0000
84989B,75 BLACK FAIRY CAKE CASES,510.7000,1010,57,34,510.7000,0.0000,-0.0000,-0.0000,0.0000,0.9858,C,510.7000,0.0000,3190.0000
84782C,GREEN 3 TIER GLASS PLATE STAND,509.9000,74,18,18,509.9000,0.0000,50.1000,0.0895,0.0000,0.9858,C,509.9000,0.0000,3191.0000
21117,BLOND DOLL DOORSTOP,509.5800,334,26,23,360.3300,149.2500,-0.0000,-0.0000,0.0000,0.9859,C,509.5800,149.2500,3192.0000
20753,RETRO PINK SPOT WASHING UP GLOVES,509.0000,218,56,30,509.0000,0.0000,4.2000,0.0082,0.0000,0.9859,C,509.0000,0.0000,3193.0000
84247L,FAWN AND MUSHROOM GREETING CARD,508.2900,1161,110,62,446.2300,62.0600,5.0400,0.0098,0.0000,0.9859,C,508.2900,62.0600,3194.0000
20654,FIRST CLASS LUGGAGE TAG,507.9100,400,120,65,314.3200,187.4200,-0.0000,-0.0000,0.0000,0.9859,C,507.9100,187.4200,3195.0000
84218,BOX/12 CHICK & EGG IN BASKET,507.4100,263,96,74,284.3000,223.1100,1.9500,0.0038,0.0000,0.9860,C,507.4100,223.1100,3196.0000
85169B,BLACK LOVE BIRD CANDLE,505.4100,430,93,31,149.3500,351.1400,-0.0000,-0.0000,0.0000,0.9860,C,505.4100,351.1400,3197.0000
35004S,SET OF 3 SILVER FLYING DUCKS,505.4000,145,24,12,505.4000,0.0000,56.5200,0.1006,0.0000,0.9860,C,505.4000,0.0000,3198.0000
84509c,SET OF 4 POLKADOT PLACEMATS,505.2600,67,44,0,183.0400,292.3800,-0.0000,-0.0000,0.0000,0.9860,C,505.2600,292.3800,3199.0000
23021,GLASS BONNE JAM JAR,504.9700,121,27,24,0.0000,488.3700,-0.0000,-0.0000,0.0000,0.9861,C,504.9700,488.3700,3200.0000
37352,BIRD IN TREE MUG,504.5500,4643,8,6,504.5500,0.0000,-0.0000,-0.0000,0.0000,0.9861,C,504.5500,0.0000,3201.0000
84877B,GREEN ROUND COMPACT MIRROR,504.4300,291,43,13,293.8700,210.5600,2.5000,0.0049,0.0000,0.9861,C,504.4300,210.5600,3202.0000
22541,MINI JIGSAW LEAP FROG,504.3400,1246,66,34,301.9700,198.4800,-0.0000,-0.0000,0.0000,0.9861,C,504.3400,198.4800,3203.0000
20845,ZINC HEART LATTICE 2 WALL PLANTER,502.2700,76,24,15,381.6200,120.6500,-0.0000,-0.0000,0.0000,0.9862,C,502.2700,120.6500,3204.0000
23560,SET OF 6 RIBBONS COUNTRY STYLE,502.0700,173,26,20,0.0000,147.4100,-0.0000,-0.0000,0.0000,0.9862,C,502.0700,147.4100,3205.0000
79337,BLUE FLOCK GLASS CANDLEHOLDER,502.0300,1194,21,16,242.0700,259.9600,2.2800,0.0045,0.0000,0.9862,C,502.0300,259.9600,3206.0000
90014A,SILVER/MOP ORBIT NECKLACE,502.0100,55,40,18,284.4200,196.7900,-0.0000,-0.0000,0.0000,0.9862,C,502.0100,196.7900,3207.0000
90010E,AMBER GLASS/SILVER BRACELET,501.6500,56,35,16,273.7600,218.7400,35.8000,0.0666,0.0000,0.9863,C,501.6500,218.7400,3208.0000
23117,POPPY FIELDS CHOPPING BOARD,501.2300,93,45,39,0.0000,454.0100,4.9500,0.0098,0.0000,0.9863,C,501.2300,454.0100,3209.0000
21882,SKULLS TAPE,500.7400,1054,119,61,248.2700,252.4700,-0.0000,-0.0000,0.0000,0.9863,C,500.7400,252.4700,3210.0000
20865,PATCHWORK PENCIL CASE BUTTERFLY,500.4900,251,33,24,500.4900,0.0000,145.4700,0.2252,0.0000,0.9863,C,500.4900,0.0000,3211.0000
84706D,CHERRY BLOSSOM TABLE CLOCK,500.1900,219,16,14,470.5900,29.6000,1.9500,0.0039,0.0000,0.9864,C,500.1900,29.6000,3212.0000
16219,HOUSE SHAPE PENCIL SHARPENER,499.5500,3357,128,58,91.8300,401.0100,2.8800,0.0057,0.0000,0.9864,C,499.5500,401.0100,3213.0000
35471A,SET OF 3 BIRD L.BLUE FEATHER,499.3100,421,83,41,499.3100,0.0000,31.2500,0.0589,0.0000,0.9864,C,499.3100,0.0000,3214.0000
20864,DENIM PATCH PENCIL CASE BUTTERFLY,498.1400,252,29,20,498.1400,0.0000,2.1000,0.0042,0.0000,0.9864,C,498.1400,0.0000,3215.0000
23466,TUSCAN VILLA DOVECOTE BIRD FEEDER,498.0300,55,27,20,0.0000,448.2700,8.2500,0.0163,0.0000,0.9865,C,498.0300,448.2700,3216.0000
23045,PAPER LANTERN 5 POINT STAR MOON,497.9800,118,25,22,0.0000,489.6900,83.0000,0.1429,0.0000,0.9865,C,497.9800,489.6900,3217.0000
35600D,PINK AND WHITE CHRISTMAS TREE 180CM,497.7000,141,13,11,497.7000,0.0000,-0.0000,-0.0000,0.0000,0.9865,C,497.7000,0.0000,3218.0000
85230A,OPIUM SCENTED VOTIVE CANDLE,497.0400,1992,48,31,293.7600,196.3200,-0.0000,-0.0000,0.0000,0.9865,C,497.0400,196.3200,3219.0000
22031,BOTANICAL LAVENDER BIRTHDAY CARD,493.9900,1125,142,65,268.4000,213.8500,5.0400,0.0101,0.0000,0.9866,C,493.9900,213.8500,3220.0000
84798B,PURPLE FOXGLOVE ARTIIFCIAL FLOWER,492.9000,326,10,8,464.8500,28.0500,10.2000,0.0203,0.0000,0.9866,C,492.9000,28.0500,3221.0000
16239,BALLERINA HEART DECORATION.,492.1700,347,21,13,492.1700,0.0000,-0.0000,-0.0000,0.0000,0.9866,C,492.1700,0.0000,3222.0000
85014b,RED RETROSPOT UMBRELLA,491.4200,39,35,0,178.3600,300.6000,-0.0000,-0.0000,0.0000,0.9866,C,491.4200,300.6000,3223.0000
84827,ASS DES PHONE SPONGE CRAFT STICKER,491.0900,1029,29,23,336.7000,148.0000,-0.0000,-0.0000,0.0000,0.9867,C,491.0900,148.0000,3224.0000
90160B,RED BOUDICCA LARGE BRACELET,490.9200,71,29,19,281.1900,209.7300,-0.0000,-0.0000,0.0000,0.9867,C,490.9200,209.7300,3225.0000
84876B,GREEN HEART COMPACT MIRROR,490.8100,346,40,22,172.5000,318.3100,-0.0000,-0.0000,0.0000,0.9867,C,490.8100,318.3100,3226.0000
35967,FOLK ART METAL STAR T-LIGHT HOLDER,488.5100,936,112,50,236.1800,219.1900,0.3800,0.0008,0.0000,0.9867,C,488.5100,219.1900,3227.0000
21663,VINTAGE GLASS SUGAR CADDY,488.1600,76,32,21,488.1600,0.0000,41.6500,0.0786,0.0000,0.9868,C,488.1600,0.0000,3228.0000
51020B,STRIPY DESIGN SHOWER CAP,488.1200,1084,60,40,417.5500,70.5700,0.5800,0.0012,0.0000,0.9868,C,488.1200,70.5700,3229.0000
84970l,SINGLE HEART ZINC T-LIGHT HOLDER,487.1400,233,65,0,68.1600,406.5000,-0.0000,-0.0000,0.0000,0.9868,C,487.1400,406.5000,3230.0000
22259,FELT FARM ANIMAL HEN,485.4500,592,72,31,152.6100,332.8400,3.7500,0.0077,0.0000,0.9868,C,485.4500,332.8400,3231.0000
84875D,BLUE SQUARE COMPACT MIRROR,483.7500,371,37,17,420.0000,63.7500,-0.0000,-0.0000,0.0000,0.9869,C,483.7500,63.7500,3232.0000
23218,LAUREL STAR ANTIQUE GOLD,483.0300,379,40,27,0.0000,473.1100,-0.0000,-0.0000,0.0000,0.9869,C,483.0300,473.1100,3233.0000
84901,BLACK FACE LAMB WITH PANTS,482.3800,126,74,44,482.3800,0.0000,-0.0000,-0.0000,0.0000,0.9869,C,482.3800,0.0000,3234.0000
84926E,FLOWERS TILE COASTER,482.2800,1108,52,40,147.5200,326.6400,-0.0000,-0.0000,0.0000,0.9869,C,482.2800,326.6400,3235.0000
23691,WRAP KEEP CALM BIRTHDAY,481.5000,1175,38,36,0.0000,355.5000,-0.0000,-0.0000,0.0000,0.9870,C,481.5000,355.5000,3236.0000
22038,BOTANICAL LAVENDER GIFT WRAP,481.0000,1150,45,43,281.5000,189.0000,-0.0000,-0.0000,0.0000,0.9870,C,481.0000,189.0000,3237.0000
21132,SILVER STANDING GNOME,480.8600,94,47,25,263.5000,214.8600,-0.0000,-0.0000,0.0000,0.9870,C,480.8600,214.8600,3238.0000
16244A,MAXWELL 2 TONE PINK 60 PAGE PHOTO A,479.4100,186,28,6,479.4100,0.0000,-0.0000,-0.0000,0.0000,0.9870,C,479.4100,0.0000,3239.0000
21536,DAIRY MAID  SMALL  MILK JUG,478.9400,223,61,42,478.9400,0.0000,14.7000,0.0298,0.0000,0.9871,C,478.9400,0.0000,3240.0000
23422,PANTRY HOOK BALLOON WHISK,477.8900,213,47,29,0.0000,465.4700,-0.0000,-0.0000,0.0000,0.9871,C,477.8900,465.4700,3241.0000
37492C,GREEN BLUE FLOWER PIGGY BANK,477.3000,242,24,19,477.3000,0.0000,4.6500,0.0096,0.0000,0.9871,C,477.3000,0.0000,3242.0000
72750C,"F.FAIRY S/3 CANDLE/GLASS, ROSE",476.4000,232,15,12,476.4000,0.0000,-0.0000,-0.0000,0.0000,0.9871,C,476.4000,0.0000,3243.0000
23561,SET OF 6 RIBBONS PARTY,476.0000,170,16,13,0.0000,147.3900,-0.0000,-0.0000,0.0000,0.9872,C,476.0000,147.3900,3244.0000
85170B,SET/6 BLACK BIRD T-LIGHT CANDLES,475.9100,283,58,19,159.1600,316.7500,16.8000,0.0341,0.0000,0.9872,C,475.9100,316.7500,3245.0000
85109,PINK BOUDOIR T-LIGHT HOLDER,475.4300,4211,20,17,465.2300,10.2000,131.0400,0.2161,0.0000,0.9872,C,475.4300,10.2000,3246.0000
47422,ASSORTED MONKEY SUCTION CUP HOOK,475.1400,1217,66,28,213.8400,260.8800,20.5800,0.0415,0.0000,0.9872,C,475.1400,260.8800,3247.0000
84809A,WHITE CHRYSANTHEMUMS ART FLOWER,474.8400,276,21,18,359.3400,115.5000,4.2000,0.0088,0.0000,0.9873,C,474.8400,115.5000,3248.0000
21518,BANK ACCOUNT  GREETING  CARD,474.3200,1119,109,58,341.8800,132.4400,-0.0000,-0.0000,0.0000,0.9873,C,474.3200,132.4400,3249.0000
85136B,BLUE SHARK HELICOPTER,473.7700,59,47,39,457.8700,15.9000,7.9500,0.0165,0.0000,0.9873,C,473.7700,15.9000,3250.0000
40046A,RED DAISY PAPER LAMPSHADE,472.0700,355,62,26,409.5700,62.5000,-0.0000,-0.0000,0.0000,0.9873,C,472.0700,62.5000,3251.0000
20662,FIRST CLASS HOLIDAY PURSE,471.3300,728,49,23,380.9100,90.4200,51.0000,0.0976,0.0000,0.9874,C,471.3300,90.4200,3252.0000
90192,JADE DROP EARRINGS W FILIGREE,469.1800,94,53,10,260.0800,194.2200,9.9000,0.0207,0.0000,0.9874,C,469.1800,194.2200,3253.0000
84948,SILVER HANGING T-LIGHT HOLDER DOME,469.1100,279,36,28,469.1100,0.0000,6.6000,0.0139,0.0000,0.9874,C,469.1100,0.0000,3254.0000
79071B,ENGLISH ROSE METAL WASTE BIN,469.1000,154,66,51,410.1000,59.0000,-0.0000,-0.0000,0.0000,0.9874,C,469.1000,59.0000,3255.0000
85211,S/4 GROOVY CAT MAGNETS,469.0500,307,75,43,293.8900,175.1600,6.5300,0.0137,0.0000,0.9874,C,469.0500,175.1600,3256.0000
35911A,MULTICOLOUR RABBIT EGG WARMER,468.7900,389,96,38,176.7200,292.0700,-0.0000,-0.0000,0.0000,0.9875,C,468.7900,292.0700,3257.0000
72799B,PURPLE PILLAR CANDLE BLACK FLOCK,467.7100,322,16,7,467.7100,0.0000,-0.0000,-0.0000,0.0000,0.9875,C,467.7100,0.0000,3258.0000
72225C,LAVENDER SCENT CAKE CANDLE,466.3800,1926,38,25,300.7800,165.6000,13.9200,0.0290,0.0000,0.9875,C,466.3800,165.6000,3259.0000
23379,PACK OF 12 RED APPLE TISSUES,465.3600,1220,76,49,0.0000,446.6200,-0.0000,-0.0000,0.0000,0.9875,C,465.3600,446.6200,3260.0000
51020A,SUMMER FUN DESIGN SHOWER CAP,464.5600,1304,50,37,348.2300,116.3300,0.5800,0.0012,0.0000,0.9876,C,464.5600,116.3300,3261.0000
72132,COLUMBIAN CUBE CANDLE,464.1000,550,28,22,409.5000,54.6000,-0.0000,-0.0000,0.0000,0.9876,C,464.1000,54.6000,3262.0000
90120C,GREEN MURANO TWIST BRACELET,462.3200,109,58,12,247.1200,202.7500,-0.0000,-0.0000,0.0000,0.9876,C,462.3200,202.7500,3263.0000
84972L,GIANT PINK HEART MEMO HOLDER,462.1500,117,46,41,462.1500,0.0000,-0.0000,-0.0000,0.0000,0.9876,C,462.1500,0.0000,3264.0000
84984A,GREEN PEONY CUSHION COVER,462.1200,266,17,12,373.7700,88.3500,9.3000,0.0197,0.0000,0.9877,C,462.1200,88.3500,3265.0000
85204,HANGING WOOD AND FELT FLOWER,461.9200,2359,154,69,135.9600,325.0000,0.1200,0.0003,0.0000,0.9877,C,461.9200,325.0000,3266.0000
72789,BASKET/8 SCENTED LOVE TOKEN CANDLES,461.5300,122,45,42,461.5300,0.0000,37.5000,0.0751,0.0000,0.9877,C,461.5300,0.0000,3267.0000
84915,HAND TOWEL PINK FLOWER AND DAISY,459.5600,234,37,15,87.2300,355.8100,-0.0000,-0.0000,0.0000,0.9877,C,459.5600,355.8100,3268.0000
16207B,PINK HEART RED HANDBAG,457.6500,265,46,12,381.5100,76.1400,-0.0000,-0.0000,0.0000,0.9878,C,457.6500,76.1400,3269.0000
23023,RIDGED BONNE JAM JAR T-LIGHT HOLDER,457.6200,286,25,23,0.0000,447.7200,3.3000,0.0072,0.0000,0.9878,C,457.6200,447.7200,3270.0000
84508B,STRIPES DESIGN TEDDY,456.3100,170,74,40,310.9600,145.3500,15.3000,0.0324,0.0000,0.9878,C,456.3100,145.3500,3271.0000
90145,SILVER HOOP EARRINGS WITH FLOWER,455.8600,75,45,16,287.8600,155.5400,-0.0000,-0.0000,0.0000,0.9878,C,455.8600,155.5400,3272.0000
90201B,BLACK ENAMEL FLOWER RING,454.3100,154,54,14,201.4100,232.3000,38.3500,0.0778,0.0000,0.9878,C,454.3100,232.3000,3273.0000
21757,LIGHTHOUSE PRINTED METAL SIGN,454.3000,80,42,15,424.6000,29.7000,-0.0000,-0.0000,0.0000,0.9879,C,454.3000,29.7000,3274.0000
20621,ECONOMY PASSPORT COVER,453.7700,208,33,23,453.7700,0.0000,-0.0000,-0.0000,0.0000,0.9879,C,453.7700,0.0000,3275.0000
23509,MINI PLAYING CARDS FUN FAIR,452.7200,1065,65,51,0.0000,444.7700,-0.0000,-0.0000,0.0000,0.9879,C,452.7200,444.7700,3276.0000
23548,WRAP MAGIC FOREST,451.5000,1075,43,42,0.0000,430.5000,-0.0000,-0.0000,0.0000,0.9879,C,451.5000,430.5000,3277.0000
90120B,BLUE MURANO TWIST BRACELET,451.4400,107,42,17,287.3200,155.8200,-0.0000,-0.0000,0.0000,0.9880,C,451.4400,155.8200,3278.0000
82081,PINK HEARTS PHOTO ALBUM,451.3500,174,23,11,451.3500,0.0000,-0.0000,-0.0000,0.0000,0.9880,C,451.3500,0.0000,3279.0000
84597C,RETRO PINK BALL ASHTRAY,450.9800,364,44,21,393.4800,57.5000,5.0000,0.0110,0.0000,0.9880,C,450.9800,57.5000,3280.0000
17164D,ASS COL SMALL SAND FROG P'WEIGHT,450.7800,1159,28,26,450.7800,0.0000,-0.0000,-0.0000,0.0000,0.9880,C,450.7800,0.0000,3281.0000
72127,COLUMBIAN CANDLE ROUND,449.6900,369,65,49,239.0800,210.6100,1.2500,0.0028,0.0000,0.9881,C,449.6900,210.6100,3282.0000
20616,CHERRY BLOSSOM PASSPORT COVER,449.2600,283,121,31,205.7300,242.7800,-0.0000,-0.0000,0.0000,0.9881,C,449.2600,242.7800,3283.0000
16218,CARTOON  PENCIL SHARPENERS,448.1300,4629,98,60,164.8200,273.4100,-0.0000,-0.0000,0.0000,0.9881,C,448.1300,273.4100,3284.0000
72801D,S/4 SKY BLUE DINNER CANDLES,447.4200,554,61,33,334.2100,108.2100,-0.0000,-0.0000,0.0000,0.9881,C,447.4200,108.2100,3285.0000
72128,COLUMBIAN CANDLE ROUND,447.3400,720,88,61,295.2900,148.7900,-0.0000,-0.0000,0.0000,0.9881,C,447.3400,148.7900,3286.0000
90198B,VINTAGE ROSE BEAD BRACELET BLACK,446.1500,105,49,22,293.7500,143.9000,-0.0000,-0.0000,0.0000,0.9882,C,446.1500,143.9000,3287.0000
84857C,PINK MONTE CARLO HANDBAG,445.0300,197,17,13,212.7000,232.3300,1.9500,0.0044,0.0000,0.9882,C,445.0300,232.3300,3288.0000
90010A,MIDNIGHT BLUE GLASS/SILVER BRACELET,443.8500,49,30,12,276.5500,148.1600,53.7000,0.1079,0.0000,0.9882,C,443.8500,148.1600,3289.0000
62096B,PURPLE/TURQ FLOWERS HANDBAG,441.9900,257,82,42,439.4900,2.5000,-0.0000,-0.0000,0.0000,0.9882,C,441.9900,2.5000,3290.0000
16243B,BROWN COZY SQUARE PHOTO ALBUM,441.7700,212,8,1,441.7700,0.0000,-0.0000,-0.0000,0.0000,0.9883,C,441.7700,0.0000,3291.0000
21027,NINJA RABBIT PINK,441.1100,361,77,39,250.8200,190.2900,-0.0000,-0.0000,0.0000,0.9883,C,441.1100,190.2900,3292.0000
90154,LAZER CUT NECKLACE W PASTEL BEADS,439.6500,59,7,6,17.9000,421.7500,-0.0000,-0.0000,0.0000,0.9883,C,439.6500,421.7500,3293.0000
16161M,WRAP  PINK FLOCK,439.0000,1050,39,36,428.5000,10.5000,10.5000,0.0234,0.0000,0.9883,C,439.0000,10.5000,3294.0000
79030A,"TUMBLER, ENGLISH ROSE",438.2500,171,33,18,438.2500,0.0000,-0.0000,-0.0000,0.0000,0.9883,C,438.2500,0.0000,3295.0000
23044,PAPER LANTERN 9 POINT HOLLY STAR S,435.7400,104,25,24,0.0000,431.5900,-0.0000,-0.0000,0.0000,0.9884,C,435.7400,431.5900,3296.0000
84859B,BLUE DISCO HANDBAG,435.4100,283,18,14,368.6500,62.6300,-0.0000,-0.0000,0.0000,0.9884,C,435.4100,62.6300,3297.0000
84510F,SET OF 4 NEW ENGLAND COASTERS,435.2500,1101,38,23,435.2500,0.0000,2.5000,0.0057,0.0000,0.9884,C,435.2500,0.0000,3298.0000
90013A,MIDNIGHT BLUE VINTAGE EARRINGS,434.2700,115,77,8,238.9500,180.4000,30.0000,0.0646,0.0000,0.9884,C,434.2700,180.4000,3299.0000
84798A,PINK FOXGLOVE ARTIIFCIAL FLOWER,432.4500,195,10,9,373.8000,58.6500,30.6000,0.0661,0.0000,0.9885,C,432.4500,58.6500,3300.0000
37464,ROBOT MUG IN DISPLAY BOX,431.1800,316,82,45,427.4300,3.7500,-0.0000,-0.0000,0.0000,0.9885,C,431.1800,3.7500,3301.0000
84858B,BLUE RIVIERA HANDBAG,431.0000,326,9,8,431.0000,0.0000,-0.0000,-0.0000,0.0000,0.9885,C,431.0000,0.0000,3302.0000
23058,CHRISTMAS HANGING SNOWFLAKE,430.8600,490,48,39,0.0000,374.4600,-0.0000,-0.0000,0.0000,0.9885,C,430.8600,374.4600,3303.0000
84802B,PURPLE ANEMONE ARTIFICIAL FLOWER,430.3500,435,17,16,423.5900,6.7600,-0.0000,-0.0000,0.0000,0.9885,C,430.3500,6.7600,3304.0000
20851,ZINC HEART LATTICE TRAY OVAL,429.5700,335,28,21,376.0200,53.5500,11.9000,0.0270,0.0000,0.9886,C,429.5700,53.5500,3305.0000
16045,POPART WOODEN PENCILS ASST,429.4400,9312,74,65,49.4400,372.0000,-0.0000,-0.0000,0.0000,0.9886,C,429.4400,372.0000,3306.0000
90013B,BLACK VINTAGE EARRINGS,428.9200,104,79,5,279.5100,149.4100,-0.0000,-0.0000,0.0000,0.9886,C,428.9200,149.4100,3307.0000
84966B,BLUE KASHMIRI BOXED MIRROR,428.0000,33,4,3,428.0000,0.0000,-0.0000,-0.0000,0.0000,0.9886,C,428.0000,0.0000,3308.0000
84422,PINK/BLUE DISC/MIRROR STRING,427.9500,782,38,19,183.7800,244.1700,19.5700,0.0437,0.0000,0.9887,C,427.9500,244.1700,3309.0000
84801A,PINK HYDRANGEA ART FLOWER,427.4400,272,15,14,330.8400,96.6000,-0.0000,-0.0000,0.0000,0.9887,C,427.4400,96.6000,3310.0000
85230G,ORANGE VOTIVE CANDLE,425.7600,1680,46,32,168.7200,250.0800,13.9200,0.0317,0.0000,0.9887,C,425.7600,250.0800,3311.0000
21678,PAISLEY PATTERN  STICKERS,424.7000,574,80,39,312.8400,108.6000,-0.0000,-0.0000,0.0000,0.9887,C,424.7000,108.6000,3312.0000
20715,LITTLE FLOWER SHOPPER BAG,424.0000,400,1,1,424.0000,0.0000,424.0000,0.5000,0.0000,0.9887,C,424.0000,0.0000,3313.0000
21028,NINJA RABBIT BLACK,423.9000,323,92,31,184.6600,231.8600,-0.0000,-0.0000,0.0000,0.9888,C,423.9000,231.8600,3314.0000
45016,DECORATIVE NET CANOPY LEOPARD,423.7300,101,25,8,423.7300,0.0000,22.5000,0.0504,0.0000,0.9888,C,423.7300,0.0000,3315.0000
16207A,PINK STRAWBERRY HANDBAG,423.5300,143,76,17,260.4300,163.1000,-0.0000,-0.0000,0.0000,0.9888,C,423.5300,163.1000,3316.0000
16008,SMALL FOLDING SCISSOR(POINTED EDGE),422.9600,3141,85,64,62.2500,320.3900,-0.0000,-0.0000,0.0000,0.9888,C,422.9600,320.3900,3317.0000
21729,SMALL MARAKESH METAL  LANTERN,422.9000,124,30,19,422.9000,0.0000,-0.0000,-0.0000,0.0000,0.9888,C,422.9000,0.0000,3318.0000
85097B,BLUE ROCKING SINGING CANARY,420.9200,107,40,25,420.9200,0.0000,38.6000,0.0840,0.0000,0.9889,C,420.9200,0.0000,3319.0000
47579,TEA TIME BREAKFAST BASKET,420.8700,185,55,37,418.7700,2.1000,2.1000,0.0050,0.0000,0.9889,C,420.8700,2.1000,3320.0000
46126A,ELVIS WALLHANGING / CURTAIN,419.9900,317,48,23,350.1500,69.8400,-0.0000,-0.0000,0.0000,0.9889,C,419.9900,69.8400,3321.0000
84967C,GREEN KASHMIRI OCCASIONAL TABLE,419.8500,9,4,3,419.8500,0.0000,-0.0000,-0.0000,0.0000,0.9889,C,419.8500,0.0000,3322.0000
84770,ROUND GEORGIAN SILVER MIRROR,419.2500,135,16,14,419.2500,0.0000,135.7000,0.2445,0.0000,0.9890,C,419.2500,0.0000,3323.0000
21736,GOLD SCROLL GLASS T-LIGHT HOLDER,418.8900,205,27,22,281.6700,137.2200,1.1700,0.0028,0.0000,0.9890,C,418.8900,137.2200,3324.0000
84007,MAGIC GARDEN MOUNT FUJI,418.2200,159,39,30,418.2200,0.0000,-0.0000,-0.0000,0.0000,0.9890,C,418.2200,0.0000,3325.0000
72780,BLACK SILOUETTE CANDLE PLATE,418.1800,514,44,36,301.7300,111.3500,10.2000,0.0238,0.0000,0.9890,C,418.1800,111.3500,3326.0000
22032,BOTANICAL LILY GREETING CARD,418.1200,980,111,64,236.1400,181.9800,-0.0000,-0.0000,0.0000,0.9890,C,418.1200,181.9800,3327.0000
84532B,FAIRY CAKES RECTANGLUAR BOXES,417.5800,54,31,21,417.5800,0.0000,-0.0000,-0.0000,0.0000,0.9891,C,417.5800,0.0000,3328.0000
72803B,OCEAN SCENT CANDLE JEWELLED DRAWER,416.3800,94,36,28,416.3800,0.0000,8.5000,0.0200,0.0000,0.9891,C,416.3800,0.0000,3329.0000
85014a,BLACK/BLUE POLKADOT UMBRELLA,416.1200,33,28,0,190.8000,225.3200,-0.0000,-0.0000,0.0000,0.9891,C,416.1200,225.3200,3330.0000
35240,ENAMEL BLUE RIM OVAL TRAY SET/2,416.0100,49,39,35,416.0100,0.0000,-0.0000,-0.0000,0.0000,0.9891,C,416.0100,0.0000,3331.0000
20857,BLUE ROSE PATCH PURSE PINK BUTTERFL,415.8000,252,73,57,363.0000,52.8000,26.4000,0.0597,0.0000,0.9891,C,415.8000,52.8000,3332.0000
84529C,YELLOW KNITTED KIDS RUCKSACK,414.7400,78,37,9,414.7400,0.0000,-0.0000,-0.0000,0.0000,0.9892,C,414.7400,0.0000,3333.0000
84804A,CREAM DELPHINIUM ARTIFICIAL FLOWER,414.0800,224,18,15,233.5000,171.1000,-0.0000,-0.0000,0.0000,0.9892,C,414.0800,171.1000,3334.0000
85112,S/3 TEAR DROP CUT GLASS DECORATION,414.0200,466,34,20,414.0200,0.0000,-0.0000,-0.0000,0.0000,0.9892,C,414.0200,0.0000,3335.0000
22395,PAPERWEIGHT VINTAGE PAISLEY,413.7600,234,53,31,193.7200,184.2700,-0.0000,-0.0000,0.0000,0.9892,C,413.7600,184.2700,3336.0000
23459,DOLLY CABINET 2 DRAWERS,412.5000,33,19,19,0.0000,350.0000,37.5000,0.0833,0.0000,0.9892,C,412.5000,350.0000,3337.0000
20666,ECONOMY HOLIDAY PURSE,412.4500,911,46,22,370.9200,41.5300,68.0000,0.1415,0.0000,0.9893,C,412.4500,41.5300,3338.0000
23415,HOME SWEET HOME HOOK,412.1800,328,47,42,0.0000,371.2300,8.2500,0.0196,0.0000,0.9893,C,412.1800,371.2300,3339.0000
21520,BOOZE & WOMEN GREETING CARD,411.6300,957,108,61,197.4400,213.3600,0.8400,0.0020,0.0000,0.9893,C,411.6300,213.3600,3340.0000
84873A,FUNKY FLOWER PICNIC BAG FOR 4,411.1000,33,16,5,377.2000,33.9000,-0.0000,-0.0000,0.0000,0.9893,C,411.1000,33.9000,3341.0000
84884a,ANT WHITE WIRE HEART SPIRAL,410.8900,49,35,0,93.1700,284.5600,-0.0000,-0.0000,0.0000,0.9894,C,410.8900,284.5600,3342.0000
21341,KASBAH LANTERN WITH GLASS,410.6400,72,29,15,410.6400,0.0000,-0.0000,-0.0000,0.0000,0.9894,C,410.6400,0.0000,3343.0000
90149,SILVER FLOWR PINK SHELL NECKLACE,410.2600,62,9,6,67.5000,335.2800,-0.0000,-0.0000,0.0000,0.9894,C,410.2600,335.2800,3344.0000
37444B,BLUE BREAKFAST CUP AND SAUCER,409.6000,2010,28,14,397.8000,11.8000,127.9200,0.2380,0.0000,0.9894,C,409.6000,11.8000,3345.0000
16169F,WRAP BLIZZARD,409.5000,975,34,34,409.5000,0.0000,-0.0000,-0.0000,0.0000,0.9894,C,409.5000,0.0000,3346.0000
84595B,LARGE TRIFLE DESIGN L BLUE BOWL,408.9000,230,16,13,408.9000,0.0000,-0.0000,-0.0000,0.0000,0.9895,C,408.9000,0.0000,3347.0000
21252,SET OF MEADOW  FLOWER STICKERS,408.6600,168,22,14,408.6600,0.0000,-0.0000,-0.0000,0.0000,0.9895,C,408.6600,0.0000,3348.0000
90206C,CRYSTAL DIAMANTE STAR BROOCH,407.5600,81,57,9,177.8800,199.8000,-0.0000,-0.0000,0.0000,0.9895,C,407.5600,199.8000,3349.0000
23339,EGG FRYING PAN BLUE,405.0000,175,76,43,0.0000,355.3200,-0.0000,-0.0000,0.0000,0.9895,C,405.0000,355.3200,3350.0000
84984D,ORIENTAL RED C/COVER,404.9100,159,21,14,344.4600,60.4500,-0.0000,-0.0000,0.0000,0.9895,C,404.9100,60.4500,3351.0000
72801E,S/4 FESTIVE GREEN DINNER CANDLES,404.7500,769,24,19,404.7500,0.0000,-0.0000,-0.0000,0.0000,0.9896,C,404.7500,0.0000,3352.0000
84968e,SET OF 16 VINTAGE BLACK CUTLERY,404.1300,16,13,0,203.9200,175.2500,-0.0000,-0.0000,0.0000,0.9896,C,404.1300,175.2500,3353.0000
84510C,SET OF 4 POLKADOT COASTERS,404.0900,276,101,49,190.2600,207.6600,-0.0000,-0.0000,0.0000,0.9896,C,404.0900,207.6600,3354.0000
82076,BEECH WOOD PHOTO FRAME,403.6400,290,19,5,403.6400,0.0000,-0.0000,-0.0000,0.0000,0.9896,C,403.6400,0.0000,3355.0000
21698,MOCK LOBSTER FRIDGE MAGNET,401.5600,533,112,38,237.3900,152.8600,-0.0000,-0.0000,0.0000,0.9896,C,401.5600,152.8600,3356.0000
84932B,SMALL PINK PEONY FOLDING STOOL,401.3000,189,17,17,401.3000,0.0000,-0.0000,-0.0000,0.0000,0.9897,C,401.3000,0.0000,3357.0000
84984C,ORIENTAL BLUE C/COVER,401.1600,232,16,11,401.1600,0.0000,-0.0000,-0.0000,0.0000,0.9897,C,401.1600,0.0000,3358.0000
23576,SNACK TRAY RED VINTAGE DOILY,400.0400,198,37,28,0.0000,78.0000,-0.0000,-0.0000,0.0000,0.9897,C,400.0400,78.0000,3359.0000
23429,RED RETRO KITCHEN WALL CLOCK,400.0100,47,23,19,0.0000,269.6100,-0.0000,-0.0000,0.0000,0.9897,C,400.0100,269.6100,3360.0000
23039,T-LIGHT HOLDER SILVER HEART HANDLE,399.7100,199,28,22,0.0000,376.3100,11.7000,0.0284,0.0000,0.9897,C,399.7100,376.3100,3361.0000
85007,SET OF 3 VINTAGE TEA TIME BOXES,399.6200,143,21,16,399.6200,0.0000,13.9500,0.0337,0.0000,0.9898,C,399.6200,0.0000,3362.0000
16156L,"WRAP, CAROUSEL",399.0000,950,36,33,199.5000,189.0000,-0.0000,-0.0000,0.0000,0.9898,C,399.0000,189.0000,3363.0000
20889,JARDIN DE FEMME SCENTED CANDLE,398.0400,657,13,12,398.0400,0.0000,-0.0000,-0.0000,0.0000,0.9898,C,398.0400,0.0000,3364.0000
79191B,RETRO PLASTIC POLKA TRAY,397.3700,479,70,46,259.0700,126.4000,27.2000,0.0641,0.0000,0.9898,C,397.3700,126.4000,3365.0000
21025,SPACE FROG,397.3700,301,81,30,163.8500,223.6800,-0.0000,-0.0000,0.0000,0.9898,C,397.3700,223.6800,3365.0000
85167A,WHITE GRAND BAROQUE PHOTO FRAME,396.8000,176,14,12,396.8000,0.0000,81.0000,0.1695,0.0000,0.9899,C,396.8000,0.0000,3367.0000
90180A,BLACK+WHITE NECKLACE W TASSEL,396.6400,44,28,18,269.4000,127.2400,9.9500,0.0245,0.0000,0.9899,C,396.6400,127.2400,3368.0000
90120A,PINK MURANO TWIST BRACELET,395.6800,93,41,14,365.9500,29.7300,-0.0000,-0.0000,0.0000,0.9899,C,395.6800,29.7300,3369.0000
84726,LILLIES CANVAS PICTURE,394.8500,233,5,4,394.8500,0.0000,-0.0000,-0.0000,0.0000,0.9899,C,394.8500,0.0000,3370.0000
22869,NUMBER TILE COTTAGE GARDEN 1,393.6300,167,57,24,147.4900,246.1400,1.9500,0.0049,0.0000,0.9899,C,393.6300,246.1400,3371.0000
23661,MILK MAIDS MUG,393.5900,219,33,23,0.0000,357.2600,33.0000,0.0774,0.0000,0.9900,C,393.5900,357.2600,3372.0000
84673B,BLUE FLY SWAT,393.2600,506,133,65,236.6300,155.0000,0.6500,0.0017,0.0000,0.9900,C,393.2600,155.0000,3373.0000
84952A,CLEAR LOVE BIRD T-LIGHT HOLDER,392.5300,148,39,13,128.0600,264.4700,-0.0000,-0.0000,0.0000,0.9900,C,392.5300,264.4700,3374.0000
23116,VEGETABLE GARDEN CHOPPING BOARD,392.3400,78,22,17,0.0000,376.6000,-0.0000,-0.0000,0.0000,0.9900,C,392.3400,376.6000,3375.0000
90201D,GREEN ENAMEL FLOWER RING,391.3700,133,57,12,165.5300,222.9400,-0.0000,-0.0000,0.0000,0.9900,C,391.3700,222.9400,3376.0000
90124B,BLUE MURANO TWIST NECKLACE,391.1800,39,30,11,271.2900,119.8900,-0.0000,-0.0000,0.0000,0.9901,C,391.1800,119.8900,3377.0000
84711A,SILVER OVAL SHAPE TRINKET BOX,390.9500,42,24,13,169.1500,211.8500,-0.0000,-0.0000,0.0000,0.9901,C,390.9500,211.8500,3378.0000
23150,IVORY SWEETHEART SOAP DISH,390.7500,148,49,33,0.0000,350.9300,2.4900,0.0063,0.0000,0.9901,C,390.7500,350.9300,3379.0000
47562,ENGLISH ROSE IRONING BOARD COVER,390.0000,104,41,16,390.0000,0.0000,14.2000,0.0351,0.0000,0.9901,C,390.0000,0.0000,3380.0000
84081,WHITE CERAMIC PARTY SET (5PCS),389.3000,100,20,14,389.3000,0.0000,4.2500,0.0108,0.0000,0.9901,C,389.3000,0.0000,3381.0000
16044,POP-ART FLUORESCENT PENS,389.2200,6193,3,2,389.2200,0.0000,-0.0000,-0.0000,0.0000,0.9902,C,389.2200,0.0000,3382.0000
23337,EGG FRYING PAN MINT,388.7500,180,69,49,0.0000,361.7700,-0.0000,-0.0000,0.0000,0.9902,C,388.7500,361.7700,3383.0000
84497,BUTTONS AND STRIPES NOTEBOOK,387.1300,97,37,29,338.3800,48.7500,-0.0000,-0.0000,0.0000,0.9902,C,387.1300,48.7500,3384.0000
90208,PAIR OF PINK FLOWER CLUSTER SLIDE,386.8300,159,68,9,254.1300,112.8600,15.3000,0.0380,0.0000,0.9902,C,386.8300,112.8600,3385.0000
90158,ST TROPEZ NECKLACE,386.3200,77,63,11,162.2000,209.1800,-0.0000,-0.0000,0.0000,0.9902,C,386.3200,209.1800,3386.0000
84292,ROSE PINK METAL FOLDING CHAIR,385.9800,44,14,11,385.9800,0.0000,7.9500,0.0202,0.0000,0.9903,C,385.9800,0.0000,3387.0000
90070,RUBY GLASS CLUSTER BRACELET,385.1500,63,35,9,262.5100,122.6400,53.5500,0.1221,0.0000,0.9903,C,385.1500,122.6400,3388.0000
79051A,SMOKEY GREY COLOUR D.O.F. GLASS,384.1000,946,54,39,90.7900,273.5700,-0.0000,-0.0000,0.0000,0.9903,C,384.1000,273.5700,3389.0000
90201A,PURPLE ENAMEL FLOWER RING,382.8400,130,54,16,180.3300,196.7100,11.8000,0.0299,0.0000,0.9903,C,382.8400,196.7100,3390.0000
90082B,DIAMANTE BOW BROOCH RED COLOUR,381.0000,60,25,18,209.5500,165.1000,-0.0000,-0.0000,0.0000,0.9903,C,381.0000,165.1000,3391.0000
16258A,SWIRLY CIRCULAR RUBBERS IN BAG,380.9700,1075,101,58,202.0000,145.8200,0.4200,0.0011,0.0000,0.9904,C,380.9700,145.8200,3392.0000
90035B,"PEARL & SHELL 42""NECKL. PINK",380.8900,43,4,4,380.8900,0.0000,-0.0000,-0.0000,0.0000,0.9904,C,380.8900,0.0000,3393.0000
90184A,AMBER CHUNKY BEAD BRACELET W STRAP,380.8200,42,25,11,263.0900,117.7300,-0.0000,-0.0000,0.0000,0.9904,C,380.8200,117.7300,3394.0000
20670,VIP HOLIDAY PURSE,378.8500,694,48,20,334.8100,44.0400,86.4000,0.1857,0.0000,0.9904,C,378.8500,44.0400,3395.0000
84533B,FAIRY CAKES ROUND NESTING BOXES,377.9300,59,24,17,377.9300,0.0000,-0.0000,-0.0000,0.0000,0.9904,C,377.9300,0.0000,3396.0000
20976,12 PENCILS SMALL TUBE POSY,376.9900,550,76,51,376.9900,0.0000,-0.0000,-0.0000,0.0000,0.9905,C,376.9900,0.0000,3397.0000
85033G,SET/6 GOLD REINDEER T-LIGHT CANDLES,376.0500,236,32,16,376.0500,0.0000,1.9500,0.0052,0.0000,0.9905,C,376.0500,0.0000,3398.0000
84429A,MEDIUM PINK BUDDHA HEAD,374.7300,110,42,22,189.2800,179.5500,-0.0000,-0.0000,0.0000,0.9905,C,374.7300,179.5500,3399.0000
84741C,CITRUS GARLAND FELT FLOWERS,374.0900,186,51,42,257.0900,117.0000,-0.0000,-0.0000,0.0000,0.9905,C,374.0900,117.0000,3400.0000
84877D,BLUE ROUND COMPACT MIRROR,373.1000,161,43,14,220.9200,152.1800,-0.0000,-0.0000,0.0000,0.9905,C,373.1000,152.1800,3401.0000
84680,CLASSICAL ROSE URN,372.3000,94,17,14,372.3000,0.0000,15.9000,0.0410,0.0000,0.9905,C,372.3000,0.0000,3402.0000
16216,LETTER SHAPE PENCIL SHARPENER,371.6400,4158,88,69,137.6400,227.4000,17.6000,0.0452,0.0000,0.9906,C,371.6400,227.4000,3403.0000
20906,VINTAGE NOTEBOOK BEAUTY GIRL,371.1900,102,47,25,362.3400,8.8500,-0.0000,-0.0000,0.0000,0.9906,C,371.1900,8.8500,3404.0000
90134,OLD ROSE COMBO BEAD NECKLACE,370.9200,126,96,2,213.4200,148.8000,-0.0000,-0.0000,0.0000,0.9906,C,370.9200,148.8000,3405.0000
78033,FLAG OF ST GEORGE CHAIR,370.6000,76,16,13,185.3000,185.3000,17.8500,0.0460,0.0000,0.9906,C,370.6000,185.3000,3406.0000
85026B,EAU DE NILE JEWELLED T-LIGHT HOLDER,370.1000,303,29,20,299.8300,68.5700,8.5000,0.0225,0.0000,0.9906,C,370.1000,68.5700,3407.0000
22870,NUMBER TILE COTTAGE GARDEN 2,369.9200,156,46,16,127.6800,242.2400,-0.0000,-0.0000,0.0000,0.9907,C,369.9200,242.2400,3408.0000
79336,LIGHT PINK FLOCK GLASS CANDLEHOLDER,369.7800,840,21,13,356.1000,13.6800,-0.0000,-0.0000,0.0000,0.9907,C,369.7800,13.6800,3409.0000
20663,QUEEN OF THE SKIES HOLIDAY PURSE,369.4100,1074,44,13,303.1500,66.2600,93.8500,0.2026,0.0000,0.9907,C,369.4100,66.2600,3410.0000
84760S,SMALL HANGING GLASS+ZINC LANTERN,368.9100,228,36,24,306.5600,62.3500,-0.0000,-0.0000,0.0000,0.9907,C,368.9100,62.3500,3411.0000
47504G,ENGLISH ROSE TAPE MEASURE,368.0600,267,57,38,368.0600,0.0000,1.2500,0.0034,0.0000,0.9907,C,368.0600,0.0000,3412.0000
47503G,ASS FLORAL PRINT TAPE MEASURE,367.3600,284,35,21,367.3600,0.0000,-0.0000,-0.0000,0.0000,0.9908,C,367.3600,0.0000,3413.0000
23575,SNACK TRAY PAISLEY PARK,367.3500,179,32,22,0.0000,58.7300,-0.0000,-0.0000,0.0000,0.9908,C,367.3500,58.7300,3414.0000
35915A,CREAM KNITTED HEN,365.7600,288,1,1,365.7600,0.0000,-0.0000,-0.0000,0.0000,0.9908,C,365.7600,0.0000,3415.0000
90002D,FLOWER BURST SILVER RING CRYSTAL,365.7400,104,34,17,317.0300,48.7100,7.5000,0.0201,0.0000,0.9908,C,365.7400,48.7100,3416.0000
84926D,LA PALMIERA TILE COASTER,365.3500,773,47,29,88.8200,265.9500,-0.0000,-0.0000,0.0000,0.9908,C,365.3500,265.9500,3417.0000
79190A,RETRO PLASTIC 70'S TRAY,364.2500,790,119,42,184.8900,159.2900,14.6700,0.0387,0.0000,0.9908,C,364.2500,159.2900,3418.0000
35968,FOLK ART METAL HEART T-LIGHT HOLDER,363.3400,761,75,49,281.2400,82.1000,9.5000,0.0255,0.0000,0.9909,C,363.3400,82.1000,3419.0000
90164B,WHITE  ROSEBUD PEARL BRACELET,362.9400,67,35,8,221.9600,133.5000,-0.0000,-0.0000,0.0000,0.9909,C,362.9400,133.5000,3420.0000
23579,SNACK TRAY I LOVE LONDON,362.6500,171,35,22,0.0000,73.3000,-0.0000,-0.0000,0.0000,0.9909,C,362.6500,73.3000,3421.0000
90160A,PURPLE BOUDICCA LARGE BRACELET,362.5100,52,25,18,97.5700,257.8700,48.6500,0.1183,0.0000,0.9909,C,362.5100,257.8700,3422.0000
85094,CANDY SPOT EGG WARMER RABBIT,362.4300,762,108,40,120.1100,234.4700,1.2500,0.0034,0.0000,0.9909,C,362.4300,234.4700,3423.0000
21946,PARTY TIME DESIGN FLANNEL,358.9700,625,67,25,283.6200,71.7700,-0.0000,-0.0000,0.0000,0.9910,C,358.9700,71.7700,3424.0000
84402D,PINK DRESS JEWELLERY STAND,358.9300,373,13,9,358.9300,0.0000,-0.0000,-0.0000,0.0000,0.9910,C,358.9300,0.0000,3425.0000
90036E,"FLOWER GLASS GARLD NECKL36""AMETHYST",358.8700,45,28,10,247.9200,110.9500,-0.0000,-0.0000,0.0000,0.9910,C,358.8700,110.9500,3426.0000
35912B,WHITE/PINK CHICK DECORATION,358.0800,290,30,22,56.8200,301.2600,-0.0000,-0.0000,0.0000,0.9910,C,358.0800,301.2600,3427.0000
84711B,PINK OVAL SHAPE TRINKET BOX,357.7100,39,30,11,171.0700,176.6900,-0.0000,-0.0000,0.0000,0.9910,C,357.7100,176.6900,3428.0000
84800M,MEDIUM WHITE/PINK ROSE ART FLOWER,357.2200,250,27,25,182.9100,174.3100,5.0700,0.0140,0.0000,0.9910,C,357.2200,174.3100,3429.0000
90148,LONG SILVER NECKLACE PASTEL FLOWER,356.7300,28,18,15,242.2500,114.4800,25.5000,0.0667,0.0000,0.9911,C,356.7300,114.4800,3430.0000
21038,SET/4 MODERN VINTAGE COTTON NAPKINS,355.4800,166,52,39,268.7300,86.7500,5.9000,0.0163,0.0000,0.9911,C,355.4800,86.7500,3431.0000
20799,PINK MILKSHAKE GLASS,355.3300,200,26,11,355.3300,0.0000,29.4600,0.0766,0.0000,0.9911,C,355.3300,0.0000,3432.0000
72487,ROSES WHITE ROUND CANDLE,355.0500,827,14,13,355.0500,0.0000,-0.0000,-0.0000,0.0000,0.9911,C,355.0500,0.0000,3433.0000
90019A,SILVER M.O.P ORBIT BRACELET,354.5900,68,51,16,157.5000,191.6900,-0.0000,-0.0000,0.0000,0.9911,C,354.5900,191.6900,3434.0000
90082A,DIAMANTE BOW BROOCH GREEN COLOUR,353.7100,55,32,16,160.5100,167.2000,-0.0000,-0.0000,0.0000,0.9912,C,353.7100,167.2000,3435.0000
90013C,GREEN VINTAGE EARRINGS,353.5500,88,56,10,195.4700,141.4800,3.7500,0.0105,0.0000,0.9912,C,353.5500,141.4800,3436.0000
23420,PANTRY HOOK TEA STRAINER,353.4500,165,32,26,0.0000,351.3700,-0.0000,-0.0000,0.0000,0.9912,C,353.4500,351.3700,3437.0000
20950,SET/6  ANGEL T-LIGHTS WHITE/GOLD,353.3900,687,83,57,353.3900,0.0000,-0.0000,-0.0000,0.0000,0.9912,C,353.3900,0.0000,3438.0000
23421,PANTRY HOOK SPATULA,353.3600,162,33,24,0.0000,351.2800,-0.0000,-0.0000,0.0000,0.9912,C,353.3600,351.2800,3439.0000
84802A,WHITE ANEMONE ARTIFICIAL FLOWER,353.2100,209,24,21,349.8300,3.3800,-0.0000,-0.0000,0.0000,0.9912,C,353.2100,3.3800,3440.0000
22039,BOTANICAL LILY GIFT WRAP,353.0000,850,30,27,248.0000,105.0000,10.5000,0.0289,0.0000,0.9913,C,353.0000,105.0000,3441.0000
84898F,YELLOW FLOWERS FELT HANDBAG KIT,352.7500,165,52,37,254.1200,98.6300,-0.0000,-0.0000,0.0000,0.9913,C,352.7500,98.6300,3442.0000
46000R,POLYESTER FILLER PAD 45x30cm,352.3500,243,61,42,203.0000,146.4500,-0.0000,-0.0000,0.0000,0.9913,C,352.3500,146.4500,3443.0000
84249D,FAIRY CAKE GREETINGS CARD,352.3400,835,64,48,352.3400,0.0000,10.0800,0.0278,0.0000,0.9913,C,352.3400,0.0000,3444.0000
84809B,PINK CHRYSANTHEMUMS ART FLOWER,351.6000,296,8,7,313.8000,37.8000,-0.0000,-0.0000,0.0000,0.9913,C,351.6000,37.8000,3445.0000
90201C,RED ENAMEL FLOWER RING,350.9400,119,46,16,165.5200,179.6200,17.7000,0.0480,0.0000,0.9914,C,350.9400,179.6200,3446.0000
90161A,ANT COPPER RED BOUDICCA BRACELET,349.9600,70,43,14,230.0500,105.0300,-0.0000,-0.0000,0.0000,0.9914,C,349.9600,105.0300,3447.0000
82011B,BATHROOM SCALES RUBBER DUCKS,348.8000,93,48,23,201.9500,146.8500,-0.0000,-0.0000,0.0000,0.9914,C,348.8000,146.8500,3448.0000
84535A,ENGLISH ROSE NOTEBOOK A6 SIZE,346.9300,607,64,44,160.3700,186.5600,-0.0000,-0.0000,0.0000,0.9914,C,346.9300,186.5600,3449.0000
22257,FELT FARM ANIMAL SHEEP,346.7300,420,57,23,66.3100,280.4200,15.0000,0.0415,0.0000,0.9914,C,346.7300,280.4200,3450.0000
23015,CORDIAL GLASS JUG,346.6300,41,18,15,0.0000,346.6300,57.7500,0.1428,0.0000,0.9914,C,346.6300,346.6300,3451.0000
84801B,WHITE HYDRANGEA ART FLOWER,345.0000,214,18,14,298.8000,46.2000,-0.0000,-0.0000,0.0000,0.9915,C,345.0000,46.2000,3452.0000
35004c,SET OF 3 COLOURED  FLYING DUCKS,343.7200,27,25,0,343.7200,0.0000,-0.0000,-0.0000,0.0000,0.9915,C,343.7200,0.0000,3453.0000
90014B,GOLD M PEARL  ORBIT NECKLACE,343.6600,35,28,13,184.9200,158.7400,-0.0000,-0.0000,0.0000,0.9915,C,343.6600,158.7400,3454.0000
35833P,4 PINK FLOCK CHRISTMAS BALLS,343.4200,186,64,32,253.7000,89.7200,-0.0000,-0.0000,0.0000,0.9915,C,343.4200,89.7200,3455.0000
21306,SET/4 DAISY MIRROR MAGNETS,343.0900,682,68,48,150.0600,192.1600,7.3200,0.0209,0.0000,0.9915,C,343.0900,192.1600,3456.0000
84881,BLUE WIRE SPIRAL CANDLE HOLDER,342.9400,52,24,21,260.3700,82.5700,6.3500,0.0182,0.0000,0.9915,C,342.9400,82.5700,3457.0000
20940,SET/6 GARDEN GNOME T-LIGHT CANDLES,342.7500,118,22,15,342.7500,0.0000,106.2000,0.2366,0.0000,0.9916,C,342.7500,0.0000,3458.0000
90191,SILVER LARIAT 40CM,342.6000,40,21,13,178.7800,138.8600,-0.0000,-0.0000,0.0000,0.9916,C,342.6000,138.8600,3459.0000
72811,SMALL ZINC/GLASS CANDLEHOLDER,340.4500,445,22,18,261.5200,75.9500,-0.0000,-0.0000,0.0000,0.9916,C,340.4500,75.9500,3460.0000
75149N,STRING CRYSTALS NATURAL,340.0000,272,25,18,340.0000,0.0000,-0.0000,-0.0000,0.0000,0.9916,C,340.0000,0.0000,3461.0000
79303B,BLUE STAR BLOCK TABLE LAMP,339.5700,109,10,4,339.5700,0.0000,-0.0000,-0.0000,0.0000,0.9916,C,339.5700,0.0000,3462.0000
84925A,WAKE UP COCKEREL WALL THERMOMETER,339.2900,179,17,14,339.2900,0.0000,-0.0000,-0.0000,0.0000,0.9916,C,339.2900,0.0000,3463.0000
21420,OYSTER TRINKET BOX,338.6600,122,31,21,215.0000,101.5400,-0.0000,-0.0000,0.0000,0.9917,C,338.6600,101.5400,3464.0000
35914,PINK CHICK EGG WARMER + EGG CUP,337.4300,244,56,25,117.7700,219.6600,-0.0000,-0.0000,0.0000,0.9917,C,337.4300,219.6600,3465.0000
84576,BLUE CAT BISCUIT BARREL PINK HEART,337.0400,96,32,19,188.7200,148.3200,-0.0000,-0.0000,0.0000,0.9917,C,337.0400,148.3200,3466.0000
17011F,ORIGAMI SANDLEWOOD INCENSE+FLOWER,336.2000,385,20,15,269.8400,66.3600,-0.0000,-0.0000,0.0000,0.9917,C,336.2000,66.3600,3467.0000
22889,NUMBER TILE VINTAGE FONT No,335.5200,200,39,8,63.3200,268.0700,27.3000,0.0752,0.0000,0.9917,C,335.5200,268.0700,3468.0000
90178A,AMBER CHUNKY GLASS+BEAD NECKLACE,334.3600,28,21,14,239.1100,95.2500,-0.0000,-0.0000,0.0000,0.9918,C,334.3600,95.2500,3469.0000
20847,ZINC HEART LATTICE CHARGER LARGE,334.3500,80,27,17,116.7700,217.5800,7.6200,0.0223,0.0000,0.9918,C,334.3500,217.5800,3470.0000
17109A,FLOWER FAIRY INCENSE LILY,333.6100,709,13,12,333.6100,0.0000,-0.0000,-0.0000,0.0000,0.9918,C,333.6100,0.0000,3471.0000
23047,PAPER LANTERN 5 POINT SEQUIN STAR,333.5000,58,25,25,0.0000,333.5000,-0.0000,-0.0000,0.0000,0.9918,C,333.5000,333.5000,3472.0000
21402,RED  EGG  SPOON,333.4200,1698,151,81,147.9000,183.4200,0.4200,0.0013,0.0000,0.9918,C,333.4200,183.4200,3473.0000
90175C,BLUE GLASS CHUNKY CHARM BRACELET,332.9500,37,20,15,252.4000,80.5500,-0.0000,-0.0000,0.0000,0.9918,C,332.9500,80.5500,3474.0000
20688,BEAUTY SPEED EXPRESSO CUPS,332.9000,464,11,9,332.9000,0.0000,-0.0000,-0.0000,0.0000,0.9919,C,332.9000,0.0000,3475.0000
47583B,SET OF 3 WICKER BASKET TEA AND CAKE,332.6000,27,6,6,332.6000,0.0000,-0.0000,-0.0000,0.0000,0.9919,C,332.6000,0.0000,3476.0000
85089,CANDY SPOT BUNNY,332.2900,104,29,15,290.9900,41.3000,-0.0000,-0.0000,0.0000,0.9919,C,332.2900,41.3000,3477.0000
35637C,PINK STRING CURTAIN WITH POLE,331.1400,100,19,14,230.2800,100.8600,-0.0000,-0.0000,0.0000,0.9919,C,331.1400,100.8600,3478.0000
85024B,EAU DE NILE JEWELLED PHOTOFRAME,330.9000,218,20,19,41.2500,288.0000,-0.0000,-0.0000,0.0000,0.9919,C,330.9000,288.0000,3479.0000
84870C,GREEN GEISHA GIRL,330.3600,93,41,21,184.3100,146.0500,-0.0000,-0.0000,0.0000,0.9919,C,330.3600,146.0500,3480.0000
35921,EASTER BUNNY HANGING GARLAND,330.3200,183,49,23,197.0900,133.2300,1.2500,0.0038,0.0000,0.9920,C,330.3200,133.2300,3481.0000
22878,NUMBER TILE COTTAGE GARDEN No,330.2600,128,45,13,126.0700,204.1900,2.1000,0.0063,0.0000,0.9920,C,330.2600,204.1900,3482.0000
90129B,TURQUOISE GLASS TASSLE BAG CHARM,329.9500,146,62,17,208.5700,118.4300,-0.0000,-0.0000,0.0000,0.9920,C,329.9500,118.4300,3483.0000
37467,PIG MUG IN TWO COLOUR DESIGNS,328.5100,273,64,28,198.2400,130.2700,-0.0000,-0.0000,0.0000,0.9920,C,328.5100,130.2700,3484.0000
72739B,WHITE CHOCOLATE SCENT CANDLE,328.3900,394,28,10,328.3900,0.0000,-0.0000,-0.0000,0.0000,0.9920,C,328.3900,0.0000,3485.0000
21722,SWEET PUDDING STICKER SHEET,327.7500,347,79,33,232.2200,90.6400,2.5500,0.0077,0.0000,0.9920,C,327.7500,90.6400,3486.0000
84902,PINK KNITTED COW STUFFED TOY,326.3300,84,53,28,326.3300,0.0000,-0.0000,-0.0000,0.0000,0.9921,C,326.3300,0.0000,3487.0000
84706A,ENGLISH ROSE TABLE CLOCK,325.8800,137,7,6,325.8800,0.0000,-0.0000,-0.0000,0.0000,0.9921,C,325.8800,0.0000,3488.0000
21309,LOUVRE CHALKBOARD,325.6000,49,5,5,325.6000,0.0000,9.9500,0.0297,0.0000,0.9921,C,325.6000,0.0000,3489.0000
90209A,PURPLE ENAMEL+GLASS HAIR COMB,325.5000,173,10,7,161.7000,163.8000,18.9000,0.0549,0.0000,0.9921,C,325.5000,163.8000,3490.0000
90018A,SILVER M.O.P ORBIT DROP EARRINGS,325.4900,77,56,15,132.1600,180.8800,4.2500,0.0129,0.0000,0.9921,C,325.4900,180.8800,3491.0000
23037,CANDLE HOLDER SILVER MADELINE,325.1600,196,20,17,0.0000,282.2700,-0.0000,-0.0000,0.0000,0.9921,C,325.1600,282.2700,3492.0000
17091B,JASMINE TEA INCENSE IN TIN,324.4800,282,51,35,324.4800,0.0000,-0.0000,-0.0000,0.0000,0.9922,C,324.4800,0.0000,3493.0000
23478,WOODLAND LARGE PINK FELT HEART,324.4000,285,13,9,0.0000,309.4000,-0.0000,-0.0000,0.0000,0.9922,C,324.4000,309.4000,3494.0000
84509E,SET OF 4 CAROUSEL PLACEMATS,323.3600,161,32,11,139.9100,172.3900,-0.0000,-0.0000,0.0000,0.9922,C,323.3600,172.3900,3495.0000
23695,DOILY THANK YOU CARD,323.3200,765,57,41,0.0000,221.8600,-0.0000,-0.0000,0.0000,0.9922,C,323.3200,221.8600,3496.0000
90175B,PINK GLASS CHUNKY CHARM BRACELET,322.8500,36,27,6,231.1700,91.6800,17.9000,0.0525,0.0000,0.9922,C,322.8500,91.6800,3497.0000
84870B,BLUE GEISHA GIRL,322.6100,90,40,22,176.5300,146.0800,3.7500,0.0115,0.0000,0.9922,C,322.6100,146.0800,3498.0000
90197B,BLACK GLASS BRACELET W HEART CHARMS,322.5200,64,51,2,147.7900,164.8000,-0.0000,-0.0000,0.0000,0.9923,C,322.5200,164.8000,3499.0000
85131C,BEADED CRYSTAL HEART BLUE ON STICK,321.4000,440,72,20,142.5500,178.8500,-0.0000,-0.0000,0.0000,0.9923,C,321.4000,178.8500,3500.0000
85070,ANT WHITE SWEETHEART TABLE W 3 DRAW,320.0000,3,3,3,320.0000,0.0000,125.0000,0.2809,0.0000,0.9923,C,320.0000,0.0000,3501.0000
85033S,SET/6 SILVER REINDEER T-LIGHTS,319.9500,260,49,34,319.9500,0.0000,0.6500,0.0020,0.0000,0.9923,C,319.9500,0.0000,3502.0000
84795b,SUNSET CHECK HAMMOCK,317.7200,19,17,0,50.9400,266.7800,-0.0000,-0.0000,0.0000,0.9923,C,317.7200,266.7800,3503.0000
84933C,LARGE BLUE ORIENTAL FOLDING STOOL,317.0000,136,6,6,317.0000,0.0000,-0.0000,-0.0000,0.0000,0.9923,C,317.0000,0.0000,3504.0000
84673A,PINK FLY SWAT,316.1400,502,99,57,252.4200,63.7200,0.6500,0.0021,0.0000,0.9923,C,316.1400,63.7200,3505.0000
21401,BLUE PUDDING SPOON,315.7000,1437,121,72,164.5100,145.6700,-0.0000,-0.0000,0.0000,0.9924,C,315.7000,145.6700,3506.0000
85129B,BEADED CRYSTAL HEART GREEN SMALL,315.1100,233,56,26,146.5200,166.1300,-0.0000,-0.0000,0.0000,0.9924,C,315.1100,166.1300,3507.0000
84933A,LARGE GREEN PEONY FOLDING STOOL,314.3500,131,6,5,314.3500,0.0000,-0.0000,-0.0000,0.0000,0.9924,C,314.3500,0.0000,3508.0000
18096C,WHITE ROUND PORCELAIN TLIGHT HOLDER,314.0000,123,20,12,314.0000,0.0000,30.6000,0.0888,0.0000,0.9924,C,314.0000,0.0000,3509.0000
90000D,COPPER/OLIVE GREEN FLOWER NECKLACE,313.7500,51,34,13,183.9000,129.8500,-0.0000,-0.0000,0.0000,0.9924,C,313.7500,129.8500,3510.0000
46000U,POLYESTER FILLER PAD 30CMx30CM,313.7500,251,51,39,180.0000,121.2500,-0.0000,-0.0000,0.0000,0.9924,C,313.7500,121.2500,3510.0000
35638B,PINK/BLUE STRING CURTAIN,313.2900,118,11,7,184.9600,128.3300,-0.0000,-0.0000,0.0000,0.9925,C,313.2900,128.3300,3512.0000
84838,ANT WHITE HIGH RISE BIRD BOX,312.5000,50,4,3,312.5000,0.0000,-0.0000,-0.0000,0.0000,0.9925,C,312.5000,0.0000,3513.0000
90016B,GOLD/M.O.P PENDANT ORBIT NECKLACE,312.1400,37,30,14,127.4800,168.0200,-0.0000,-0.0000,0.0000,0.9925,C,312.1400,168.0200,3514.0000
84671B,CROCHET BEAR WITH BLUE STRIPES,311.8700,111,32,20,311.8700,0.0000,-0.0000,-0.0000,0.0000,0.9925,C,311.8700,0.0000,3515.0000
84522,PINK PARTY SUNGLASSES,311.8600,186,26,19,275.1000,36.7600,-0.0000,-0.0000,0.0000,0.9925,C,311.8600,36.7600,3516.0000
84219,BOX/12 MOTHER & CHICK IN BASKET/BOW,311.5100,140,28,24,311.5100,0.0000,-0.0000,-0.0000,0.0000,0.9925,C,311.5100,0.0000,3517.0000
90098,NECKLACE+BRACELET PINK BUTTERFLY,311.4800,141,55,22,237.5300,73.9500,15.3000,0.0468,0.0000,0.9926,C,311.4800,73.9500,3518.0000
22872,NUMBER TILE COTTAGE GARDEN 4,311.3000,136,39,16,133.8400,169.2000,-0.0000,-0.0000,0.0000,0.9926,C,311.3000,169.2000,3519.0000
35979,SIX STRING SCANDINAVIAN HEART DECS,311.0300,94,27,19,311.0300,0.0000,35.4000,0.1022,0.0000,0.9926,C,311.0300,0.0000,3520.0000
62095B,TURQOISE ICE CREAM SUNHAT,310.8300,292,21,18,310.8300,0.0000,-0.0000,-0.0000,0.0000,0.9926,C,310.8300,0.0000,3521.0000
84623,PINK GINGHAM ROSE FLOOR CUSHION,310.4400,56,14,8,310.4400,0.0000,-0.0000,-0.0000,0.0000,0.9926,C,310.4400,0.0000,3522.0000
84933B,LARGE PINK PEONY FOLDING STOOL,309.1500,136,6,5,309.1500,0.0000,-0.0000,-0.0000,0.0000,0.9926,C,309.1500,0.0000,3523.0000
84661A,WHITE SQUARE TABLE CLOCK,308.9900,222,43,22,141.2000,108.8900,-0.0000,-0.0000,0.0000,0.9927,C,308.9900,108.8900,3524.0000
17012E,ORIGAMI OPIUM INCENSE/CANDLE SET,308.7900,287,29,12,234.1500,74.6400,-0.0000,-0.0000,0.0000,0.9927,C,308.7900,74.6400,3525.0000
20795,LARGE BLUE PROVENCAL CERAMIC BALL,308.7000,135,29,15,195.6500,96.3200,14.7000,0.0455,0.0000,0.9927,C,308.7000,96.3200,3526.0000
21196,ROUND WHITE CONFETTI IN TUBE,308.5400,179,22,16,118.8600,169.8800,-0.0000,-0.0000,0.0000,0.9927,C,308.5400,169.8800,3527.0000
77081,FLOWER WINDMILL,308.3800,242,33,17,308.3800,0.0000,1.2500,0.0040,0.0000,0.9927,C,308.3800,0.0000,3528.0000
84906,PINK B'FLY C/COVER W BOBBLES,307.4700,66,21,14,184.4500,123.0200,1.9500,0.0063,0.0000,0.9927,C,307.4700,123.0200,3529.0000
47593A,CAROUSEL DESIGN BABY BIB,306.6700,303,97,36,292.3000,14.3700,-0.0000,-0.0000,0.0000,0.9927,C,306.6700,14.3700,3530.0000
23495,SET OF 3 PANTRY WOODEN SPOONS,306.6600,225,41,21,0.0000,241.9000,-0.0000,-0.0000,0.0000,0.9928,C,306.6600,241.9000,3531.0000
90173,PAIR BUTTERFLY HAIR CLIPS,306.6400,81,51,7,186.3000,120.3400,3.7500,0.0121,0.0000,0.9928,C,306.6400,120.3400,3532.0000
72130,COLUMBIAN CANDLE ROUND,306.3500,753,57,39,173.0100,133.3400,-0.0000,-0.0000,0.0000,0.9928,C,306.3500,133.3400,3533.0000
16254,TRANSPARENT ACRYLIC TAPE DISPENSER,305.6600,941,40,17,263.0800,42.5800,-0.0000,-0.0000,0.0000,0.9928,C,305.6600,42.5800,3534.0000
44235,ASS COL CIRCLE MOBILE,305.1000,819,22,16,104.6400,198.7800,-0.0000,-0.0000,0.0000,0.9928,C,305.1000,198.7800,3535.0000
20800,LARGE GLASS SUNDAE DISH CLEAR,303.9600,1005,5,2,303.9600,0.0000,-0.0000,-0.0000,0.0000,0.9928,C,303.9600,0.0000,3536.0000
84627,CANDY STRIPE ROSE C/COVER,303.4500,51,19,15,303.4500,0.0000,47.6000,0.1356,0.0000,0.9929,C,303.4500,0.0000,3537.0000
21030,SPACE CADET RED,303.4000,249,51,37,131.2000,172.2000,-0.0000,-0.0000,0.0000,0.9929,C,303.4000,172.2000,3538.0000
72753D,S/3 FLWR FAIRY SUMMER CANDLES,302.4000,144,9,9,302.4000,0.0000,33.6000,0.1000,0.0000,0.9929,C,302.4000,0.0000,3539.0000
90036D,"FLOWER GLASS GARLAND NECKL.36""BLACK",302.2900,38,16,11,206.9400,95.3500,-0.0000,-0.0000,0.0000,0.9929,C,302.2900,95.3500,3540.0000
85147,JARDIN ETCHED GLASS CANDLEHLDR LONG,301.9500,61,16,14,301.9500,0.0000,9.9000,0.0317,0.0000,0.9929,C,301.9500,0.0000,3541.0000
23430,BLUE RETRO KITCHEN WALL CLOCK,301.8800,36,18,16,0.0000,171.1500,-0.0000,-0.0000,0.0000,0.9929,C,301.8800,171.1500,3542.0000
35645,VINTAGE BEAD PINK JEWEL BOX,301.8100,61,34,18,284.8100,17.0000,-0.0000,-0.0000,0.0000,0.9929,C,301.8100,17.0000,3543.0000
21321,GLASS CHALICE BLUE  LARGE,301.8000,122,18,10,301.8000,0.0000,34.2000,0.1018,0.0000,0.9930,C,301.8000,0.0000,3544.0000
90035C,"PEARL & SHELL 42""NECKL. IVORY",301.0000,28,5,5,279.5000,21.5000,-0.0000,-0.0000,0.0000,0.9930,C,301.0000,21.5000,3545.0000
22954,HEN PARTY CORDON BARRIER TAPE,300.1400,243,50,28,52.5100,247.6300,1.2500,0.0041,0.0000,0.9930,C,300.1400,247.6300,3546.0000
84800S,SMALL WHITE/PINK ROSE ART FLOWER,299.5400,394,19,19,171.9700,127.5700,2.5000,0.0083,0.0000,0.9930,C,299.5400,127.5700,3547.0000
23440,PAINT YOUR OWN EGGS IN CRATE,299.3600,164,5,5,0.0000,39.5200,-0.0000,-0.0000,0.0000,0.9930,C,299.3600,39.5200,3548.0000
17001,HEAVENS SCENT FRAGRANCE OILS ASSTD,299.3500,1211,23,20,278.4700,20.8800,1.7400,0.0058,0.0000,0.9930,C,299.3500,20.8800,3549.0000
90124A,PINK MURANO TWIST NECKLACE,299.2800,30,20,16,219.6200,79.6600,-0.0000,-0.0000,0.0000,0.9931,C,299.2800,79.6600,3550.0000
35981C,WHITE SNOW SCANDINAVIAN STOCKING,298.0000,590,67,55,298.0000,0.0000,-0.0000,-0.0000,0.0000,0.9931,C,298.0000,0.0000,3551.0000
47471,RAINBOW PEGS PHOTO CLIP STRING,297.6700,431,63,35,106.4900,184.0400,-0.0000,-0.0000,0.0000,0.9931,C,297.6700,184.0400,3552.0000
84247N,PACK/12 BLUE FOLKART CARDS,297.4800,113,53,33,232.5800,64.9000,97.3500,0.2466,0.0000,0.9931,C,297.4800,64.9000,3553.0000
84882,GREEN WIRE STANDING CANDLE HOLDER,296.9300,68,36,22,139.5900,157.3400,-0.0000,-0.0000,0.0000,0.9931,C,296.9300,157.3400,3554.0000
84482,BUTTONS DESIGN JEWELLERY BOX,296.7700,76,32,22,296.7700,0.0000,37.5000,0.1122,0.0000,0.9931,C,296.7700,0.0000,3555.0000
79190D,RETRO PLASTIC DAISY TRAY,296.5800,641,112,44,169.6000,120.6800,2.1000,0.0070,0.0000,0.9931,C,296.5800,120.6800,3556.0000
20869,GOLD FABRIC MIRROR,296.3700,530,53,30,209.6100,84.4200,-0.0000,-0.0000,0.0000,0.9932,C,296.3700,84.4200,3557.0000
35920,FOUR RABBIT EASTER DECORATIONS,296.3400,1070,24,18,191.5000,104.8400,-0.0000,-0.0000,0.0000,0.9932,C,296.3400,104.8400,3558.0000
16202A,PASTEL PINK PHOTO ALBUM,296.0000,663,21,16,292.5000,3.5000,97.8000,0.2483,0.0000,0.9932,C,296.0000,3.5000,3559.0000
DCGSSGIRL,GIRLS PARTY BAG,295.6300,92,23,0,151.2000,144.4300,-0.0000,-0.0000,0.0000,0.9932,C,295.6300,144.4300,3560.0000
90129A,PINK GLASS TASSLE BAG CHARM,295.3800,151,73,14,212.4000,82.9800,-0.0000,-0.0000,0.0000,0.9932,C,295.3800,82.9800,3561.0000
21697,SET 5 MINI DOUGHNUT FRIDGE MAGNET,295.0800,372,7,6,295.0800,0.0000,-0.0000,-0.0000,0.0000,0.9932,C,295.0800,0.0000,3562.0000
21388,IVORY HANGING DECORATION  CHICKEN,293.5700,315,29,27,293.5700,0.0000,-0.0000,-0.0000,0.0000,0.9932,C,293.5700,0.0000,3563.0000
90185D,CRYSTAL DIAMANTE EXPANDABLE RING,293.3300,69,35,14,144.7000,148.6300,12.7500,0.0417,0.0000,0.9933,C,293.3300,148.6300,3564.0000
84926A,WAKE UP COCKEREL TILE COASTER,293.0800,664,51,29,82.5600,203.5600,-0.0000,-0.0000,0.0000,0.9933,C,293.0800,203.5600,3565.0000
16212,FUNKY GIRLZ ASST MAGNETIC MEMO PAD,292.8600,375,37,29,292.8600,0.0000,-0.0000,-0.0000,0.0000,0.9933,C,292.8600,0.0000,3566.0000
72801F,S/4 FESTIVE RED DINNER CANDLES,292.5000,234,25,20,292.5000,0.0000,-0.0000,-0.0000,0.0000,0.9933,C,292.5000,0.0000,3567.0000
90030B,RED KUKUI COCONUT SEED NECKLACE,292.0800,139,36,17,101.3500,172.9100,-0.0000,-0.0000,0.0000,0.9933,C,292.0800,172.9100,3568.0000
37422,WHITE WITH BLACK CATS BOWL,292.0800,434,73,14,292.0800,0.0000,-0.0000,-0.0000,0.0000,0.9933,C,292.0800,0.0000,3569.0000
23567,EGG CUP HENRIETTA HEN PINK,291.5800,211,37,15,0.0000,270.6100,1.2500,0.0043,0.0000,0.9934,C,291.5800,270.6100,3570.0000
84529A,PINK KNITTED KIDS RUCKSACK,290.7800,50,19,9,290.7800,0.0000,-0.0000,-0.0000,0.0000,0.9934,C,290.7800,0.0000,3571.0000
20826,SILVER APERITIF GLASS,290.7200,355,14,11,162.3200,128.4000,-0.0000,-0.0000,0.0000,0.9934,C,290.7200,128.4000,3572.0000
23410,CURIO CABINET LINEN AND LACE,290.1000,36,18,16,0.0000,290.1000,8.1500,0.0273,0.0000,0.9934,C,290.1000,290.1000,3573.0000
22871,NUMBER TILE COTTAGE GARDEN 3,289.3900,127,30,11,126.0400,163.3500,-0.0000,-0.0000,0.0000,0.9934,C,289.3900,163.3500,3574.0000
72812,LARGE ZINC GLASS CANDLEHOLDER,288.4600,105,31,14,172.4000,107.8000,-0.0000,-0.0000,0.0000,0.9934,C,288.4600,107.8000,3575.0000
20987,GEISHA GIRL CHOPSTICKS SET/5,288.3500,131,22,11,288.3500,0.0000,-0.0000,-0.0000,0.0000,0.9934,C,288.3500,0.0000,3576.0000
47578A,ENGLISH ROSE SMALL SCENTED FLOWER,287.5300,316,69,42,85.0000,183.9000,-0.0000,-0.0000,0.0000,0.9935,C,287.5300,183.9000,3577.0000
21144,PINK POODLE HANGING DECORATION,287.4700,543,60,40,270.6700,16.8000,4.5600,0.0156,0.0000,0.9935,C,287.4700,16.8000,3578.0000
20821,GOLDIE LOOKING MIRROR,286.4200,42,25,10,202.2700,84.1500,69.3000,0.1948,0.0000,0.9935,C,286.4200,84.1500,3579.0000
90014C,SILVER/BLACK ORBIT NECKLACE,284.6800,29,20,13,241.4800,43.2000,-0.0000,-0.0000,0.0000,0.9935,C,284.6800,43.2000,3580.0000
37413,ICON MUG REVOLUTIONARY,284.4900,703,81,52,0.0000,273.5700,-0.0000,-0.0000,0.0000,0.9935,C,284.4900,273.5700,3581.0000
90185B,AMETHYST DIAMANTE EXPANDABLE RING,284.4300,67,34,12,187.4100,92.8700,80.7500,0.2211,0.0000,0.9935,C,284.4300,92.8700,3582.0000
82093,HEART SHAPE BUTTON FRAME,283.4900,139,28,7,283.4900,0.0000,-0.0000,-0.0000,0.0000,0.9935,C,283.4900,0.0000,3583.0000
84977,WIRE FLOWER T-LIGHT HOLDER,282.5800,224,44,34,281.3300,1.2500,-0.0000,-0.0000,0.0000,0.9936,C,282.5800,1.2500,3584.0000
84508C,BLUE CIRCLES DESIGN TEDDY,282.3700,104,43,22,124.8700,157.5000,2.5500,0.0089,0.0000,0.9936,C,282.3700,157.5000,3585.0000
20980,36 PENCILS TUBE POSY,282.3100,233,58,35,205.4000,76.9100,11.2500,0.0383,0.0000,0.9936,C,282.3100,76.9100,3586.0000
85049g,CHOCOLATE BOX RIBBONS,281.4400,115,52,0,5.0200,246.9000,-0.0000,-0.0000,0.0000,0.9936,C,281.4400,246.9000,3587.0000
16052,TEATIME PUSH DOWN RUBBER,281.3200,848,35,18,166.0200,115.3000,10.0800,0.0346,0.0000,0.9936,C,281.3200,115.3000,3588.0000
23481,PEARLISED IVORY HEART SMALL,281.1700,228,29,23,0.0000,251.1700,-0.0000,-0.0000,0.0000,0.9936,C,281.1700,251.1700,3589.0000
90163A,PINK ROSEBUD & PEARL NECKLACE,280.7100,37,24,5,190.3900,75.3600,-0.0000,-0.0000,0.0000,0.9936,C,280.7100,75.3600,3590.0000
84457,SET/3 RABBITS FLOWER SKIPPPING ROPE,280.4300,293,64,37,167.0200,113.4100,-0.0000,-0.0000,0.0000,0.9937,C,280.4300,113.4100,3591.0000
84192,ASSORTED COLOUR METAL CAT,279.8500,233,38,29,136.1000,137.5000,-0.0000,-0.0000,0.0000,0.9937,C,279.8500,137.5000,3592.0000
21412,VINTAGE GOLD TINSEL REEL,279.8400,277,67,33,279.8400,0.0000,3.7800,0.0133,0.0000,0.9937,C,279.8400,0.0000,3593.0000
84926F,PSYCHEDELIC TILE COASTER,279.1500,485,42,24,83.9300,189.7200,6.9600,0.0243,0.0000,0.9937,C,279.1500,189.7200,3594.0000
72739C,DARK CHOCOLATE SCENTCANDLE,279.0800,326,23,10,279.0800,0.0000,31.2500,0.1007,0.0000,0.9937,C,279.0800,0.0000,3595.0000
84625B,BLCK NEW BAROQUE CANDLESTICK CANDLE,279.0000,180,17,15,279.0000,0.0000,10.2000,0.0353,0.0000,0.9937,C,279.0000,0.0000,3596.0000
90115,SUMMER BUTTERFLIES BAG CHARM,278.9600,108,60,11,144.4300,134.5300,-0.0000,-0.0000,0.0000,0.9937,C,278.9600,134.5300,3597.0000
90122A,PINK CRYSTAL+GLASS BRACELET,278.8400,56,31,14,169.3600,109.4800,-0.0000,-0.0000,0.0000,0.9938,C,278.8400,109.4800,3598.0000
21367,MIRRORED WALL ART GENTS,278.4800,211,60,37,78.9900,185.5300,-0.0000,-0.0000,0.0000,0.9938,C,278.4800,185.5300,3599.0000
35096A,BLUE VICTORIAN FABRIC HEART BOX,277.4900,777,50,18,277.4900,0.0000,-0.0000,-0.0000,0.0000,0.9938,C,277.4900,0.0000,3600.0000
90146,FINE SILVER NECKLACE W PASTEL FLOWE,276.4900,41,19,12,181.1400,87.4500,15.0000,0.0515,0.0000,0.9938,C,276.4900,87.4500,3601.0000
75178,ASSTD COL BUTTERFLY/CRYSTAL W/CHIME,276.4300,499,25,11,57.5600,217.6200,-0.0000,-0.0000,0.0000,0.9938,C,276.4300,217.6200,3602.0000
84966C,GREEN KASHMIRI BOXED MIRROR,276.0000,23,2,1,276.0000,0.0000,-0.0000,-0.0000,0.0000,0.9938,C,276.0000,0.0000,3603.0000
DCGS0076,SUNJAR LED NIGHT NIGHT LIGHT,275.9600,17,14,0,227.5700,48.3900,-0.0000,-0.0000,0.0000,0.9938,C,275.9600,48.3900,3604.0000
23137,ZINC WIRE SWEETHEART LETTER TRAY,275.6200,83,23,18,0.0000,259.3700,-0.0000,-0.0000,0.0000,0.9939,C,275.6200,259.3700,3605.0000
47586A,PINK FAIRY CAKE CUSHION COVER,275.5300,202,29,23,221.9800,53.5500,-0.0000,-0.0000,0.0000,0.9939,C,275.5300,53.5500,3606.0000
90085,CRYSTAL STILETTO PHONE CHARM,275.5300,311,29,14,238.7700,26.5600,76.5000,0.2173,0.0000,0.9939,C,275.5300,26.5600,3606.0000
21095,SET/6 POSIES PAPER PLATES,274.5700,295,40,24,155.8400,118.7300,-0.0000,-0.0000,0.0000,0.9939,C,274.5700,118.7300,3608.0000
84924F,PSYCHEDELIC METAL SIGN CALENDAR,274.5500,975,10,8,266.6500,7.9000,120.0000,0.3041,0.0000,0.9939,C,274.5500,7.9000,3609.0000
21193,WHITE HONEYCOMB PAPER FAN,274.3700,111,22,14,274.3700,0.0000,-0.0000,-0.0000,0.0000,0.9939,C,274.3700,0.0000,3610.0000
84927F,PSYCHEDELIC TILE HOOK,273.3200,335,62,44,90.3700,175.1500,4.0500,0.0146,0.0000,0.9939,C,273.3200,175.1500,3611.0000
23141,TRIPLE WIRE HOOK PINK HEART,272.9100,79,25,18,0.0000,248.8200,-0.0000,-0.0000,0.0000,0.9940,C,272.9100,248.8200,3612.0000
84924D,LA PALMIERA METAL SIGN CALENDAR,272.6100,764,15,11,272.6100,0.0000,-0.0000,-0.0000,0.0000,0.9940,C,272.6100,0.0000,3613.0000
79303D,LILAC FLOWER BLOCK TABLE LAMP,272.4500,78,19,5,272.4500,0.0000,5.9000,0.0212,0.0000,0.9940,C,272.4500,0.0000,3614.0000
22868,NUMBER TILE COTTAGE GARDEN 0,272.3300,125,27,13,125.7300,146.6000,-0.0000,-0.0000,0.0000,0.9940,C,272.3300,146.6000,3615.0000
84499,BLACK FLOWER CANDLE PLATE,272.1700,326,41,16,266.2200,5.9500,-0.0000,-0.0000,0.0000,0.9940,C,272.1700,5.9500,3616.0000
22874,NUMBER TILE COTTAGE GARDEN 6,272.0200,126,28,15,121.2100,150.8100,-0.0000,-0.0000,0.0000,0.9940,C,272.0200,150.8100,3617.0000
90185C,BLACK DIAMANTE EXPANDABLE RING,271.9600,64,32,17,161.8700,110.0900,123.2500,0.3119,0.0000,0.9940,C,271.9600,110.0900,3618.0000
90032,IVORY SHELL HEART NECKLACE,271.8800,48,24,12,168.7500,103.1300,-0.0000,-0.0000,0.0000,0.9940,C,271.8800,103.1300,3619.0000
22877,NUMBER TILE COTTAGE GARDEN 9,271.6400,128,28,18,133.5300,138.1100,3.9000,0.0142,0.0000,0.9941,C,271.6400,138.1100,3620.0000
23474,WOODLAND SMALL BLUE FELT HEART,270.9600,312,37,26,0.0000,222.9400,-0.0000,-0.0000,0.0000,0.9941,C,270.9600,222.9400,3621.0000
47351B,BLUE  VOILE LAMPSHADE,269.9000,98,14,11,35.4000,234.5000,122.4000,0.3120,0.0000,0.9941,C,269.9000,234.5000,3622.0000
47591A,CAROUSEL DES CHILD'S APRON,269.5400,163,70,32,269.5400,0.0000,11.5500,0.0411,0.0000,0.9941,C,269.5400,0.0000,3623.0000
85195,HANGING HEART BASKET,269.4400,146,17,14,246.3400,23.1000,2.1000,0.0077,0.0000,0.9941,C,269.4400,23.1000,3624.0000
90122C,TURQUOISE CRYSTAL+GLASS BRACELET,269.1000,54,30,12,149.8700,114.2500,-0.0000,-0.0000,0.0000,0.9941,C,269.1000,114.2500,3625.0000
72793,BLACK BOX MIRROR LANTERN,268.7500,55,10,5,268.7500,0.0000,5.9500,0.0217,0.0000,0.9941,C,268.7500,0.0000,3626.0000
20818,GOLD TEDDY BEAR,268.5000,87,30,20,225.8000,42.7000,-0.0000,-0.0000,0.0000,0.9942,C,268.5000,42.7000,3627.0000
22875,NUMBER TILE COTTAGE GARDEN 7,268.3500,123,30,17,119.2600,140.8300,-0.0000,-0.0000,0.0000,0.9942,C,268.3500,140.8300,3628.0000
90157,RIVIERA NECKLACE,268.2300,54,24,14,218.6400,49.5900,-0.0000,-0.0000,0.0000,0.9942,C,268.2300,49.5900,3629.0000
21372,MIRRORED WALL ART TABLE LAMP,267.0100,156,50,28,159.2600,107.7500,-0.0000,-0.0000,0.0000,0.9942,C,267.0100,107.7500,3630.0000
47481,50CM METAL STRING WITH  7 CLIPS,266.2500,327,44,31,93.6100,172.6400,-0.0000,-0.0000,0.0000,0.9942,C,266.2500,172.6400,3631.0000
21032,SPACE CADET WHITE,265.9100,214,50,28,146.8800,119.0300,3.7500,0.0139,0.0000,0.9942,C,265.9100,119.0300,3632.0000
44234,ASSORTED CIRCULAR MOBILE,265.8500,1239,56,28,110.0300,154.9800,0.4200,0.0016,0.0000,0.9942,C,265.8500,154.9800,3633.0000
23476,WOODLAND LARGE RED FELT HEART,264.7200,205,22,18,0.0000,264.7200,-0.0000,-0.0000,0.0000,0.9943,C,264.7200,264.7200,3634.0000
21950,SET OF 6 DOTS CHOPSTICKS,263.6300,211,18,2,263.6300,0.0000,192.0500,0.4215,0.0000,0.9943,C,263.6300,0.0000,3635.0000
90129E,PURPLE GLASS TASSLE BAG CHARM,263.1400,129,59,10,186.1000,77.0400,-0.0000,-0.0000,0.0000,0.9943,C,263.1400,77.0400,3636.0000
22873,NUMBER TILE COTTAGE GARDEN 5,262.5000,120,31,17,117.0000,145.5000,-0.0000,-0.0000,0.0000,0.9943,C,262.5000,145.5000,3637.0000
84806A,PINK CANDYSTUFT ARTIFICIAL FLOWER,261.9100,319,20,19,165.0200,59.4500,-0.0000,-0.0000,0.0000,0.9943,C,261.9100,59.4500,3638.0000
21268,VINTAGE BLUE TINSEL REEL,261.6600,397,49,31,260.8200,0.8400,-0.0000,-0.0000,0.0000,0.9943,C,261.6600,0.8400,3639.0000
79328,BLUE FLOCK GLASS CANDLEHOLDER,260.7600,594,17,6,260.7600,0.0000,1.5200,0.0058,0.0000,0.9943,C,260.7600,0.0000,3640.0000
72799D,BLUE PILLAR CANDLE SILVER FLOCK,260.6700,78,18,12,260.6700,0.0000,-0.0000,-0.0000,0.0000,0.9943,C,260.6700,0.0000,3641.0000
84597B,RETRO BROWN BALL ASHTRAY,259.3700,205,27,11,208.1200,51.2500,3.7500,0.0143,0.0000,0.9944,C,259.3700,51.2500,3642.0000
85095,THREE CANVAS LUGGAGE TAGS,259.0900,174,49,9,15.6000,235.2300,-0.0000,-0.0000,0.0000,0.9944,C,259.0900,235.2300,3643.0000
84613C,BLUE NEW BAROQUE FLOCK CANDLESTICK,258.0600,62,12,11,253.4100,4.6500,-0.0000,-0.0000,0.0000,0.9944,C,258.0600,4.6500,3644.0000
90035A,"PEARL & SHELL 42""NECKL. GREEN",257.5500,24,16,7,203.9300,53.6200,-0.0000,-0.0000,0.0000,0.9944,C,257.5500,53.6200,3645.0000
84520b,PACK 20 ENGLISH ROSE PAPER NAPKINS,257.4000,110,10,0,257.4000,0.0000,-0.0000,-0.0000,0.0000,0.9944,C,257.4000,0.0000,3646.0000
85179C,PINK BITTY LIGHT CHAIN,257.1500,116,40,10,55.8400,164.1700,-0.0000,-0.0000,0.0000,0.9944,C,257.1500,164.1700,3647.0000
84371,BIG PINK POODLE,257.1000,30,6,4,257.1000,0.0000,-0.0000,-0.0000,0.0000,0.9944,C,257.1000,0.0000,3648.0000
10123C,HEARTS WRAPPING TAPE,256.3600,653,63,39,253.1100,3.2500,12.5400,0.0466,0.0000,0.9944,C,256.3600,3.2500,3649.0000
90040B,MURANO STYLE GLASS BRACELET BLACK,255.9700,71,36,17,189.2700,66.7000,-0.0000,-0.0000,0.0000,0.9945,C,255.9700,66.7000,3650.0000
22882,NUMBER TILE VINTAGE FONT 3,255.0800,126,50,18,41.3800,209.8000,1.9500,0.0076,0.0000,0.9945,C,255.0800,209.8000,3651.0000
72801d,4 SKY BLUE DINNER CANDLES,254.9800,103,61,0,70.2800,167.4800,-0.0000,-0.0000,0.0000,0.9945,C,254.9800,167.4800,3652.0000
17038,PORCELAIN BUDAH INCENSE HOLDER,254.5100,2559,55,21,96.4500,155.5700,-0.0000,-0.0000,0.0000,0.9945,C,254.5100,155.5700,3653.0000
85232b,SET/3 RUSSIAN DOLL STACKING TINS,254.4700,25,22,0,254.4700,0.0000,-0.0000,-0.0000,0.0000,0.9945,C,254.4700,0.0000,3654.0000
84461,12 PINK HEN+CHICKS IN BASKET,253.7900,99,40,33,149.2400,104.5500,28.0500,0.0995,0.0000,0.9945,C,253.7900,104.5500,3655.0000
90028,NEW BAROQUE LARGE NECKLACE BLK/WHIT,253.2900,30,24,5,119.1300,134.1600,-0.0000,-0.0000,0.0000,0.9945,C,253.2900,134.1600,3656.0000
21493,VINTAGE DESIGN GIFT TAGS,252.4500,272,29,22,252.4500,0.0000,-0.0000,-0.0000,0.0000,0.9946,C,252.4500,0.0000,3657.0000
79338,DARK PINK FLOCK GLASS CANDLEHOLDER,252.2900,553,13,8,252.2900,0.0000,-0.0000,-0.0000,0.0000,0.9946,C,252.2900,0.0000,3658.0000
22876,NUMBER TILE COTTAGE GARDEN 8,252.2200,118,23,12,113.4100,138.8100,-0.0000,-0.0000,0.0000,0.9946,C,252.2200,138.8100,3659.0000
21370,MIRRORED WALL ART FOXY,251.9700,54,22,15,151.3100,78.3000,-0.0000,-0.0000,0.0000,0.9946,C,251.9700,78.3000,3660.0000
23149,ANTIQUE IVORY WIRE BOWL SMALL,251.4500,99,21,17,0.0000,251.4500,27.3900,0.0982,0.0000,0.9946,C,251.4500,251.4500,3661.0000
DCGSSBOY,BOYS PARTY BAG,251.3500,77,21,0,100.8000,147.2600,-0.0000,-0.0000,0.0000,0.9946,C,251.3500,147.2600,3662.0000
90081C,LILY BROOCH OLIVE COLOUR,250.4700,50,36,13,150.8700,94.6500,-0.0000,-0.0000,0.0000,0.9946,C,250.4700,94.6500,3663.0000
90073,VINTAGE ENAMEL & CRYSTAL EARRINGS,250.3400,50,34,7,115.6400,124.8000,-0.0000,-0.0000,0.0000,0.9946,C,250.3400,124.8000,3664.0000
47503H,ASS FLORAL PRINT SPIRIT LEVEL,250.0200,162,60,45,137.2100,112.0200,1.9500,0.0077,0.0000,0.9947,C,250.0200,112.0200,3665.0000
20836,FRENCH PAISLEY CUSHION COVER,250.0000,224,22,18,108.9000,141.1000,45.3600,0.1536,0.0000,0.9947,C,250.0000,141.1000,3666.0000
21460,GREEN EASTER EGG HUNT START POST,249.6500,113,27,20,192.8700,56.7800,15.6000,0.0588,0.0000,0.9947,C,249.6500,56.7800,3667.0000
90170,DAISY HAIR BAND,249.5800,150,73,10,109.2500,128.7800,19.8000,0.0735,0.0000,0.9947,C,249.5800,128.7800,3668.0000
90087,CRYSTAL SEA HORSE PHONE CHARM,249.5600,311,53,13,188.1000,47.7800,42.5000,0.1455,0.0000,0.9947,C,249.5600,47.7800,3669.0000
46307,ROSES BLUE BASE CUSHION COVER,249.3300,53,33,4,249.3300,0.0000,-0.0000,-0.0000,0.0000,0.9947,C,249.3300,0.0000,3670.0000
84030c,KNITTED RAINBOW HOT WATER BOTTLE,248.0000,32,13,0,248.0000,0.0000,-0.0000,-0.0000,0.0000,0.9947,C,248.0000,0.0000,3671.0000
90081A,LILY BROOCH AMETHYST COLOUR,247.7500,50,24,15,173.5000,64.3500,-0.0000,-0.0000,0.0000,0.9947,C,247.7500,64.3500,3672.0000
23465,TUSCAN VILLA BIRD FEEDER,247.6300,29,16,15,0.0000,231.0000,-0.0000,-0.0000,0.0000,0.9948,C,247.6300,231.0000,3673.0000
84621,BLUE GINGHAM ROSE FLOOR CUSHION,247.2600,29,15,9,247.2600,0.0000,-0.0000,-0.0000,0.0000,0.9948,C,247.2600,0.0000,3674.0000
90036C,"FLOWER GLASS GARLAND NECKL.36""BLUE",246.8300,31,15,7,175.4300,63.5000,-0.0000,-0.0000,0.0000,0.9948,C,246.8300,63.5000,3675.0000
82011A,"BATHROOM SCALES, TROPICAL BEACH",246.5800,59,34,19,179.0800,67.5000,3.7500,0.0150,0.0000,0.9948,C,246.5800,67.5000,3676.0000
90119,METALIC LEAVES BAG CHARMS,245.6200,98,42,6,38.0100,167.7100,-0.0000,-0.0000,0.0000,0.9948,C,245.6200,167.7100,3677.0000
84993B,75 BLACK PETIT FOUR CASES,244.0800,552,86,57,219.7200,24.3600,-0.0000,-0.0000,0.0000,0.9948,C,244.0800,24.3600,3678.0000
90096,NECKLACE+BRACELET SET BLUE BLOSSOM,243.6100,104,49,10,131.4000,112.2100,-0.0000,-0.0000,0.0000,0.9948,C,243.6100,112.2100,3679.0000
90129C,GREEN GLASS TASSLE BAG CHARM,243.3800,107,51,16,163.6200,76.8100,-0.0000,-0.0000,0.0000,0.9948,C,243.3800,76.8100,3680.0000
35818P,"ACRYLIC JEWEL ICICLE, PINK",243.2900,562,25,18,136.3200,106.2100,-0.0000,-0.0000,0.0000,0.9949,C,243.2900,106.2100,3681.0000
90196A,PURPLE GEMSTONE NECKLACE 45CM,242.2500,19,11,9,140.2500,102.0000,12.7500,0.0500,0.0000,0.9949,C,242.2500,102.0000,3682.0000
23475,WOODLAND SMALL PINK FELT HEART,242.1800,286,31,25,0.0000,210.6400,-0.0000,-0.0000,0.0000,0.9949,C,242.1800,210.6400,3683.0000
90196B,BLACK GEMSTONE NECKLACE 45CM,241.9800,19,14,9,178.5000,63.4800,-0.0000,-0.0000,0.0000,0.9949,C,241.9800,63.4800,3684.0000
23143,ZINC WIRE KITCHEN ORGANISER,239.9700,30,16,12,0.0000,176.7700,-0.0000,-0.0000,0.0000,0.9949,C,239.9700,176.7700,3685.0000
20855,PINK PATCH PURSE BLUE HEART,239.2500,145,47,41,239.2500,0.0000,1.6500,0.0068,0.0000,0.9949,C,239.2500,0.0000,3686.0000
90210D,PURPLE ACRYLIC FACETED BANGLE,238.6800,143,23,10,106.6300,132.0500,-0.0000,-0.0000,0.0000,0.9949,C,238.6800,132.0500,3687.0000
84629,WHITE 3 FRAME BIRDS AND TREE,237.8000,24,13,12,87.8000,150.0000,4.9500,0.0204,0.0000,0.9949,C,237.8000,150.0000,3688.0000
82553,POP'S GREASY SPOON METAL SIGN,237.7300,114,42,14,237.7300,0.0000,-0.0000,-0.0000,0.0000,0.9950,C,237.7300,0.0000,3689.0000
37508,NEW ENGLAND CERAMIC CAKE SERVER,237.2200,92,46,35,237.2200,0.0000,-0.0000,-0.0000,0.0000,0.9950,C,237.2200,0.0000,3690.0000
82585,SWEET VALENCIA CANDLE+CUP,237.1500,165,47,18,237.1500,0.0000,15.0000,0.0595,0.0000,0.9950,C,237.1500,0.0000,3691.0000
23580,SNACK TRAY HAPPY FOREST,236.8700,117,25,20,0.0000,88.2100,-0.0000,-0.0000,0.0000,0.9950,C,236.8700,88.2100,3692.0000
90133,TEAL/FUSCHIA COL BEAD NECKLACE,236.4600,47,36,7,142.0300,89.4500,-0.0000,-0.0000,0.0000,0.9950,C,236.4600,89.4500,3693.0000
84247K,"FOLK ART GREETING CARD,pack/12",236.4300,76,28,20,168.5800,67.8500,32.4500,0.1207,0.0000,0.9950,C,236.4300,67.8500,3694.0000
44217M,MULTICOLOUR FEATHERS CURTAIN,236.4000,72,3,1,236.4000,0.0000,236.4000,0.5000,0.0000,0.9950,C,236.4000,0.0000,3695.0000
20891,LARGE GLASS ROSE SCENTED CANDLE,236.3300,684,3,1,236.3300,0.0000,-0.0000,-0.0000,0.0000,0.9950,C,236.3300,0.0000,3696.0000
37483,ENGLISH ROSE MUG IN GIFT BOX,235.4400,144,10,10,235.4400,0.0000,2.5500,0.0107,0.0000,0.9950,C,235.4400,0.0000,3697.0000
90210B,CLEAR ACRYLIC FACETED BANGLE,234.9900,103,24,15,173.4300,51.5600,-0.0000,-0.0000,0.0000,0.9951,C,234.9900,51.5600,3698.0000
20736,PINK MINI TAPE MEASURE,234.3500,291,19,18,234.3500,0.0000,-0.0000,-0.0000,0.0000,0.9951,C,234.3500,0.0000,3699.0000
84796a,PINK HAWAIIAN PICNIC HAMPER FOR 2,234.2800,28,20,0,93.1700,141.1100,-0.0000,-0.0000,0.0000,0.9951,C,234.2800,141.1100,3700.0000
22880,NUMBER TILE VINTAGE FONT 1,234.1700,113,37,10,33.5800,200.5900,-0.0000,-0.0000,0.0000,0.9951,C,234.1700,200.5900,3701.0000
84660c,PINK STITCHED WALL CLOCK,233.9800,31,28,0,99.0600,134.9200,-0.0000,-0.0000,0.0000,0.9951,C,233.9800,134.9200,3702.0000
23036,T-LIGHT HOLDER SILVER PETIT FOUR,233.6700,185,16,14,0.0000,218.6700,-0.0000,-0.0000,0.0000,0.9951,C,233.6700,218.6700,3703.0000
90185A,AMBER DIAMANTE EXPANDABLE RING,233.2900,55,26,8,102.2600,131.0300,55.2500,0.1915,0.0000,0.9951,C,233.2900,131.0300,3704.0000
84797b,BLUE SAVANNAH PICNIC HAMPER FOR 4,232.6200,21,19,0,232.6200,0.0000,-0.0000,-0.0000,0.0000,0.9951,C,232.6200,0.0000,3705.0000
35991,SET/6 BLACK SNOWFLAKE T-LIGHTS,232.5000,403,54,43,232.5000,0.0000,-0.0000,-0.0000,0.0000,0.9952,C,232.5000,0.0000,3706.0000
16256B,FLOWER PENCIL/RUBBER+5 MINI PENCILS,232.3500,524,35,17,232.3500,0.0000,-0.0000,-0.0000,0.0000,0.9952,C,232.3500,0.0000,3707.0000
23447,PINK BUNNY EASTER EGG BASKET,231.9000,158,4,4,0.0000,23.1000,-0.0000,-0.0000,0.0000,0.9952,C,231.9000,23.1000,3708.0000
21226,POCKET MIRROR WOODLAND,231.8000,214,37,17,150.0000,81.8000,-0.0000,-0.0000,0.0000,0.9952,C,231.8000,81.8000,3709.0000
90181B,AMETHYST GLASS/SHELL/PEARL NECKLACE,231.2700,25,24,0,93.6400,119.3300,-0.0000,-0.0000,0.0000,0.9952,C,231.2700,119.3300,3710.0000
16202C,BEIGE PHOTO ALBUM,230.5900,97,12,10,230.5900,0.0000,-0.0000,-0.0000,0.0000,0.9952,C,230.5900,0.0000,3711.0000
90164A,PINK ROSEBUD PEARL BRACELET,230.3900,40,25,7,99.7200,118.9700,-0.0000,-0.0000,0.0000,0.9952,C,230.3900,118.9700,3712.0000
23446,BLUE BUNNY EASTER EGG BASKET,230.2500,157,3,3,0.0000,21.4500,-0.0000,-0.0000,0.0000,0.9952,C,230.2500,21.4500,3713.0000
72781,BLACK SILOUETTE CANDLE PLATE,229.5000,121,15,11,229.5000,0.0000,12.6000,0.0520,0.0000,0.9952,C,229.5000,0.0000,3714.0000
90122B,JADE CRYSTAL+GLASS BRACELET,228.9900,46,26,14,199.0600,29.9300,-0.0000,-0.0000,0.0000,0.9953,C,228.9900,29.9300,3715.0000
21639,ASSORTED TUTTI FRUTTI KEYRING,228.6500,259,15,12,228.6500,0.0000,6.8000,0.0289,0.0000,0.9953,C,228.6500,0.0000,3716.0000
90199B,5 STRAND GLASS NECKLACE AMETHYST,228.6100,36,31,12,172.0200,44.1300,-0.0000,-0.0000,0.0000,0.9953,C,228.6100,44.1300,3717.0000
17084P,DRAGONS BLOOD INCENSE,228.0000,1015,70,23,123.5600,93.1000,-0.0000,-0.0000,0.0000,0.9953,C,228.0000,93.1000,3718.0000
90090,PINK CRYSTAL HEART PHONE CHARM,227.7200,263,22,12,227.7200,0.0000,31.4500,0.1213,0.0000,0.9953,C,227.7200,0.0000,3719.0000
35809B,ENAMEL BLUE RIM TEA CONTAINER,227.5400,104,33,21,218.3600,9.1800,-0.0000,-0.0000,0.0000,0.9953,C,227.5400,9.1800,3720.0000
71028B,SILVER BLUE EGG T-LIGHT HOLDER,227.4800,494,13,7,227.4800,0.0000,-0.0000,-0.0000,0.0000,0.9953,C,227.4800,0.0000,3721.0000
84705C,PINK FLOCK PHOTO FRAME,227.3300,162,8,5,212.3300,15.0000,-0.0000,-0.0000,0.0000,0.9953,C,227.3300,15.0000,3722.0000
72750D,F.FAIRY S/3 CANDLE/GLASS,226.5000,110,11,11,226.5000,0.0000,-0.0000,-0.0000,0.0000,0.9954,C,226.5000,0.0000,3723.0000
23003,TRAVEL CARD WALLET VINTAGE ROSE,226.2000,542,53,38,0.0000,226.2000,-0.0000,-0.0000,0.0000,0.9954,C,226.2000,226.2000,3724.0000
90003D,CRYSTAL PAIR HEART HAIR SLIDES,226.1700,60,32,15,113.9100,112.2600,26.2500,0.1040,0.0000,0.9954,C,226.1700,112.2600,3725.0000
90155,RESIN NECKLACE W PASTEL BEADS,226.1600,30,21,12,158.5400,60.1400,-0.0000,-0.0000,0.0000,0.9954,C,226.1600,60.1400,3726.0000
84966A,PINK KASHMIRI BOXED MIRROR,225.9500,13,4,3,225.9500,0.0000,-0.0000,-0.0000,0.0000,0.9954,C,225.9500,0.0000,3727.0000
90116,FRUIT SALAD BAG CHARM,225.5200,106,63,11,80.0000,120.3200,-0.0000,-0.0000,0.0000,0.9954,C,225.5200,120.3200,3728.0000
21369,MIRRORED WALL ART SPLODGES,225.3600,133,22,15,63.8700,146.4900,-0.0000,-0.0000,0.0000,0.9954,C,225.3600,146.4900,3729.0000
90186A,AMETHYST HOOP EARRING FLORAL LEAF,224.3800,76,33,14,189.2700,35.1100,-0.0000,-0.0000,0.0000,0.9954,C,224.3800,35.1100,3730.0000
84927E,FLOWERS TILE HOOK,224.3100,494,29,22,144.1500,80.1600,19.5600,0.0802,0.0000,0.9954,C,224.3100,80.1600,3731.0000
35597B,BLACKCHRISTMAS TREE 30CM,224.1000,78,7,6,222.8500,1.2500,-0.0000,-0.0000,0.0000,0.9955,C,224.1000,1.2500,3732.0000
90125D,PURPLE BERTIE GLASS BEAD BAG CHARM,223.7400,136,36,9,113.7100,110.0300,-0.0000,-0.0000,0.0000,0.9955,C,223.7400,110.0300,3733.0000
84690,S/2 BEACH HUT STOOLS,222.6000,28,14,12,222.6000,0.0000,15.9000,0.0667,0.0000,0.9955,C,222.6000,0.0000,3734.0000
16258B,DAISY ERASERS IN BAG,221.4800,1017,15,13,221.4800,0.0000,-0.0000,-0.0000,0.0000,0.9955,C,221.4800,0.0000,3735.0000
17011C,ORIGAMI LAVENDER INCENSE+FLOWER,221.4000,335,2,1,221.4000,0.0000,-0.0000,-0.0000,0.0000,0.9955,C,221.4000,0.0000,3736.0000
21102,"CANDLE IN JAR COLLAGE , VANILLA",221.0800,82,20,10,221.0800,0.0000,79.0500,0.2634,0.0000,0.9955,C,221.0800,0.0000,3737.0000
17013B,ORIGAMI JASMINE INCENSE IN TUBE,221.0300,256,3,2,221.0300,0.0000,-0.0000,-0.0000,0.0000,0.9955,C,221.0300,0.0000,3738.0000
72807b,SET/3 OCEAN SCENT CANDLE JEWEL BOX,220.9400,26,19,0,187.7800,33.1600,-0.0000,-0.0000,0.0000,0.9955,C,220.9400,33.1600,3739.0000
90024B,NEW BAROQUE B'FLY NECKLACE RED,220.7400,26,22,6,153.4600,58.9600,17.0000,0.0715,0.0000,0.9955,C,220.7400,58.9600,3740.0000
35833G,4 GOLD FLOCK CHRISTMAS BALLS,220.6600,134,34,23,213.9400,6.7200,-0.0000,-0.0000,0.0000,0.9956,C,220.6600,6.7200,3741.0000
62086A,PINK RETRO BIG FLOWER BAG,220.3500,113,24,20,48.7500,171.6000,-0.0000,-0.0000,0.0000,0.9956,C,220.3500,171.6000,3742.0000
90124C,GREEN MURANO TWIST NECKLACE,220.2100,22,16,7,110.6700,109.5400,-0.0000,-0.0000,0.0000,0.9956,C,220.2100,109.5400,3743.0000
90123A,PINK HEART OF GLASS BRACELET,220.0200,37,19,14,130.9000,89.1200,-0.0000,-0.0000,0.0000,0.9956,C,220.0200,89.1200,3744.0000
72225D,VANILLA SCENT CAKE CANDLE,219.4600,962,11,9,219.4600,0.0000,-0.0000,-0.0000,0.0000,0.9956,C,219.4600,0.0000,3745.0000
85168A,WHITE BAROQUE CARRIAGE CLOCK,218.9000,22,15,12,218.9000,0.0000,-0.0000,-0.0000,0.0000,0.9956,C,218.9000,0.0000,3746.0000
90058A,CRYSTAL STUD EARRINGS CLEAR DISPLAY,218.8800,576,13,12,95.7600,123.1200,13.6800,0.0588,0.0000,0.9956,C,218.8800,123.1200,3747.0000
22881,NUMBER TILE VINTAGE FONT 2,218.8200,112,36,9,21.2600,193.4300,-0.0000,-0.0000,0.0000,0.9956,C,218.8200,193.4300,3748.0000
22884,NUMBER TILE VINTAGE FONT 5,217.2600,110,39,14,23.2100,194.0500,-0.0000,-0.0000,0.0000,0.9956,C,217.2600,194.0500,3749.0000
90005A,JADE GREEN ENAMEL HAIR COMB,216.8700,106,57,5,188.8500,28.0200,-0.0000,-0.0000,0.0000,0.9957,C,216.8700,28.0200,3750.0000
35817P,"ACRYLIC JEWEL SNOWFLAKE,PINK",216.7000,420,11,9,196.8400,19.8600,-0.0000,-0.0000,0.0000,0.9957,C,216.7000,19.8600,3751.0000
84725,FREESTYLE CANVAS ART PICTURE,216.5000,134,29,24,176.8500,39.6500,-0.0000,-0.0000,0.0000,0.9957,C,216.5000,39.6500,3752.0000
35793,S/3 PUPPIES CHRISTMAS DECORATIONS,216.3300,108,15,7,216.3300,0.0000,-0.0000,-0.0000,0.0000,0.9957,C,216.3300,0.0000,3753.0000
37492A,YELLOW RED FLOWER PIGGY BANK,216.0700,108,11,7,216.0700,0.0000,4.6500,0.0211,0.0000,0.9957,C,216.0700,0.0000,3754.0000
84807,RED POPPY ARTIFICIAL FLOWER,215.9300,233,7,7,215.9300,0.0000,-0.0000,-0.0000,0.0000,0.9957,C,215.9300,0.0000,3755.0000
90036A,FLOWER GARLAND NECKLACE RED,215.7600,27,20,10,168.0600,47.7000,-0.0000,-0.0000,0.0000,0.9957,C,215.7600,47.7000,3756.0000
84247C,PACK/12 BLUE REINDEER CARD,215.3500,73,22,22,215.3500,0.0000,-0.0000,-0.0000,0.0000,0.9957,C,215.3500,0.0000,3757.0000
21368,MIRRORED WALL ART LADIES,215.3400,203,47,32,71.3100,135.0300,-0.0000,-0.0000,0.0000,0.9957,C,215.3400,135.0300,3758.0000
21543,BUTTERFLY WATER TRANSFER TATTOOS,215.0000,284,24,13,215.0000,0.0000,-0.0000,-0.0000,0.0000,0.9958,C,215.0000,0.0000,3759.0000
48179,DOOR MAT SWEET HOME,214.4700,34,11,6,214.4700,0.0000,-0.0000,-0.0000,0.0000,0.9958,C,214.4700,0.0000,3760.0000
51012C,"FEATHER DUSTER, COAL BLACK",213.7500,171,27,22,213.7500,0.0000,3.7500,0.0172,0.0000,0.9958,C,213.7500,0.0000,3761.0000
90214A,"LETTER ""A"" BLING KEY RING",213.6500,213,104,27,101.9900,103.8700,7.5000,0.0339,0.0000,0.9958,C,213.6500,103.8700,3762.0000
90019C,SILVER BLACK ORBIT BRACELET,213.3800,40,34,7,144.6500,52.5300,-0.0000,-0.0000,0.0000,0.9958,C,213.3800,52.5300,3763.0000
16201A,PASTEL PINK PHOTO ALBUM,213.3700,101,9,7,213.3700,0.0000,3.9000,0.0180,0.0000,0.9958,C,213.3700,0.0000,3764.0000
21400,RED PUDDING SPOON,213.0700,1078,91,54,84.4400,126.7700,5.0400,0.0231,0.0000,0.9958,C,213.0700,126.7700,3765.0000
22883,NUMBER TILE VINTAGE FONT 4,213.0500,109,34,9,21.5700,183.2200,1.9500,0.0091,0.0000,0.9958,C,213.0500,183.2200,3766.0000
84805A,CREAM CLIMBING HYDRANGA ART FLOWER,212.8500,147,8,7,152.8500,30.0000,-0.0000,-0.0000,0.0000,0.9958,C,212.8500,30.0000,3767.0000
47574B,ENGLISH ROSE SCENTED HANGING HEART,212.5000,50,27,25,195.5000,17.0000,-0.0000,-0.0000,0.0000,0.9959,C,212.5000,17.0000,3768.0000
85039a,SET/4 RED MINI ROSE CANDLE IN BOWL,212.4500,64,44,0,80.6400,128.5200,-0.0000,-0.0000,0.0000,0.9959,C,212.4500,128.5200,3769.0000
84313A,PINK TV TRAY TABLE,212.4200,38,19,10,212.4200,0.0000,-0.0000,-0.0000,0.0000,0.9959,C,212.4200,0.0000,3770.0000
84927D,LA PALMIERA TILE HOOK,211.6800,954,28,22,159.4300,52.2500,40.8600,0.1618,0.0000,0.9959,C,211.6800,52.2500,3771.0000
47343A,FUSCHIA FLOWER PURSE WITH BEADS,210.7300,203,23,21,65.5600,145.1700,-0.0000,-0.0000,0.0000,0.9959,C,210.7300,145.1700,3772.0000
90210A,GREY ACRYLIC FACETED BANGLE,210.2900,89,21,12,152.7400,54.6500,-0.0000,-0.0000,0.0000,0.9959,C,210.2900,54.6500,3773.0000
22885,NUMBER TILE VINTAGE FONT 6,210.2600,112,35,13,37.4800,156.2600,1.9500,0.0092,0.0000,0.9959,C,210.2600,156.2600,3774.0000
20827,GOLD APERITIF GLASS,209.3600,173,8,5,175.0400,34.3200,-0.0000,-0.0000,0.0000,0.9959,C,209.3600,34.3200,3775.0000
20814,SILVER FINCH DECORATION,208.8900,189,13,7,208.8900,0.0000,16.2500,0.0722,0.0000,0.9959,C,208.8900,0.0000,3776.0000
84706F,RED PEONY TABLE CLOCK,208.3000,34,17,15,161.1000,47.2000,8.9500,0.0412,0.0000,0.9959,C,208.3000,47.2000,3777.0000
90211B,JET BLACK LAS VEGAS NECKLACE 45CM,208.2100,35,26,8,154.9500,53.2600,11.9000,0.0541,0.0000,0.9960,C,208.2100,53.2600,3778.0000
90056,CHUNKY CRACKED GLAZE NECKLACE IVORY,207.9400,19,14,1,164.4300,21.8700,-0.0000,-0.0000,0.0000,0.9960,C,207.9400,21.8700,3779.0000
90016A,SILVER/M.O.P PENDANT ORBIT NECKLACE,207.8600,29,16,8,102.1500,105.7100,-0.0000,-0.0000,0.0000,0.9960,C,207.8600,105.7100,3780.0000
37485,ENGLISH ROSE TEA SET IN GIFT BOX,207.6900,49,15,10,207.6900,0.0000,-0.0000,-0.0000,0.0000,0.9960,C,207.6900,0.0000,3781.0000
90040A,MURANO STYLE GLASS BRACELET RED,207.0500,53,34,10,152.7600,54.2900,10.5000,0.0483,0.0000,0.9960,C,207.0500,54.2900,3782.0000
17014D,ORIGAMI ROSE INCENSE CONES,204.3600,479,8,5,204.3600,0.0000,-0.0000,-0.0000,0.0000,0.9960,C,204.3600,0.0000,3783.0000
35824B,"HANGING FLOWERS+MIRROR,BLUE",203.2400,528,6,4,203.2400,0.0000,-0.0000,-0.0000,0.0000,0.9960,C,203.2400,0.0000,3784.0000
20890,SMALL GLASS ROSE SCENTED CANDLE,202.6200,605,4,1,202.6200,0.0000,-0.0000,-0.0000,0.0000,0.9960,C,202.6200,0.0000,3785.0000
37506,NEW ENGLAND MILK JUG W GIFT BOX,202.3000,34,26,21,202.3000,0.0000,-0.0000,-0.0000,0.0000,0.9960,C,202.3000,0.0000,3786.0000
48103,DOOR MAT KISS MY.......,201.7300,35,10,10,201.7300,0.0000,-0.0000,-0.0000,0.0000,0.9961,C,201.7300,0.0000,3787.0000
84723,CHERRY BLOSSOM CANVAS ART PICTURE,201.3000,54,12,11,103.3500,97.9500,47.7000,0.1916,0.0000,0.9961,C,201.3000,97.9500,3788.0000
72754A,FLOWER FAIRY POTPOURRI CUSHION LILY,201.2400,292,5,4,201.2400,0.0000,-0.0000,-0.0000,0.0000,0.9961,C,201.2400,0.0000,3789.0000
20672,PINK TEATIME PRINT BOWL,201.0000,138,36,21,201.0000,0.0000,-0.0000,-0.0000,0.0000,0.9961,C,201.0000,0.0000,3790.0000
90144,SILVER DROP EARRINGS WITH FLOWER,199.4500,53,33,11,132.0900,67.3600,-0.0000,-0.0000,0.0000,0.9961,C,199.4500,67.3600,3791.0000
79403,FROSTED WHITE BASE,199.0200,216,36,19,113.5000,84.6700,11.9000,0.0564,0.0000,0.9961,C,199.0200,84.6700,3792.0000
90000A,RASPBERRY ANT COPPER FLOWER NECKLAC,198.9800,33,21,14,121.0700,77.9100,-0.0000,-0.0000,0.0000,0.9961,C,198.9800,77.9100,3793.0000
84797a,PINK HAWAIIAN PICNIC HAMPER FOR 4,198.8400,18,17,0,198.8400,0.0000,-0.0000,-0.0000,0.0000,0.9961,C,198.8400,0.0000,3794.0000
47504F,ENGLISH ROSE TORCH,198.1100,528,14,12,198.1100,0.0000,-0.0000,-0.0000,0.0000,0.9961,C,198.1100,0.0000,3795.0000
22330,72 ROUND PINK DOILIES,197.9000,128,22,15,197.9000,0.0000,17.4000,0.0808,0.0000,0.9961,C,197.9000,0.0000,3796.0000
37471,MULTICOLOUR DOTS PLATE,197.8500,1405,10,4,167.4200,30.4300,68.4000,0.2569,0.0000,0.9962,C,197.8500,30.4300,3797.0000
84855,BLOKEY SILVER TOOL SET,196.7000,36,15,10,196.7000,0.0000,-0.0000,-0.0000,0.0000,0.9962,C,196.7000,0.0000,3798.0000
90029,NEW BAROQUE SMALL NECKLACE BLACK,195.1400,23,12,10,153.0000,42.1400,8.5000,0.0417,0.0000,0.9962,C,195.1400,42.1400,3799.0000
84985B,SET OF 72 BLACK PAPER DOILIES,194.9600,128,24,12,194.9600,0.0000,-0.0000,-0.0000,0.0000,0.9962,C,194.9600,0.0000,3800.0000
23697,A PRETTY THANK YOU CARD,194.5800,456,35,26,0.0000,152.6000,-0.0000,-0.0000,0.0000,0.9962,C,194.5800,152.6000,3801.0000
90065A,WHITE VINTAGE CRYSTAL BRACELET,193.9600,28,16,7,133.2100,60.7500,7.2200,0.0359,0.0000,0.9962,C,193.9600,60.7500,3802.0000
35819B,"ACRYLIC HANGING JEWEL,BLUE",193.0600,387,32,26,86.2500,106.8100,-0.0000,-0.0000,0.0000,0.9962,C,193.0600,106.8100,3803.0000
21582,KINGS CHOICE SMALL TUBE MATCHES,193.0500,117,16,15,193.0500,0.0000,-0.0000,-0.0000,0.0000,0.9962,C,193.0500,0.0000,3804.0000
84893,ANT WHITE IRON BASKET,192.3000,34,15,12,192.3000,0.0000,-0.0000,-0.0000,0.0000,0.9962,C,192.3000,0.0000,3805.0000
84255B,ORANGE COCKTAIL GLASS LAMP,192.2600,66,18,11,192.2600,0.0000,-0.0000,-0.0000,0.0000,0.9962,C,192.2600,0.0000,3806.0000
90036F,"FLOWER GLASS GARLD NECKL36""TURQUOIS",192.1700,24,15,4,128.0900,64.0800,-0.0000,-0.0000,0.0000,0.9963,C,192.1700,64.0800,3807.0000
84899F,YELLOW PURPLE DAISY FELT PURSE KIT,192.1700,121,53,20,192.1700,0.0000,-0.0000,-0.0000,0.0000,0.9963,C,192.1700,0.0000,3808.0000
84926C,FAIRY CAKES TILE COASTER,192.1000,140,31,17,192.1000,0.0000,7.5000,0.0376,0.0000,0.9963,C,192.1000,0.0000,3809.0000
72051S,BAG OF SILVER STONES,191.7300,302,54,18,101.7800,89.9500,-0.0000,-0.0000,0.0000,0.9963,C,191.7300,89.9500,3810.0000
90003C,MIDNIGHT BLUE PAIR HEART HAIR SLIDE,191.5400,51,35,10,71.7000,104.9200,26.2500,0.1205,0.0000,0.9963,C,191.5400,104.9200,3811.0000
90178B,PURPLE CHUNKY GLASS+BEAD NECKLACE,191.4100,16,11,9,179.4600,11.9500,-0.0000,-0.0000,0.0000,0.9963,C,191.4100,11.9500,3812.0000
90094,NECKLACE+BRACELET SET FRUIT SALAD,190.1700,75,38,20,154.4700,33.1500,-0.0000,-0.0000,0.0000,0.9963,C,190.1700,33.1500,3813.0000
84744,S/6 SEW ON CROCHET FLOWERS,190.0200,150,31,26,50.0000,140.0200,-0.0000,-0.0000,0.0000,0.9963,C,190.0200,140.0200,3814.0000
84803A,PINK ALLIUM  ARTIFICIAL FLOWER,189.2800,112,17,16,184.2100,5.0700,5.0700,0.0261,0.0000,0.9963,C,189.2800,5.0700,3815.0000
85128,PLANTPOT SINGLE HOOK PISTACHIO,188.9500,167,4,2,188.9500,0.0000,-0.0000,-0.0000,0.0000,0.9963,C,188.9500,0.0000,3816.0000
84706B,FAIRY CAKES TABLE CLOCK,188.7300,20,9,8,188.7300,0.0000,17.9000,0.0866,0.0000,0.9963,C,188.7300,0.0000,3817.0000
90159,COTE D'AZURE NECKLACE,188.5800,38,20,13,158.7900,29.7900,-0.0000,-0.0000,0.0000,0.9964,C,188.5800,29.7900,3818.0000
90130B,TURQ STONE/CRYSTAL EARRINGS,188.0900,64,49,4,74.1200,102.3700,-0.0000,-0.0000,0.0000,0.9964,C,188.0900,102.3700,3819.0000
20837,FRENCH FLORAL CUSHION COVER,188.0700,165,18,17,45.6000,142.4700,-0.0000,-0.0000,0.0000,0.9964,C,188.0700,142.4700,3820.0000
85114b,IVORY ENCHANTED FOREST PLACEMAT,186.7600,56,19,0,67.9000,102.4100,-0.0000,-0.0000,0.0000,0.9964,C,186.7600,102.4100,3821.0000
90210C,RED   ACRYLIC FACETED BANGLE,186.5600,118,14,9,56.0500,104.7100,-0.0000,-0.0000,0.0000,0.9964,C,186.5600,104.7100,3822.0000
84452,METAL RABBIT LADDER EASTER,186.1600,198,44,23,123.2600,62.9000,13.6000,0.0681,0.0000,0.9964,C,186.1600,62.9000,3823.0000
16053,POPART COL BALLPOINT PEN ASST,185.7300,4313,10,8,185.7300,0.0000,60.0000,0.2442,0.0000,0.9964,C,185.7300,0.0000,3824.0000
84510a,SET OF 4 ENGLISH ROSE COASTERS,185.7000,75,58,0,55.2200,130.4800,-0.0000,-0.0000,0.0000,0.9964,C,185.7000,130.4800,3825.0000
84877A,PINK ROUND COMPACT MIRROR,185.6600,74,17,14,127.5000,58.1600,-0.0000,-0.0000,0.0000,0.9964,C,185.6600,58.1600,3826.0000
85114a,BLACK ENCHANTED FOREST PLACEMAT,185.6400,56,17,0,23.9400,161.7000,-0.0000,-0.0000,0.0000,0.9964,C,185.6400,161.7000,3827.0000
35838A,S/6 MULTICOLOUR ORNAMENETAL CANDLE,185.2500,181,20,18,185.2500,0.0000,-0.0000,-0.0000,0.0000,0.9965,C,185.2500,0.0000,3828.0000
20968,GREEN FLORAL FELTCRAFT SHOULDER BAG,185.1100,43,19,14,185.1100,0.0000,-0.0000,-0.0000,0.0000,0.9965,C,185.1100,0.0000,3829.0000
35911B,PINK/FLOWER RABBIT EGG WARMER,184.7600,159,24,12,84.0000,100.7600,-0.0000,-0.0000,0.0000,0.9965,C,184.7600,100.7600,3830.0000
23416,CHAMBRE HOOK,184.6800,132,25,18,0.0000,156.7000,-0.0000,-0.0000,0.0000,0.9965,C,184.6800,156.7000,3831.0000
20957,PORCELAIN HANGING BELL SMALL,184.6100,126,15,12,184.6100,0.0000,1.4500,0.0078,0.0000,0.9965,C,184.6100,0.0000,3832.0000
84029D,LEOPARD PRINT HOT WATER BOTTLE,183.9800,51,15,12,183.9800,0.0000,-0.0000,-0.0000,0.0000,0.9965,C,183.9800,0.0000,3833.0000
90125A,PINK BERTIE GLASS BEAD BAG CHARM,183.9700,149,18,9,77.7300,106.2400,25.2000,0.1205,0.0000,0.9965,C,183.9700,106.2400,3834.0000
21018,BIRD BOX CHRISTMAS TREE DECORATION,183.5600,214,42,30,161.5000,22.0600,-0.0000,-0.0000,0.0000,0.9965,C,183.5600,22.0600,3835.0000
90129F,RED GLASS TASSLE BAG CHARM,183.2600,81,41,14,95.2300,85.0800,-0.0000,-0.0000,0.0000,0.9965,C,183.2600,85.0800,3836.0000
90086,CRYSTAL FROG PHONE CHARM,182.7900,216,46,12,105.0000,56.8400,-0.0000,-0.0000,0.0000,0.9965,C,182.7900,56.8400,3837.0000
17090A,LAVENDER INCENSE 40 CONES IN TIN,182.6500,173,26,24,75.2000,107.4500,-0.0000,-0.0000,0.0000,0.9965,C,182.6500,107.4500,3838.0000
90214S,"LETTER ""S"" BLING KEY RING",182.5900,185,86,26,111.5900,63.7500,7.5000,0.0395,0.0000,0.9966,C,182.5900,63.7500,3839.0000
20796,SMALL BLUE PROVENCAL CERAMIC BALL,182.1600,99,22,11,78.2200,103.9400,-0.0000,-0.0000,0.0000,0.9966,C,182.1600,103.9400,3840.0000
79144B,PAINTED LIGHTBULB STAR+ MOON,181.8700,352,91,36,78.2200,95.3500,-0.0000,-0.0000,0.0000,0.9966,C,181.8700,95.3500,3841.0000
84464,S/60 PINK FLUFFY CHICKS IN BOX,181.6500,83,11,10,181.6500,0.0000,-0.0000,-0.0000,0.0000,0.9966,C,181.6500,0.0000,3842.0000
37379B,BLUE CHERRY BLOSSOM CUP & SAUCER,181.5000,1122,3,3,181.5000,0.0000,-0.0000,-0.0000,0.0000,0.9966,C,181.5000,0.0000,3843.0000
79144C,PAINTED LIGHTBULB RAINBOW DESIGN,180.9800,308,97,19,82.4400,93.5600,-0.0000,-0.0000,0.0000,0.9966,C,180.9800,93.5600,3844.0000
16043,POP ART PUSH DOWN RUBBER,180.3000,2145,13,11,168.5400,11.7600,67.6800,0.2729,0.0000,0.9966,C,180.3000,11.7600,3845.0000
35818B,"ACRYLIC JEWEL ICICLE, BLUE",180.0500,408,11,8,168.2700,11.7800,-0.0000,-0.0000,0.0000,0.9966,C,180.0500,11.7800,3846.0000
47347B,BLUE FLOWER T-LIGHT HOLDER,179.8800,240,11,6,179.8800,0.0000,-0.0000,-0.0000,0.0000,0.9966,C,179.8800,0.0000,3847.0000
90180B,PURPLE AMETHYST NECKLACE W TASSEL,179.8800,18,14,10,130.0700,29.8800,-0.0000,-0.0000,0.0000,0.9966,C,179.8800,29.8800,3847.0000
84962,SET/3 COLOUR PAINTED KASHMIRI STOOL,179.8500,3,2,2,179.8500,0.0000,-0.0000,-0.0000,0.0000,0.9966,C,179.8500,0.0000,3849.0000
84661C,PINK SQUARE TABLE CLOCK,179.7500,150,25,12,74.9100,60.3800,-0.0000,-0.0000,0.0000,0.9967,C,179.7500,60.3800,3850.0000
21310,CAPIZ CHANDELIER,179.7000,6,4,3,149.7500,29.9500,29.9500,0.1429,0.0000,0.9967,C,179.7000,29.9500,3851.0000
17011A,ORIGAMI VANILLA INCENSE+FLOWER,179.5600,261,12,6,179.5600,0.0000,-0.0000,-0.0000,0.0000,0.9967,C,179.5600,0.0000,3852.0000
90063A,WHITE VINT ART DECO CRYSTAL NECKLAC,178.4800,21,13,10,76.4800,102.0000,-0.0000,-0.0000,0.0000,0.9967,C,178.4800,102.0000,3853.0000
90013D,PURPLE VINTAGE EARRINGS,178.1100,46,17,7,152.9400,25.1700,-0.0000,-0.0000,0.0000,0.9967,C,178.1100,25.1700,3854.0000
21031,SPACE CADET BLACK,177.9500,145,39,23,112.4600,65.4900,1.2500,0.0070,0.0000,0.9967,C,177.9500,65.4900,3855.0000
90000B,MIDNIGHT BLUE COPPER FLOWER NECKLAC,177.2900,29,21,9,109.4600,67.8300,5.9500,0.0325,0.0000,0.9967,C,177.2900,67.8300,3856.0000
90072,RUBY DROP CHANDELIER EARRINGS,176.3100,44,30,4,92.8900,79.2700,-0.0000,-0.0000,0.0000,0.9967,C,176.3100,79.2700,3857.0000
82607C,GLASS BONBON JAR. SUPERFINES,175.6100,115,43,16,175.6100,0.0000,-0.0000,-0.0000,0.0000,0.9967,C,175.6100,0.0000,3858.0000
84564,6 SEGMENT COLOURED SNACK BOWL,175.4800,21,11,9,175.4800,0.0000,-0.0000,-0.0000,0.0000,0.9967,C,175.4800,0.0000,3859.0000
84967A,PINK KASHMIRI OCCASIONAL TABLE,174.9000,3,3,2,174.9000,0.0000,79.9500,0.3137,0.0000,0.9967,C,174.9000,0.0000,3860.0000
22886,NUMBER TILE VINTAGE FONT 7,174.1600,98,29,8,27.7300,144.4800,-0.0000,-0.0000,0.0000,0.9968,C,174.1600,144.4800,3861.0000
82587,TEXRIO TOMATOES CANDLE+CUP,173.0300,133,40,26,173.0300,0.0000,15.0000,0.0798,0.0000,0.9968,C,173.0300,0.0000,3862.0000
21461,BLUE EASTER EGG HUNT START POST,172.9900,83,23,17,147.1800,25.8100,9.7500,0.0534,0.0000,0.9968,C,172.9900,25.8100,3863.0000
75011,BLUE DAISY MOBILE,172.5100,181,15,11,33.7500,138.7600,-0.0000,-0.0000,0.0000,0.9968,C,172.5100,138.7600,3864.0000
90123D,WHITE HEART OF GLASS BRACELET,172.3900,29,14,7,137.0800,35.3100,-0.0000,-0.0000,0.0000,0.9968,C,172.3900,35.3100,3865.0000
90060F,FIRE POLISHED GLASS NECKL GREEN,172.0900,29,18,7,136.9300,35.1600,-0.0000,-0.0000,0.0000,0.9968,C,172.0900,35.1600,3866.0000
85185C,COW  SOCK PUPPET,171.1000,58,27,24,171.1000,0.0000,-0.0000,-0.0000,0.0000,0.9968,C,171.1000,0.0000,3867.0000
84706C,PINK FLOCK TABLE CLOCK,170.8000,84,4,4,170.8000,0.0000,-0.0000,-0.0000,0.0000,0.9968,C,170.8000,0.0000,3868.0000
90063B,BLACK VINT ART DEC CRYSTAL NECKLACE,170.1700,20,14,8,93.8500,76.3200,-0.0000,-0.0000,0.0000,0.9968,C,170.1700,76.3200,3869.0000
17014A,ORIGAMI VANILLA INCENSE CONES,170.1300,276,16,9,98.9400,71.1900,-0.0000,-0.0000,0.0000,0.9968,C,170.1300,71.1900,3870.0000
85040a,S/4 PINK FLOWER CANDLES IN BOWL,169.7500,51,34,0,64.4700,105.2800,-0.0000,-0.0000,0.0000,0.9968,C,169.7500,105.2800,3871.0000
47570b,TEA TIME TABLE CLOTH,169.4000,8,8,0,127.3800,42.0200,-0.0000,-0.0000,0.0000,0.9969,C,169.4000,42.0200,3872.0000
84531A,PINK KNITTED EGG COSY,169.3600,191,45,35,92.6700,76.6900,-0.0000,-0.0000,0.0000,0.9969,C,169.3600,76.6900,3873.0000
37491C,GREEN/BLUE CERAMIC CANDLE HOLDER,169.1700,59,10,7,155.9700,13.2000,-0.0000,-0.0000,0.0000,0.9969,C,169.1700,13.2000,3874.0000
90166,PINK & WHITE ROSEBUD RING,168.9400,40,31,7,80.9000,83.8900,4.2500,0.0245,0.0000,0.9969,C,168.9400,83.8900,3875.0000
90019B,GOLD M.O.P ORBIT BRACELET,168.6200,32,28,6,72.1000,85.7200,-0.0000,-0.0000,0.0000,0.9969,C,168.6200,85.7200,3876.0000
90204,PAIR OF ENAMEL BUTTERFLY HAIRCLIP,168.4600,50,37,9,71.6000,90.2200,13.4000,0.0737,0.0000,0.9969,C,168.4600,90.2200,3877.0000
90065B,BLACK VINT ART DEC CRYSTAL BRACELET,168.3700,24,16,4,154.8700,13.5000,-0.0000,-0.0000,0.0000,0.9969,C,168.3700,13.5000,3878.0000
85205A,IVORY FELT EASTER RABBIT GARLAND,168.3000,66,21,21,168.3000,0.0000,-0.0000,-0.0000,0.0000,0.9969,C,168.3000,0.0000,3879.0000
90186B,CRYSTAL HOOP EARRING FLORAL LEAF,168.2600,57,31,13,103.6800,64.5800,-0.0000,-0.0000,0.0000,0.9969,C,168.2600,64.5800,3880.0000
21087,SET/6 POSIES PAPER CUPS,168.0800,260,32,19,93.5100,74.5700,-0.0000,-0.0000,0.0000,0.9969,C,168.0800,74.5700,3881.0000
84531B,BLUE KNITTED EGG COSY,167.9100,196,42,35,80.3500,87.5600,-0.0000,-0.0000,0.0000,0.9969,C,167.9100,87.5600,3882.0000
35916C,PINK FELT HANGING HEART W FLOWER,167.5500,157,42,9,59.8300,107.7200,-0.0000,-0.0000,0.0000,0.9969,C,167.5500,107.7200,3883.0000
90123B,TURQUOISE HEART OF GLASS BRACELET,166.5900,28,13,8,113.1700,53.4200,-0.0000,-0.0000,0.0000,0.9970,C,166.5900,53.4200,3884.0000
90211A,DIAMOND LAS VEGAS NECKLACE 45CM,166.5700,28,21,5,95.6000,65.1500,-0.0000,-0.0000,0.0000,0.9970,C,166.5700,65.1500,3885.0000
84231,EASTER BUNNY WITH BASKET ON BACK,166.2100,230,50,28,93.5800,72.6300,-0.0000,-0.0000,0.0000,0.9970,C,166.2100,72.6300,3886.0000
90214L,"LETTER ""L"" BLING KEY RING",166.0600,176,68,20,101.0200,54.6000,10.0000,0.0568,0.0000,0.9970,C,166.0600,54.6000,3887.0000
90003B,ROSE COLOUR PAIR HEART HAIR SLIDES,165.8100,44,25,9,109.5000,56.3100,26.2500,0.1367,0.0000,0.9970,C,165.8100,56.3100,3888.0000
10123G,ARMY CAMO WRAPPING TAPE,165.5600,2251,16,12,165.5600,0.0000,66.2400,0.2858,0.0000,0.9970,C,165.5600,0.0000,3889.0000
90093,CLEAR CRYSTAL STAR PHONE CHARM,165.3400,209,25,15,136.7700,22.4900,22.9500,0.1219,0.0000,0.9970,C,165.3400,22.4900,3890.0000
23694,PAISLEY PARK CARD,165.0800,376,41,23,0.0000,119.7800,-0.0000,-0.0000,0.0000,0.9970,C,165.0800,119.7800,3891.0000
37479P,CUBIC MUG FLOCK PINK ON BROWN,164.7600,182,34,17,17.8500,146.9100,-0.0000,-0.0000,0.0000,0.9970,C,164.7600,146.9100,3892.0000
90018B,GOLD M.O.P ORBIT DROP EARRINGS,164.6200,39,31,10,72.3400,83.9800,-0.0000,-0.0000,0.0000,0.9970,C,164.6200,83.9800,3893.0000
90129D,AMBER GLASS TASSLE BAG CHARM,164.5200,68,34,12,131.0800,33.4400,-0.0000,-0.0000,0.0000,0.9970,C,164.5200,33.4400,3894.0000
85024C,PINK SMALL JEWELLED PHOTOFRAME,163.3500,99,42,33,143.5500,19.8000,1.6500,0.0100,0.0000,0.9970,C,163.3500,19.8000,3895.0000
16202E,BLACK PHOTO ALBUM,162.7300,82,14,12,155.2300,7.5000,5.5500,0.0330,0.0000,0.9971,C,162.7300,7.5000,3896.0000
90039D,FIRE POLISHED GLASS BRACELET GREEN,162.6600,43,24,4,83.9700,74.9600,-0.0000,-0.0000,0.0000,0.9971,C,162.6600,74.9600,3897.0000
90214C,"LETTER ""C"" BLING KEY RING",162.5300,165,69,21,89.7600,64.4000,7.5000,0.0441,0.0000,0.9971,C,162.5300,64.4000,3898.0000
90162B,ANT SILVER LIME GREEN BOUDICCA RING,162.2500,55,20,14,82.6000,79.6500,2.9500,0.0179,0.0000,0.9971,C,162.2500,79.6500,3899.0000
47369B,BLUE GREEN EMBROIDERY COSMETIC BAG,162.0300,57,29,10,64.9000,91.3400,-0.0000,-0.0000,0.0000,0.9971,C,162.0300,91.3400,3900.0000
20693,FLORAL DINOSAUR GREEN,161.8900,33,18,10,161.8900,0.0000,4.2500,0.0256,0.0000,0.9971,C,161.8900,0.0000,3901.0000
90190C,SILVER/AMETHYST DROP EARRINGS LEAF,161.8200,55,36,10,103.3900,58.4300,-0.0000,-0.0000,0.0000,0.9971,C,161.8200,58.4300,3902.0000
90214J,"LETTER ""J"" BLING KEY RING",161.4700,157,88,19,104.2600,52.9000,7.5000,0.0444,0.0000,0.9971,C,161.4700,52.9000,3903.0000
90042A,FRESHWATER PEARL BRACELET GOLD,160.7900,63,33,6,153.1400,7.6500,-0.0000,-0.0000,0.0000,0.9971,C,160.7900,7.6500,3904.0000
90123C,GREEN HEART OF GLASS BRACELET,160.7500,27,12,7,77.4600,83.2900,-0.0000,-0.0000,0.0000,0.9971,C,160.7500,83.2900,3905.0000
21353,SILVER SLEIGHBELL  WREATH,160.4500,19,9,8,160.4500,0.0000,-0.0000,-0.0000,0.0000,0.9971,C,160.4500,0.0000,3906.0000
22887,NUMBER TILE VINTAGE FONT 8,160.3600,92,28,10,33.5800,124.8300,-0.0000,-0.0000,0.0000,0.9971,C,160.3600,124.8300,3907.0000
81952V,ROUND PURPLE CLOCK WITH SUCKER,160.2500,466,46,27,90.5200,69.7300,-0.0000,-0.0000,0.0000,0.9972,C,160.2500,69.7300,3908.0000
84599,CANDY STRIPE ROSE FLOOR CUSHION,160.1500,15,6,2,160.1500,0.0000,-0.0000,-0.0000,0.0000,0.9972,C,160.1500,0.0000,3909.0000
23305,SET 4 PICNIC CUTLERY BLUEBERRY,159.9000,82,9,9,0.0000,113.1000,-0.0000,-0.0000,0.0000,0.9972,C,159.9000,113.1000,3910.0000
90214K,"LETTER ""K"" BLING KEY RING",159.6500,155,83,23,98.9500,52.6200,1.2500,0.0078,0.0000,0.9972,C,159.6500,52.6200,3911.0000
37379A,PINK CHERRY BLOSSOM CUP & SAUCER,159.2000,41,16,5,151.7000,7.5000,1.2500,0.0078,0.0000,0.9972,C,159.2000,7.5000,3912.0000
16054,POPART RECT PENCIL SHARPENER ASST,159.0000,1210,39,32,18.4800,136.2000,12.9600,0.0754,0.0000,0.9972,C,159.0000,136.2000,3913.0000
85166A,WHITE METAL BAROQUE PHOTO FRAME,158.9000,77,12,8,158.9000,0.0000,3.7500,0.0231,0.0000,0.9972,C,158.9000,0.0000,3914.0000
90048,GREEN WITH METAL BAG CHARM,158.8900,31,8,4,144.0400,14.8500,49.5000,0.2375,0.0000,0.9972,C,158.8900,14.8500,3915.0000
22864,MUG AND COASTER SET RED CIRCLES,158.7600,378,2,1,158.7600,0.0000,-0.0000,-0.0000,0.0000,0.9972,C,158.7600,0.0000,3916.0000
48175,DOOR MAT CAMOUFLAGE,158.0400,39,2,1,158.0400,0.0000,-0.0000,-0.0000,0.0000,0.9972,C,158.0400,0.0000,3917.0000
84927A,WAKE UP COCKEREL TILE HOOK,157.6100,226,33,22,87.1600,70.4500,10.3500,0.0616,0.0000,0.9972,C,157.6100,70.4500,3918.0000
21489,BLUE WHITE SCARF HOT WATER BOTTLE,157.6000,28,14,6,157.6000,0.0000,-0.0000,-0.0000,0.0000,0.9972,C,157.6000,0.0000,3919.0000
72140E,BEST DAD CANDLE LETTERS,157.5700,219,29,26,131.2200,26.3500,0.8500,0.0054,0.0000,0.9973,C,157.5700,26.3500,3920.0000
23417,BATHROOM HOOK,157.5000,146,27,21,0.0000,125.3500,-0.0000,-0.0000,0.0000,0.9973,C,157.5000,125.3500,3921.0000
90059A,DIAMANTE HAIR GRIP PACK/2 CRYSTAL,156.9800,94,48,3,82.4500,67.9300,9.9000,0.0593,0.0000,0.9973,C,156.9800,67.9300,3922.0000
23468,TUSCAN VILLA BIRD TABLE,156.7500,19,11,11,0.0000,156.7500,-0.0000,-0.0000,0.0000,0.9973,C,156.7500,156.7500,3923.0000
17178,FLAT PALM T-LIGHT HOLDER,156.6500,133,24,20,156.6500,0.0000,-0.0000,-0.0000,0.0000,0.9973,C,156.6500,0.0000,3924.0000
46138B,BLUE CHENILLE SHAGGY CUSHION COVER,156.2900,71,25,12,113.1400,43.1500,11.0500,0.0660,0.0000,0.9973,C,156.2900,43.1500,3925.0000
84228,HEN HOUSE W CHICK STANDING,156.0700,354,46,19,31.9800,124.0900,0.4200,0.0027,0.0000,0.9973,C,156.0700,124.0900,3926.0000
84914A,PINK ROSE PICNIC RUG,155.7000,6,5,2,155.7000,0.0000,-0.0000,-0.0000,0.0000,0.9973,C,155.7000,0.0000,3927.0000
90183A,AMBER DROP EARRINGS W LONG BEADS,155.6500,53,31,6,38.4100,102.6900,17.7000,0.1021,0.0000,0.9973,C,155.6500,102.6900,3928.0000
20664,TROPICAL HOLIDAY PURSE,155.4100,57,31,11,73.7500,81.6600,-0.0000,-0.0000,0.0000,0.9973,C,155.4100,81.6600,3929.0000
72351a,SET/6 TURQUOISE BUTTERFLY T-LIGHTS,154.8900,37,28,0,92.6200,62.2700,-0.0000,-0.0000,0.0000,0.9973,C,154.8900,62.2700,3930.0000
23496,PANTRY KITCHEN THERMOMETER,154.5200,112,31,21,0.0000,106.1300,-0.0000,-0.0000,0.0000,0.9973,C,154.5200,106.1300,3931.0000
72801c,4 ROSE PINK DINNER CANDLES,153.6700,62,36,0,57.7300,91.0200,-0.0000,-0.0000,0.0000,0.9973,C,153.6700,91.0200,3932.0000
47518F,ICON PLACEMAT POP ART ELVIS,153.1400,903,34,22,39.5000,113.6400,-0.0000,-0.0000,0.0000,0.9974,C,153.1400,113.6400,3933.0000
79192A,RETRO PLASTIC 70'S TRAY,152.6400,114,35,26,148.8900,3.7500,10.0000,0.0615,0.0000,0.9974,C,152.6400,3.7500,3934.0000
84622,PINK GINGHAM ROSE CUSHION COVER,152.6000,23,9,7,152.6000,0.0000,5.9500,0.0375,0.0000,0.9974,C,152.6000,0.0000,3935.0000
90030C,BROWN KUKUI COCONUT SEED NECKLACE,151.3000,87,16,10,59.6000,91.7000,-0.0000,-0.0000,0.0000,0.9974,C,151.3000,91.7000,3936.0000
20952,PORCELAIN CHERUB BELL SMALL,151.1400,330,24,19,151.1400,0.0000,119.1600,0.4408,0.0000,0.9974,C,151.1400,0.0000,3937.0000
84968a,SET OF 16 VINTAGE ROSE CUTLERY,150.8200,6,4,0,25.4900,125.3300,-0.0000,-0.0000,0.0000,0.9974,C,150.8200,125.3300,3938.0000
84989a,75 GREEN FAIRY CAKE CASES,150.5700,74,41,0,63.0600,87.5100,-0.0000,-0.0000,0.0000,0.9974,C,150.5700,87.5100,3939.0000
79161A,ST GEORGE SET OF 10 PARTY LIGHTS,150.4500,51,16,16,144.5500,5.9000,-0.0000,-0.0000,0.0000,0.9974,C,150.4500,5.9000,3940.0000
35980C,REDWHITE STRIPE SCANDINAVIAN HEART,150.3000,384,29,28,150.3000,0.0000,16.7200,0.1001,0.0000,0.9974,C,150.3000,0.0000,3941.0000
90042C,FRESHWATER PEARL BRACELET IVORY,150.2100,59,26,8,137.5100,12.7000,-0.0000,-0.0000,0.0000,0.9974,C,150.2100,12.7000,3942.0000
84527,FLAMES SUNGLASSES PINK LENSES,150.0100,79,22,19,54.9100,95.1000,-0.0000,-0.0000,0.0000,0.9974,C,150.0100,95.1000,3943.0000
17108D,FLOWER FAIRY SUMMER BOUQUET SACHET,149.1000,355,23,17,149.1000,0.0000,-0.0000,-0.0000,0.0000,0.9974,C,149.1000,0.0000,3944.0000
90040D,MURANO STYLE GLASS BRACELET PINK,148.8700,41,25,9,148.8700,0.0000,-0.0000,-0.0000,0.0000,0.9974,C,148.8700,0.0000,3945.0000
84709A,SILVER OVAL JEWELLED MIRROR,148.7500,25,13,11,148.7500,0.0000,-0.0000,-0.0000,0.0000,0.9975,C,148.7500,0.0000,3946.0000
71496A,A4 WALL TIDY BLUE OFFICE,148.0100,244,17,8,67.0500,80.9600,-0.0000,-0.0000,0.0000,0.9975,C,148.0100,80.9600,3947.0000
90022,EDWARDIAN DROP EARRINGS JET BLACK,147.1700,39,32,4,56.9700,75.2400,22.5000,0.1326,0.0000,0.9975,C,147.1700,75.2400,3948.0000
84720,DOT MATRIX CANVAS ART PICTURE,147.0500,35,3,3,147.0500,0.0000,-0.0000,-0.0000,0.0000,0.9975,C,147.0500,0.0000,3949.0000
90040C,MURANO STYLE GLASS BRACELET GOLD,146.7500,41,21,10,92.3300,47.1900,10.5000,0.0668,0.0000,0.9975,C,146.7500,47.1900,3950.0000
90002A,FLOWER BURST SILVER RING OPAL,146.2500,39,14,14,146.2500,0.0000,-0.0000,-0.0000,0.0000,0.9975,C,146.2500,0.0000,3951.0000
90016C,SILVER/BLACK PENDANT ORBIT NECKLACE,144.0700,17,14,4,119.1100,16.6400,-0.0000,-0.0000,0.0000,0.9975,C,144.0700,16.6400,3952.0000
35610B,BLACK CHRISTMAS FLOCK DROPLET,144.0700,179,13,13,114.0700,30.0000,-0.0000,-0.0000,0.0000,0.9975,C,144.0700,30.0000,3952.0000
79191D,RETRO PLASTIC DAISY TRAY,143.8700,138,56,28,106.2600,31.8700,11.8600,0.0762,0.0000,0.9975,C,143.8700,31.8700,3954.0000
90036B,"FLOWER GLASS GARLAND NECKL.36""GREEN",143.1000,18,10,8,111.3000,31.8000,-0.0000,-0.0000,0.0000,0.9975,C,143.1000,31.8000,3955.0000
10120,DOGGY RUBBER,142.9500,665,73,52,102.4200,39.2700,6.3000,0.0422,0.0000,0.9975,C,142.9500,39.2700,3956.0000
84874B,BLUE TRAVEL FIRST AID KIT,141.7600,86,36,26,74.2500,67.5100,-0.0000,-0.0000,0.0000,0.9975,C,141.7600,67.5100,3957.0000
90202D,PINK ENAMEL FLOWER HAIR TIE,141.4900,48,24,5,77.0300,58.6600,17.7000,0.1112,0.0000,0.9975,C,141.4900,58.6600,3958.0000
72740A,LARGE STRAWBERRY CHOCOLATE CANDLE,141.2300,65,12,5,141.2300,0.0000,-0.0000,-0.0000,0.0000,0.9975,C,141.2300,0.0000,3959.0000
90214M,"LETTER ""M"" BLING KEY RING",141.0700,139,64,19,91.2500,46.3400,-0.0000,-0.0000,0.0000,0.9976,C,141.0700,46.3400,3960.0000
47590b,PINK HAPPY BIRTHDAY BUNTING,140.5000,13,10,0,11.0200,129.4800,-0.0000,-0.0000,0.0000,0.9976,C,140.5000,129.4800,3961.0000
47369A,PINK GREEN EMBROIDERY COSMETIC BAG,140.4000,48,25,10,47.2100,87.4000,-0.0000,-0.0000,0.0000,0.9976,C,140.4000,87.4000,3962.0000
84617,NEW BAROQUE BLACK BOXES,140.2500,11,7,7,102.0000,38.2500,-0.0000,-0.0000,0.0000,0.9976,C,140.2500,38.2500,3963.0000
84765,SILVER ROCOCO CANDELABRA,140.2300,9,6,4,140.2300,0.0000,25.5000,0.1539,0.0000,0.9976,C,140.2300,0.0000,3964.0000
90212B,JET BLACK LAS VEGAS BRACELET ROUND,140.0700,37,28,7,102.4500,37.6200,-0.0000,-0.0000,0.0000,0.9976,C,140.0700,37.6200,3965.0000
78026,SEAGRASS S/3 SQU LAUNDRY BOX,139.9500,12,2,1,139.9500,0.0000,-0.0000,-0.0000,0.0000,0.9976,C,139.9500,0.0000,3966.0000
90199A,5 STRAND GLASS NECKLACE BLACK,139.5000,22,16,9,69.8700,69.6300,6.3500,0.0435,0.0000,0.9976,C,139.5000,69.6300,3967.0000
23463,VINTAGE ZINC WATERING CAN,139.4000,13,8,7,0.0000,109.5500,-0.0000,-0.0000,0.0000,0.9976,C,139.4000,109.5500,3968.0000
90214E,"LETTER ""E"" BLING KEY RING",139.2800,142,67,25,86.0800,45.9500,7.5000,0.0511,0.0000,0.9976,C,139.2800,45.9500,3969.0000
90199D,5 STRAND GLASS NECKLACE AMBER,139.2800,22,16,9,101.6600,37.6200,-0.0000,-0.0000,0.0000,0.9976,C,139.2800,37.6200,3969.0000
84510c,SET OF 4 POLKADOT COASTERS,138.8600,56,34,0,40.1600,91.3200,-0.0000,-0.0000,0.0000,0.9976,C,138.8600,91.3200,3971.0000
23304,SET 4 PICNIC CUTLERY CHERRY,138.4500,71,9,9,0.0000,91.6500,-0.0000,-0.0000,0.0000,0.9976,C,138.4500,91.6500,3972.0000
72754B,F FAIRY POTPOURRI CUSHIONS LAVENDER,137.5400,170,8,8,137.5400,0.0000,-0.0000,-0.0000,0.0000,0.9976,C,137.5400,0.0000,3973.0000
35816P,"ACRYLIC JEWEL ANGEL,PINK",137.4300,297,9,7,107.7900,29.6400,-0.0000,-0.0000,0.0000,0.9977,C,137.4300,29.6400,3974.0000
90156,RESIN BRACELET W PASTEL BEADS,137.3700,25,14,7,117.5700,19.8000,-0.0000,-0.0000,0.0000,0.9977,C,137.3700,19.8000,3975.0000
84549,CROCHET WHITE RABBIT KEYRING,137.2700,75,16,9,67.8900,69.3800,-0.0000,-0.0000,0.0000,0.9977,C,137.2700,69.3800,3976.0000
35824P,"HANGING FLOWERS+MIRROR,PINK",136.4400,324,3,2,136.4400,0.0000,-0.0000,-0.0000,0.0000,0.9977,C,136.4400,0.0000,3977.0000
90151,SILVER/NATURAL SHELL NECKLACE,136.1700,16,9,5,68.1700,68.0000,-0.0000,-0.0000,0.0000,0.9977,C,136.1700,68.0000,3978.0000
90024E,NEW BAROQUE B'FLY NECKLACE MONTANA,135.9800,16,11,7,119.1700,16.8100,-0.0000,-0.0000,0.0000,0.9977,C,135.9800,16.8100,3979.0000
90194,SILVER LARIAT BLACK STONE EARRINGS,135.8400,32,21,14,67.9700,67.8700,-0.0000,-0.0000,0.0000,0.9977,C,135.8400,67.8700,3980.0000
90038A,GLASS AND PAINTED BEADS BRACELET TO,135.8000,36,22,4,79.6500,56.1500,-0.0000,-0.0000,0.0000,0.9977,C,135.8000,56.1500,3981.0000
90177D,DROP DIAMANTE EARRINGS PURPLE,135.7600,46,25,9,62.2300,70.6300,17.7000,0.1153,0.0000,0.9977,C,135.7600,70.6300,3982.0000
17011D,ORIGAMI ROSE INCENSE+FLOWER,135.7000,209,4,2,135.7000,0.0000,-0.0000,-0.0000,0.0000,0.9977,C,135.7000,0.0000,3983.0000
77079,DOLPHIN WINDMILL,135.6800,64,12,10,133.5600,2.1200,-0.0000,-0.0000,0.0000,0.9977,C,135.6800,2.1200,3984.0000
85132a,CHARLIE + LOLA BISCUITS TINS,135.1300,10,10,0,42.9300,92.2000,-0.0000,-0.0000,0.0000,0.9977,C,135.1300,92.2000,3985.0000
72134,COLUMBIAN  CUBE CANDLE,134.8500,339,29,15,76.2300,52.1000,-0.0000,-0.0000,0.0000,0.9977,C,134.8500,52.1000,3986.0000
16020C,CLEAR STATIONERY BOX SET,134.5000,160,39,22,64.6000,69.9000,-0.0000,-0.0000,0.0000,0.9977,C,134.5000,69.9000,3987.0000
22879,NUMBER TILE VINTAGE FONT 0,134.4000,82,21,7,31.9400,102.4600,-0.0000,-0.0000,0.0000,0.9978,C,134.4000,102.4600,3988.0000
35015,JACOBS LADDER SMALL,134.0800,2072,39,35,134.0800,0.0000,-0.0000,-0.0000,0.0000,0.9978,C,134.0800,0.0000,3989.0000
84555A,YELLOW VW BEETLE CERAMIC MONEY BOX,133.8500,47,16,13,133.8500,0.0000,-0.0000,-0.0000,0.0000,0.9978,C,133.8500,0.0000,3990.0000
35609A,PINK FEATHER CHRISTMAS DECORATION,133.2300,447,24,17,130.7200,2.5100,-0.0000,-0.0000,0.0000,0.9978,C,133.2300,2.5100,3991.0000
46137D,GREEN CHENILLE SHAGGY RUG,132.7500,45,4,2,132.7500,0.0000,-0.0000,-0.0000,0.0000,0.9978,C,132.7500,0.0000,3992.0000
90190B,GOLD/AMBER DROP EARRINGS W LEAF,132.5800,45,15,6,94.4000,38.1800,-0.0000,-0.0000,0.0000,0.9978,C,132.5800,38.1800,3993.0000
90137,PINK COMBO MINI CRYSTALS NECKLACE,132.5200,26,15,8,116.2100,16.3100,-0.0000,-0.0000,0.0000,0.9978,C,132.5200,16.3100,3994.0000
45013,FOLDING SHOE TIDY,132.0000,48,8,8,123.1500,8.8500,-0.0000,-0.0000,0.0000,0.9978,C,132.0000,8.8500,3995.0000
47592B,SCOTTIES DESIGN CHILD'S OVERALL,131.9000,67,29,15,131.9000,0.0000,-0.0000,-0.0000,0.0000,0.9978,C,131.9000,0.0000,3996.0000
90023,FILIGREE DIAMANTE EARRINGS,131.7400,31,21,7,76.7200,55.0200,-0.0000,-0.0000,0.0000,0.9978,C,131.7400,55.0200,3997.0000
90165B,WHITE ROSEBUD  PEARL EARRINGS,131.6500,52,35,5,84.2200,39.9900,-0.0000,-0.0000,0.0000,0.9978,C,131.6500,39.9900,3998.0000
35933,PINK STOCKING CHRISTMAS DECORATION,131.3800,319,28,20,39.1700,92.2100,-0.0000,-0.0000,0.0000,0.9978,C,131.3800,92.2100,3999.0000
90101,WHITE FRANGIPANI NECKLACE,131.1600,52,29,4,33.0900,95.5900,15.3000,0.1045,0.0000,0.9978,C,131.1600,95.5900,4000.0000
84656,WHITE ROSE C/COVER,130.9000,22,13,12,130.9000,0.0000,-0.0000,-0.0000,0.0000,0.9978,C,130.9000,0.0000,4001.0000
22888,NUMBER TILE VINTAGE FONT 9,130.8300,79,23,9,5.8500,120.8500,-0.0000,-0.0000,0.0000,0.9978,C,130.8300,120.8500,4002.0000
16119,FUNKY GIRL ADDRESS BOOK,130.7100,273,8,7,130.7100,0.0000,-0.0000,-0.0000,0.0000,0.9979,C,130.7100,0.0000,4003.0000
84925E,FLOWERS WALL THERMOMETER,130.0500,75,3,3,130.0500,0.0000,-0.0000,-0.0000,0.0000,0.9979,C,130.0500,0.0000,4004.0000
20899,VINTAGE NOTEBOOK RED ROSE,129.8000,44,12,12,129.8000,0.0000,-0.0000,-0.0000,0.0000,0.9979,C,129.8000,0.0000,4005.0000
90099,NECKLACE+BRACELET SET BLUE HIBISCUS,129.6900,42,25,16,53.3100,73.8300,-0.0000,-0.0000,0.0000,0.9979,C,129.6900,73.8300,4006.0000
90190A,SILVER/CRYSTAL DROP EARRINGS W LEAF,129.5900,44,31,8,82.8300,46.7600,-0.0000,-0.0000,0.0000,0.9979,C,129.5900,46.7600,4007.0000
84886,BLUE METAL WALL SHELF,129.3500,13,9,8,129.3500,0.0000,-0.0000,-0.0000,0.0000,0.9979,C,129.3500,0.0000,4008.0000
10080,GROOVY CACTUS INFLATABLE,129.2900,315,27,23,10.2000,119.0900,-0.0000,-0.0000,0.0000,0.9979,C,129.2900,119.0900,4009.0000
85160a,WHITE BIRD GARDEN DESIGN MUG,129.0400,8,3,0,112.9100,16.1300,-0.0000,-0.0000,0.0000,0.9979,C,129.0400,16.1300,4010.0000
84858A,NATURAL RIVIERA HANDBAG,128.8300,53,8,7,128.8300,0.0000,-0.0000,-0.0000,0.0000,0.9979,C,128.8300,0.0000,4011.0000
90181A,AMBER GLASS/SHELL/PEARL NECKLACE,128.6400,14,14,2,64.6000,64.0400,-0.0000,-0.0000,0.0000,0.9979,C,128.6400,64.0400,4012.0000
84559D,3D SHEET OF SEA WORLD STICKERS,128.4100,149,31,23,128.4100,0.0000,-0.0000,-0.0000,0.0000,0.9979,C,128.4100,0.0000,4013.0000
90003E,GREEN PAIR HEART HAIR SLIDES,127.8100,34,22,3,41.7000,74.9200,15.0000,0.1050,0.0000,0.9979,C,127.8100,74.9200,4014.0000
84251G,"GREETING CARD, OVERCROWDED POOL.",127.7500,473,91,32,53.0500,67.8600,-0.0000,-0.0000,0.0000,0.9979,C,127.7500,67.8600,4015.0000
90024D,NEW BAROQUE B'FLY NECKLACE PINK,127.5000,15,13,11,110.6800,16.8200,-0.0000,-0.0000,0.0000,0.9979,C,127.5000,16.8200,4016.0000
84782B,BLACK 3 TIER GLASS PLATE STAND,127.5000,10,6,6,127.5000,0.0000,-0.0000,-0.0000,0.0000,0.9979,C,127.5000,0.0000,4016.0000
85018C,S/6 PAPER BOXES CURIOUS IMAGES,127.2000,36,4,4,127.2000,0.0000,-0.0000,-0.0000,0.0000,0.9979,C,127.2000,0.0000,4018.0000
81950B,FLOWER BLUE CLOCK W/SUCKER,127.0300,217,34,21,93.1000,33.9300,0.8500,0.0066,0.0000,0.9980,C,127.0300,33.9300,4019.0000
16168S,FUNKY MONKEY GIFT BAG SMALL,126.8300,1283,11,4,126.8300,0.0000,-0.0000,-0.0000,0.0000,0.9980,C,126.8300,0.0000,4020.0000
23303,SET 4 PICNIC CUTLERY FONDANT,126.7500,65,6,6,0.0000,103.3500,-0.0000,-0.0000,0.0000,0.9980,C,126.7500,103.3500,4021.0000
84367,LA STREGA CANVAS PICTURE,126.3000,74,8,6,126.3000,0.0000,-0.0000,-0.0000,0.0000,0.9980,C,126.3000,0.0000,4022.0000
82607E,GLASS BONBON JAR. D'AMANDES,126.2500,101,25,18,126.2500,0.0000,1.2500,0.0098,0.0000,0.9980,C,126.2500,0.0000,4023.0000
90174,BUTTERFLY HAIR BAND,126.1200,50,32,4,30.7000,85.5000,30.6000,0.1953,0.0000,0.9980,C,126.1200,85.5000,4024.0000
90108,BLUE BLOSSOM HAIR CLIP,125.8300,109,21,12,43.8700,79.5000,10.5000,0.0770,0.0000,0.9980,C,125.8300,79.5000,4025.0000
23578,SNACK TRAY RED GINGHAM,125.7200,60,14,11,0.0000,39.2300,-0.0000,-0.0000,0.0000,0.9980,C,125.7200,39.2300,4026.0000
90138,WHITE/PINK MINI CRYSTALS NECKLACE,125.6400,24,17,5,73.2200,47.0200,-0.0000,-0.0000,0.0000,0.9980,C,125.6400,47.0200,4027.0000
84558a,3D DOG PICTURE PLAYING CARDS,125.1700,21,19,0,95.8600,23.5200,-0.0000,-0.0000,0.0000,0.9980,C,125.1700,23.5200,4028.0000
84614A,PINK BAROQUE FLOCK CANDLE HOLDER,124.8300,17,10,7,112.9300,11.9000,11.9000,0.0870,0.0000,0.9980,C,124.8300,11.9000,4029.0000
90002C,FLOWER BURST SILVER RING MIDN'T BLU,124.3800,33,19,8,124.3800,0.0000,7.5000,0.0569,0.0000,0.9980,C,124.3800,0.0000,4030.0000
85190,PINK FLOWER HANGING HEART,124.1600,140,17,14,124.1600,0.0000,5.1000,0.0395,0.0000,0.9980,C,124.1600,0.0000,4031.0000
90162C,ANT SILVER FUSCHIA BOUDICCA RING,123.9000,42,16,10,82.6000,41.3000,-0.0000,-0.0000,0.0000,0.9980,C,123.9000,41.3000,4032.0000
72133,COLUMBIAN CANDLE RECTANGLE,123.8800,110,31,24,60.3700,51.0900,-0.0000,-0.0000,0.0000,0.9980,C,123.8800,51.0900,4033.0000
90168,2 DAISIES HAIR COMB,123.7600,42,24,3,71.2000,43.8600,17.7000,0.1251,0.0000,0.9981,C,123.7600,43.8600,4034.0000
17191A,ROSE FLOWER CANDLE+INCENSE 16X16CM,123.7500,33,12,9,108.7500,7.5000,-0.0000,-0.0000,0.0000,0.9981,C,123.7500,7.5000,4035.0000
20816,GOLD FLOWER CUSHION COVER,123.6000,24,7,5,108.0000,15.6000,33.7500,0.2145,0.0000,0.9981,C,123.6000,15.6000,4036.0000
22850,BREAD BIN DINER STYLE BLACK,123.6000,8,1,1,123.6000,0.0000,123.6000,0.5000,0.0000,0.9981,C,123.6000,0.0000,4036.0000
23477,WOODLAND LARGE BLUE FELT HEART,123.4700,92,13,8,0.0000,123.4700,-0.0000,-0.0000,0.0000,0.9981,C,123.4700,123.4700,4038.0000
21228,"POCKET MIRROR ""GLAMOROUS""",122.5700,97,31,25,116.3200,6.2500,-0.0000,-0.0000,0.0000,0.9981,C,122.5700,6.2500,4039.0000
79308B,MOSAIC CANDLE DISH BLUE PURPLE,122.4000,144,2,1,122.4000,0.0000,-0.0000,-0.0000,0.0000,0.9981,C,122.4000,0.0000,4040.0000
90205C,LARGE CRYSTAL DIAMANTE HAIRSLIDE,122.3100,78,24,5,74.1000,48.2100,-0.0000,-0.0000,0.0000,0.9981,C,122.3100,48.2100,4041.0000
84199,GLOW IN DARK DOLPHINS,121.9200,558,69,58,92.7300,28.1400,2.5200,0.0203,0.0000,0.9981,C,121.9200,28.1400,4042.0000
44242B,PINK FEATHERS CURTAIN,121.5300,109,9,8,71.2500,50.2800,-0.0000,-0.0000,0.0000,0.9981,C,121.5300,50.2800,4043.0000
79532,MOSAIC GLASS BALL CANDLEHOLDER,121.2500,97,18,15,121.2500,0.0000,1.2500,0.0102,0.0000,0.9981,C,121.2500,0.0000,4044.0000
84288B,SET/2 BLUE  NOODLE BASKETS,120.9000,62,24,19,120.9000,0.0000,3.9000,0.0312,0.0000,0.9981,C,120.9000,0.0000,4045.0000
23467,VINTAGE ZINC PLANTER,120.0800,32,11,5,0.0000,74.6800,-0.0000,-0.0000,0.0000,0.9981,C,120.0800,74.6800,4046.0000
35916B,BLUE FELT HANGING HEART WITH FLOWER,119.6700,132,46,5,42.9900,76.6800,-0.0000,-0.0000,0.0000,0.9981,C,119.6700,76.6800,4047.0000
35607A,PINK FLUFFY CHRISTMAS DECORATION,118.8100,556,31,27,110.9900,7.8200,-0.0000,-0.0000,0.0000,0.9981,C,118.8100,7.8200,4048.0000
90018C,SILVER BLACK ORBIT DROP EARRINGS,118.5100,28,20,7,68.1100,50.4000,4.2500,0.0346,0.0000,0.9981,C,118.5100,50.4000,4049.0000
20887,BOX OF 6 PEBBLE CANDLES,118.3900,18,8,4,118.3900,0.0000,-0.0000,-0.0000,0.0000,0.9981,C,118.3900,0.0000,4050.0000
90139,FLOWER BROOCH 4 ASSORTED COLOURS,118.2400,23,18,3,118.2400,0.0000,-0.0000,-0.0000,0.0000,0.9982,C,118.2400,0.0000,4051.0000
20896,VINTAGE NOTEBOOK PINK FLOWER,118.0000,40,14,13,118.0000,0.0000,-0.0000,-0.0000,0.0000,0.9982,C,118.0000,0.0000,4052.0000
84510E,SET OF 4 GREEN CAROUSEL COASTERS,117.7700,148,28,12,69.4800,47.2400,-0.0000,-0.0000,0.0000,0.9982,C,117.7700,47.2400,4053.0000
84751B,BLACK MEDIUM GLASS CAKE STAND,117.4400,40,19,18,78.7500,38.6900,8.2900,0.0659,0.0000,0.9982,C,117.4400,38.6900,4054.0000
35824C,"HANGING FLOWERS+MIRROR,CLEAR",117.0500,235,8,8,117.0500,0.0000,-0.0000,-0.0000,0.0000,0.9982,C,117.0500,0.0000,4055.0000
23151,ZINC SWEETHEART SOAP DISH,116.8200,62,21,18,0.0000,92.1100,-0.0000,-0.0000,0.0000,0.9982,C,116.8200,92.1100,4056.0000
23185,FRENCH STYLE STORAGE JAR JAM,116.5900,323,30,27,0.0000,113.9800,0.2900,0.0025,0.0000,0.9982,C,116.5900,113.9800,4057.0000
72038P,PRICE'S CANDLE PEACH,116.5000,1050,9,9,116.5000,0.0000,10.5000,0.0827,0.0000,0.9982,C,116.5000,0.0000,4058.0000
16206B,RED PURSE WITH PINK HEART,116.4000,96,16,14,107.6500,8.7500,-0.0000,-0.0000,0.0000,0.9982,C,116.4000,8.7500,4059.0000
20848,ZINC HEART LATTICE CHARGER SMALL,115.0500,39,12,10,53.1000,61.9500,-0.0000,-0.0000,0.0000,0.9982,C,115.0500,61.9500,4060.0000
84462,3 PINK HEN+CHICKS IN BASKET,114.8600,100,14,13,99.8600,15.0000,-0.0000,-0.0000,0.0000,0.9982,C,114.8600,15.0000,4061.0000
20698,LITTLE PINK MONSTER SOFT TOY,114.4500,47,21,17,71.1000,43.3500,-0.0000,-0.0000,0.0000,0.9982,C,114.4500,43.3500,4062.0000
90049,IVORY GOLD METAL BAG CHARM,114.2400,20,6,3,79.4700,34.7700,34.6500,0.2327,0.0000,0.9982,C,114.2400,34.7700,4063.0000
90030A,SPOTTED WHITE NATURAL SEED NECKLACE,113.7600,79,10,8,41.7600,72.0000,-0.0000,-0.0000,0.0000,0.9982,C,113.7600,72.0000,4064.0000
84705B,FAIRY CAKES PHOTO FRAME,113.2700,84,3,2,113.2700,0.0000,-0.0000,-0.0000,0.0000,0.9982,C,113.2700,0.0000,4065.0000
84249A,"GREETING CARD,SQUARE, DOUGHNUTS",113.2200,252,34,18,32.7600,79.6300,-0.0000,-0.0000,0.0000,0.9982,C,113.2200,79.6300,4066.0000
90179C,BLACK FINE BEAD NECKLACE W TASSEL,112.7800,19,16,7,77.3400,29.4900,5.9500,0.0501,0.0000,0.9982,C,112.7800,29.4900,4067.0000
21089,SET/6 GREEN SPRING PAPER CUPS,112.5400,323,40,32,63.5500,48.9900,-0.0000,-0.0000,0.0000,0.9983,C,112.5400,48.9900,4068.0000
84921,CREAM AND PINK FLOWERS PONY,112.5000,30,14,13,71.2500,41.2500,-0.0000,-0.0000,0.0000,0.9983,C,112.5000,41.2500,4069.0000
44236,PINK/PURPLE CIRCLE CURTAIN,112.3200,64,12,9,55.8000,56.5200,-0.0000,-0.0000,0.0000,0.9983,C,112.3200,56.5200,4070.0000
71510,SQUARE METAL CANDLEHOLDER BASE,112.0500,177,17,11,75.5300,36.5200,-0.0000,-0.0000,0.0000,0.9983,C,112.0500,36.5200,4071.0000
35916A,YELLOW FELT HANGING HEART W FLOWER,112.0400,129,44,7,44.6500,67.3900,-0.0000,-0.0000,0.0000,0.9983,C,112.0400,67.3900,4072.0000
71495B,CD WALL TIDY RED FLOWERS,111.5700,294,18,8,50.5200,61.0500,-0.0000,-0.0000,0.0000,0.9983,C,111.5700,61.0500,4073.0000
35966,FOLKART CHRISTMAS TREE T-LIGHT HOLD,111.3400,255,26,20,101.0800,10.2600,-0.0000,-0.0000,0.0000,0.9983,C,111.3400,10.2600,4074.0000
10138,ASSORTED COLOUR JUMBO PEN,111.2200,261,21,14,111.2200,0.0000,81.9000,0.4241,0.0000,0.9983,C,111.2200,0.0000,4075.0000
84493,BLUE/PINK NEST STRIPE BOX,111.1200,1142,5,5,111.1200,0.0000,45.3600,0.2899,0.0000,0.9983,C,111.1200,0.0000,4076.0000
90103,PURPLE FRANGIPANI NECKLACE,110.8500,44,30,5,38.1900,70.1800,-0.0000,-0.0000,0.0000,0.9983,C,110.8500,70.1800,4077.0000
82069,BEECH WOOD P/FRAME,109.8500,17,11,2,109.8500,0.0000,-0.0000,-0.0000,0.0000,0.9983,C,109.8500,0.0000,4078.0000
85185F,LION SOCK PUPPET,109.1500,37,19,16,109.1500,0.0000,-0.0000,-0.0000,0.0000,0.9983,C,109.1500,0.0000,4079.0000
84247H,PACK/12 DECOUPAGE CARD,109.1300,42,20,12,109.1300,0.0000,32.4500,0.2292,0.0000,0.9983,C,109.1300,0.0000,4080.0000
90177C,DROP DIAMANTE EARRINGS CRYSTAL,109.0300,37,24,6,32.8000,73.3300,17.7000,0.1397,0.0000,0.9983,C,109.0300,73.3300,4081.0000
90071,RUBY GLASS CLUSTER EARRINGS,108.9900,87,73,2,54.3700,52.1600,-0.0000,-0.0000,0.0000,0.9983,C,108.9900,52.1600,4082.0000
90104,PURPLE FRANGIPANI HAIRCLIP,108.9600,130,49,11,85.8000,23.1600,-0.0000,-0.0000,0.0000,0.9983,C,108.9600,23.1600,4083.0000
20667,CHERRY BLOSSOM PURSE,108.6900,40,24,6,59.0000,49.6900,-0.0000,-0.0000,0.0000,0.9983,C,108.6900,49.6900,4084.0000
72753C,S/3 FLWR FAIRY ROSE CANDLES,107.6800,43,6,5,107.6800,0.0000,-0.0000,-0.0000,0.0000,0.9984,C,107.6800,0.0000,4085.0000
90118,PINK DAISY BAG CHARM,107.3900,42,29,3,32.7500,69.7200,15.3000,0.1247,0.0000,0.9984,C,107.3900,69.7200,4086.0000
35096B,RED VICTORIAN FABRIC HEART BOX,107.3300,295,25,20,107.3300,0.0000,-0.0000,-0.0000,0.0000,0.9984,C,107.3300,0.0000,4087.0000
35840,FLAT GLASS  BAUBLE WHITE FLOCK,107.1300,45,11,5,107.1300,0.0000,0.8500,0.0079,0.0000,0.9984,C,107.1300,0.0000,4088.0000
23626,SET 10 CARDS DINKY TREE 17076,107.0700,43,16,0,0.0000,87.1500,-0.0000,-0.0000,0.0000,0.9984,C,107.0700,87.1500,4089.0000
90059D,DIAMANTE HAIR GRIP PACK/2 PERIDOT,106.7400,64,40,5,65.2900,38.1500,9.9000,0.0849,0.0000,0.9984,C,106.7400,38.1500,4090.0000
84562B,BLUE/WHITE RIBBED MELAMINE JUG,106.5900,10,7,5,106.5900,0.0000,-0.0000,-0.0000,0.0000,0.9984,C,106.5900,0.0000,4091.0000
90165A,PINK ROSEBUD PEARL EARRINGS,106.4900,42,27,2,66.5100,39.9800,-0.0000,-0.0000,0.0000,0.9984,C,106.4900,39.9800,4092.0000
22987,"WRAP , SUMMER ROSE DESIGN",105.8400,252,11,10,63.0000,42.8400,-0.0000,-0.0000,0.0000,0.9984,C,105.8400,42.8400,4093.0000
84867A,PINK BABY GIRLS PHOTO ALBUM,105.8200,16,4,3,105.8200,0.0000,-0.0000,-0.0000,0.0000,0.9984,C,105.8200,0.0000,4094.0000
90051,CRACKED GLAZE NECKLACE RED,105.7200,15,11,4,35.5600,70.1600,-0.0000,-0.0000,0.0000,0.9984,C,105.7200,70.1600,4095.0000
35594,WOODEN CHRISTMAS TREE 3 HANGING,105.5800,171,39,18,105.5800,0.0000,10.0800,0.0872,0.0000,0.9984,C,105.5800,0.0000,4096.0000
35610A,PINK CHRISTMAS FLOCK DROPLET,105.4300,143,12,8,90.4100,15.0200,-0.0000,-0.0000,0.0000,0.9984,C,105.4300,15.0200,4097.0000
84458,S/3 RABBIT FLOWER/EGG/CARROT ROPE,105.4000,124,20,17,105.4000,0.0000,-0.0000,-0.0000,0.0000,0.9984,C,105.4000,0.0000,4098.0000
17090D,VANILLA INCENSE 40 CONES IN TIN,105.2000,88,28,21,68.9500,36.2500,-0.0000,-0.0000,0.0000,0.9984,C,105.2000,36.2500,4099.0000
23574,PACKING CHARGE,105.0000,14,14,9,0.0000,97.5000,15.0000,0.1250,0.0000,0.9984,C,105.0000,97.5000,4100.0000
16169D,WRAP WINTER FOREST,105.0000,250,9,9,105.0000,0.0000,-0.0000,-0.0000,0.0000,0.9984,C,105.0000,0.0000,4100.0000
90141A,GREEN PENDANT TRIPLE SHELL NECKLACE,104.9500,20,17,4,41.8400,63.1100,-0.0000,-0.0000,0.0000,0.9984,C,104.9500,63.1100,4102.0000
90079,VINTAGE ENAMEL & CRYSTAL NECKLACE,104.7700,21,13,5,55.0100,49.7600,-0.0000,-0.0000,0.0000,0.9984,C,104.7700,49.7600,4103.0000
21118,SHOPPING BAG DOORSTOP,104.2500,69,7,7,104.2500,0.0000,-0.0000,-0.0000,0.0000,0.9985,C,104.2500,0.0000,4104.0000
21337,SILVER WASHBAG,103.5300,33,12,7,103.5300,0.0000,-0.0000,-0.0000,0.0000,0.9985,C,103.5300,0.0000,4105.0000
35910A,MULTICOLOUR EASTER RABBIT,103.3500,53,13,12,64.3500,39.0000,-0.0000,-0.0000,0.0000,0.9985,C,103.3500,39.0000,4106.0000
84679,CLASSICAL ROSE TABLE LAMP,103.3000,14,4,4,47.6000,39.9000,5.9500,0.0545,0.0000,0.9985,C,103.3000,39.9000,4107.0000
16248B,BLUE HOLE PUNCH,102.5000,82,12,12,86.2500,16.2500,-0.0000,-0.0000,0.0000,0.9985,C,102.5000,16.2500,4108.0000
84613A,PINK NEW BAROQUE FLOCK CANDLESTICK,102.3000,22,10,9,74.4000,27.9000,4.6500,0.0435,0.0000,0.9985,C,102.3000,27.9000,4109.0000
20697,LITTLE GREEN MONSTER SOFT TOY,101.7000,42,21,17,48.1500,53.5500,-0.0000,-0.0000,0.0000,0.9985,C,101.7000,53.5500,4110.0000
90125C,TURQUOISE BERTIE GLASS BEAD CHARM,101.3500,92,10,5,31.5000,69.8500,-0.0000,-0.0000,0.0000,0.9985,C,101.3500,69.8500,4111.0000
72369A,PINK CLEAR GLASS CANDLE PLATE,101.2900,67,14,8,61.3700,39.9200,-0.0000,-0.0000,0.0000,0.9985,C,101.2900,39.9200,4112.0000
85050,FRENCH ENAMEL SOAP DISH WITH LID,100.8000,48,1,1,100.8000,0.0000,-0.0000,-0.0000,0.0000,0.9985,C,100.8000,0.0000,4113.0000
72821,CUPID SCENTED CANDLE IN GLASS,100.6500,61,14,13,82.5000,18.1500,4.9500,0.0469,0.0000,0.9985,C,100.6500,18.1500,4114.0000
84968d,SET OF 16 VINTAGE RED CUTLERY,100.3700,4,4,0,25.4900,74.8800,-0.0000,-0.0000,0.0000,0.9985,C,100.3700,74.8800,4115.0000
75172,PAINTED SEA SHELL METAL WINDCHIME,100.3100,97,11,11,15.0000,85.3100,-0.0000,-0.0000,0.0000,0.9985,C,100.3100,85.3100,4116.0000
78027,SEAGRASS S/2 CORNER LAUNDRY,100.1500,6,5,3,100.1500,0.0000,-0.0000,-0.0000,0.0000,0.9985,C,100.1500,0.0000,4117.0000
23611,SET 10 CARDS RED RIDING HOOD 17214,99.6000,40,16,0,0.0000,89.6400,-0.0000,-0.0000,0.0000,0.9985,C,99.6000,89.6400,4118.0000
84465,15 PINK FLUFFY CHICKS IN BOX,99.4600,33,23,18,69.9600,29.5000,-0.0000,-0.0000,0.0000,0.9985,C,99.4600,29.5000,4119.0000
23464,VINTAGE ZINC WATERING CAN SMALL,99.2000,18,8,6,0.0000,69.4000,-0.0000,-0.0000,0.0000,0.9985,C,99.2000,69.4000,4120.0000
21266,VINTAGE SILVER TINSEL REEL,98.9000,23,9,0,98.9000,0.0000,-0.0000,-0.0000,0.0000,0.9985,C,98.9000,0.0000,4121.0000
90169,DAISY HAIR COMB,98.8700,39,23,3,51.0300,45.3600,15.3000,0.1340,0.0000,0.9985,C,98.8700,45.3600,4122.0000
84575A,PINK DOG CANNISTER,98.8000,24,13,13,59.5000,39.3000,5.9500,0.0568,0.0000,0.9985,C,98.8000,39.3000,4123.0000
20861,GOLD COSMETIC BAG PINK STAR,98.7000,47,16,15,94.5000,4.2000,-0.0000,-0.0000,0.0000,0.9986,C,98.7000,4.2000,4124.0000
90163B,WHITE ROSEBUD & PEARL NECKLACE,98.4500,13,9,2,45.7300,45.2400,-0.0000,-0.0000,0.0000,0.9986,C,98.4500,45.2400,4125.0000
84705D,CHERRY BLOSSOM PHOTO FRAME,97.9000,22,14,3,97.9000,0.0000,-0.0000,-0.0000,0.0000,0.9986,C,97.9000,0.0000,4126.0000
90150,BLUE SHELL+SILVER NECKLACE,97.5000,13,8,7,97.5000,0.0000,-0.0000,-0.0000,0.0000,0.9986,C,97.5000,0.0000,4127.0000
16161G,WRAP BAD HAIR DAY,97.5000,975,33,31,27.5000,70.0000,-0.0000,-0.0000,0.0000,0.9986,C,97.5000,70.0000,4127.0000
90067A,PINK VINTAGE VICTORIAN EARRINGS,97.2400,33,16,8,56.0900,41.1500,-0.0000,-0.0000,0.0000,0.9986,C,97.2400,41.1500,4129.0000
85132b,CHARLIE AND LOLA TABLE TINS,95.8400,10,10,0,21.2300,74.6100,-0.0000,-0.0000,0.0000,0.9986,C,95.8400,74.6100,4130.0000
35913B,WHITE/PINK CHICK EASTER DECORATION,95.7900,104,21,17,59.4600,36.3300,-0.0000,-0.0000,0.0000,0.9986,C,95.7900,36.3300,4131.0000
17084J,LOVE POTION MASALA INCENSE,95.7600,456,20,17,48.5100,47.2500,-0.0000,-0.0000,0.0000,0.9986,C,95.7600,47.2500,4132.0000
84559a,3D SHEET OF DOG STICKERS,95.7000,57,40,0,47.3200,48.3800,-0.0000,-0.0000,0.0000,0.9986,C,95.7000,48.3800,4133.0000
84539,KNITTED RABBIT DOLL,95.7000,58,11,9,52.8000,42.9000,-0.0000,-0.0000,0.0000,0.9986,C,95.7000,42.9000,4133.0000
84891B,GREEN WIRE GOBLET CANDLEHOLDER,95.4000,12,6,5,95.4000,0.0000,-0.0000,-0.0000,0.0000,0.9986,C,95.4000,0.0000,4135.0000
90214R,"LETTER ""R"" BLING KEY RING",94.9800,92,50,15,66.9700,24.2400,-0.0000,-0.0000,0.0000,0.9986,C,94.9800,24.2400,4136.0000
72606A,BROWN ANTIQUE CUBE CANDLE,94.9200,226,18,18,94.9200,0.0000,-0.0000,-0.0000,0.0000,0.9986,C,94.9200,0.0000,4137.0000
90089,PINK CRYSTAL SKULL PHONE CHARM,94.1800,116,26,11,77.9600,11.4700,-0.0000,-0.0000,0.0000,0.9986,C,94.1800,11.4700,4138.0000
90024C,NEW BAROQUE B'FLY NECKLACE GREEN,93.4800,11,10,5,59.6700,33.8100,-0.0000,-0.0000,0.0000,0.9986,C,93.4800,33.8100,4139.0000
90026A,GLASS BEAD HOOP NECKLACE BLACK,93.4700,11,9,6,76.4700,17.0000,-0.0000,-0.0000,0.0000,0.9986,C,93.4700,17.0000,4140.0000
90214G,"LETTER ""G"" BLING KEY RING",93.1800,100,48,13,52.9800,32.9500,8.7500,0.0858,0.0000,0.9986,C,93.1800,32.9500,4141.0000
17084A,TRANQUILITY MASALA INCENSE,92.8200,442,18,14,50.8200,42.0000,-0.0000,-0.0000,0.0000,0.9986,C,92.8200,42.0000,4142.0000
84388,WISE MAN STAR SHAPE EGG PAN,92.3400,72,22,21,79.2000,13.1400,3.3000,0.0345,0.0000,0.9986,C,92.3400,13.1400,4143.0000
90075,MONTANA DIAMOND CLUSTER NECKLACE,92.1800,10,8,3,54.5200,37.6600,-0.0000,-0.0000,0.0000,0.9987,C,92.1800,37.6600,4144.0000
84753A,PINK EAU DE COLOGNE BOTTLE,92.1700,97,24,14,92.1700,0.0000,-0.0000,-0.0000,0.0000,0.9987,C,92.1700,0.0000,4145.0000
21343,GOLD JEWELERY BOX,92.0000,20,3,3,92.0000,0.0000,33.9000,0.2693,0.0000,0.9987,C,92.0000,0.0000,4146.0000
90202C,GREEN ENAMEL FLOWER HAIR TIE,91.4600,31,25,4,32.7500,52.9100,17.7000,0.1621,0.0000,0.9987,C,91.4600,52.9100,4147.0000
90177B,DROP DIAMANTE EARRINGS BLACK DIAMON,91.3800,31,19,5,50.3700,32.3100,-0.0000,-0.0000,0.0000,0.9987,C,91.3800,32.3100,4148.0000
90112,PINK DOLLY HAIR CLIPS,91.2500,84,20,13,89.1500,2.1000,-0.0000,-0.0000,0.0000,0.9987,C,91.2500,2.1000,4149.0000
20660,VIP LUGGAGE TAG,91.2500,73,26,22,91.2500,0.0000,-0.0000,-0.0000,0.0000,0.9987,C,91.2500,0.0000,4149.0000
84437A,S/6 PINK EASTER DECS IN BOX,90.9500,106,18,17,90.9500,0.0000,-0.0000,-0.0000,0.0000,0.9987,C,90.9500,0.0000,4151.0000
90202A,PURPLE ENAMEL FLOWER HAIR TIE,90.9000,31,23,3,26.6200,58.4800,17.7000,0.1630,0.0000,0.9987,C,90.9000,58.4800,4152.0000
90214D,"LETTER ""D"" BLING KEY RING",90.8200,100,50,11,40.9200,42.9400,-0.0000,-0.0000,0.0000,0.9987,C,90.8200,42.9400,4153.0000
79026B,"S/4 ICON COASTER,ELVIS LIVES",90.5000,70,37,17,79.8900,10.6100,-0.0000,-0.0000,0.0000,0.9987,C,90.5000,10.6100,4154.0000
72783,BLACK SIL'T SQU CANDLE PLATE,90.3000,43,9,7,56.7000,25.2000,-0.0000,-0.0000,0.0000,0.9987,C,90.3000,25.2000,4155.0000
71406C,BLACK ORANGE SQUEEZER,89.9200,210,35,21,31.9600,57.9600,-0.0000,-0.0000,0.0000,0.9987,C,89.9200,57.9600,4156.0000
17013C,ORIGAMI LAVENDER INCENSE IN TUBE,89.4600,213,2,2,89.4600,0.0000,40.3200,0.3107,0.0000,0.9987,C,89.4600,0.0000,4157.0000
47598,NEW ENGLAND EGG WARMER,89.1200,138,32,17,89.1200,0.0000,-0.0000,-0.0000,0.0000,0.9987,C,89.1200,0.0000,4158.0000
90162A,ANT SILVER TURQUOISE BOUDICCA RING,88.5000,30,11,8,70.8000,17.7000,-0.0000,-0.0000,0.0000,0.9987,C,88.5000,17.7000,4159.0000
90059E,DIAMANTE HAIR GRIP PACK/2 RUBY,88.3100,53,33,5,46.9400,36.4200,9.9000,0.1008,0.0000,0.9987,C,88.3100,36.4200,4160.0000
35638A,PINK AND BLACK STRING CURTAIN,88.0500,39,6,6,5.9500,82.1000,-0.0000,-0.0000,0.0000,0.9987,C,88.0500,82.1000,4161.0000
71495A,CD WALL TIDY BLUE OFFICE,87.9600,225,20,5,47.5800,40.3800,0.4200,0.0048,0.0000,0.9987,C,87.9600,40.3800,4162.0000
84721,MANHATTAN CANVAS ART PICTURE,87.8000,20,2,2,87.8000,0.0000,-0.0000,-0.0000,0.0000,0.9987,C,87.8000,0.0000,4163.0000
90092,BLUE CRYSTAL BOOT PHONE CHARM,87.5100,102,10,6,85.8500,1.6600,22.9500,0.2078,0.0000,0.9987,C,87.5100,1.6600,4164.0000
23442,12 HANGING EGGS HAND PAINTED,87.3600,42,7,7,0.0000,66.5600,-0.0000,-0.0000,0.0000,0.9987,C,87.3600,66.5600,4165.0000
37462B,"PET MUG, BUDGIE",87.2800,170,32,4,87.2800,0.0000,0.4200,0.0048,0.0000,0.9988,C,87.2800,0.0000,4166.0000
20835,FRENCH LATTICE CUSHION COVER,87.0200,80,10,8,21.2200,65.8000,-0.0000,-0.0000,0.0000,0.9988,C,87.0200,65.8000,4167.0000
35822B,"ACRYLIC BEAD CHAIN, BLUE",87.0200,229,1,1,87.0200,0.0000,-0.0000,-0.0000,0.0000,0.9988,C,87.0200,0.0000,4167.0000
35265,COLOURFUL FLOWER FRUIT BOWL,86.9500,22,16,14,34.7500,52.2000,-0.0000,-0.0000,0.0000,0.9988,C,86.9500,52.2000,4169.0000
90088,CRYSTAL KEY+LOCK PHONE CHARM,86.7000,101,14,8,86.7000,0.0000,21.2500,0.1969,0.0000,0.9988,C,86.7000,0.0000,4170.0000
90039C,FIRE POLISHED GLASS BRACELET BLACK,86.6500,23,12,3,64.1700,18.7500,-0.0000,-0.0000,0.0000,0.9988,C,86.6500,18.7500,4171.0000
23614,SET 10 CARDS 12 DAYS WRAP  17058,86.5800,26,11,0,0.0000,59.9400,-0.0000,-0.0000,0.0000,0.9988,C,86.5800,59.9400,4172.0000
84424A,FOUR PICTURE WHITE GLASS FRAME,86.2500,23,10,10,86.2500,0.0000,-0.0000,-0.0000,0.0000,0.9988,C,86.2500,0.0000,4173.0000
35271S,GOLD PRINT PAPER BAG,85.9700,420,20,17,82.3600,3.6100,-0.0000,-0.0000,0.0000,0.9988,C,85.9700,3.6100,4174.0000
90012B,BLACK DROP CRYSTAL NECKLACE,85.9000,17,6,3,40.5500,45.3500,-0.0000,-0.0000,0.0000,0.9988,C,85.9000,45.3500,4175.0000
90162D,ANT SILVER PURPLE BOUDICCA RING,85.5500,29,14,7,56.0500,29.5000,-0.0000,-0.0000,0.0000,0.9988,C,85.5500,29.5000,4176.0000
84454,WOBBLING METAL CHICKEN EASTER,85.5300,93,18,11,85.5300,0.0000,-0.0000,-0.0000,0.0000,0.9988,C,85.5300,0.0000,4177.0000
85099c,JUMBO  BAG BAROQUE BLACK WHITE,85.1700,17,10,0,85.1700,0.0000,-0.0000,-0.0000,0.0000,0.9988,C,85.1700,0.0000,4178.0000
90026D,GLASS BEAD HOOP NECKLACE AMETHYST,85.0000,10,8,6,59.5000,25.5000,-0.0000,-0.0000,0.0000,0.9988,C,85.0000,25.5000,4179.0000
35838B,S/6 SILVER ORNAMENETAL CANDLE,85.0000,100,23,21,85.0000,0.0000,-0.0000,-0.0000,0.0000,0.9988,C,85.0000,0.0000,4179.0000
90001D,ANTIQUE OLIVE GREEN FLOWER EARRINGS,84.9600,20,11,7,55.2300,29.7300,-0.0000,-0.0000,0.0000,0.9988,C,84.9600,29.7300,4181.0000
84251B,"GREETING CARD, STICKY GORDON",84.8400,319,61,19,14.0600,70.7800,2.2800,0.0262,0.0000,0.9988,C,84.8400,70.7800,4182.0000
17027A,INCENSE BAZAAR CANNABIS,84.8400,228,2,1,84.8400,0.0000,-0.0000,-0.0000,0.0000,0.9988,C,84.8400,0.0000,4182.0000
46775B,BERRIES CHUNKY KNITTED THROW,84.7500,5,4,3,84.7500,0.0000,-0.0000,-0.0000,0.0000,0.9988,C,84.7500,0.0000,4184.0000
16051,TEATIME PENCIL W STAMP ASST,84.6900,941,4,3,84.6900,0.0000,-0.0000,-0.0000,0.0000,0.9988,C,84.6900,0.0000,4185.0000
81952B,ROUND BLUE CLOCK W/SUCKER,84.5600,254,20,14,46.5600,38.0000,-0.0000,-0.0000,0.0000,0.9988,C,84.5600,38.0000,4186.0000
84450B,PINK/YELLOW RABBIT SAT EASTER,84.5500,139,35,7,84.5500,0.0000,-0.0000,-0.0000,0.0000,0.9988,C,84.5500,0.0000,4187.0000
84251F,"GREETING CARD, RITA",83.9700,341,50,26,83.9700,0.0000,-0.0000,-0.0000,0.0000,0.9988,C,83.9700,0.0000,4188.0000
90141C,TURQ PENDANT TRIPLE SHELL NECKLACE,83.6900,16,13,4,31.3800,52.3100,-0.0000,-0.0000,0.0000,0.9989,C,83.6900,52.3100,4189.0000
22016,Dotcomgiftshop Gift Voucher £100.00,83.3300,1,1,0,0.0000,83.3300,-0.0000,-0.0000,0.0000,0.9989,C,83.3300,83.3300,4190.0000
72779,SET/6 BLACK ROSE T-LIGHT CANDLES,82.8100,49,15,14,82.8100,0.0000,-0.0000,-0.0000,0.0000,0.9989,C,82.8100,0.0000,4191.0000
90176D,DIAMANTE NECKLACE PURPLE,82.8100,11,7,6,30.3100,52.5000,7.5000,0.0830,0.0000,0.9989,C,82.8100,52.5000,4191.0000
84030C,KNITTED RAINBOW HOT WATER BOTTLE,82.7800,21,6,4,82.7800,0.0000,30.0000,0.2660,0.0000,0.9989,C,82.7800,0.0000,4193.0000
90002B,FLOWER BURST SILVER RING ROSE,82.7400,22,11,7,82.7400,0.0000,-0.0000,-0.0000,0.0000,0.9989,C,82.7400,0.0000,4194.0000
90177E,DROP DIAMANTE EARRINGS GREEN,82.7100,28,22,3,41.6300,41.0800,17.7000,0.1763,0.0000,0.9989,C,82.7100,41.0800,4195.0000
90189A,SILVER 2 STRAND NECKLACE-LEAF CHARM,82.6400,11,8,5,67.6400,15.0000,-0.0000,-0.0000,0.0000,0.9989,C,82.6400,15.0000,4196.0000
90130A,WHITE STONE/CRYSTAL EARRINGS,82.5100,28,16,6,65.0100,17.5000,-0.0000,-0.0000,0.0000,0.9989,C,82.5100,17.5000,4197.0000
90069,RUBY GLASS CLUSTER NECKLACE,82.5000,11,5,5,67.5000,15.0000,-0.0000,-0.0000,0.0000,0.9989,C,82.5000,15.0000,4198.0000
21699,SET 5 MINI CHOCOLATE FRIDGE MAGNETS,82.4400,108,3,2,82.4400,0.0000,-0.0000,-0.0000,0.0000,0.9989,C,82.4400,0.0000,4199.0000
90183B,AMETHYST DROP EARRINGS W LONG BEADS,81.9300,28,24,0,20.8500,55.2800,-0.0000,-0.0000,0.0000,0.9989,C,81.9300,55.2800,4200.0000
35610C,WHITE CHRISTMAS FLOCK DROPLET,81.5600,94,8,6,49.0500,32.5100,-0.0000,-0.0000,0.0000,0.9989,C,81.5600,32.5100,4201.0000
16201B,PASTEL BLUE PHOTO ALBUM,81.1000,34,5,2,81.1000,0.0000,-0.0000,-0.0000,0.0000,0.9989,C,81.1000,0.0000,4202.0000
90121B,VINTAGE ROSE BEAD BRACELET BLUE,80.7500,19,9,8,80.7500,0.0000,12.7500,0.1364,0.0000,0.9989,C,80.7500,0.0000,4203.0000
84596I,WRAP SWEETS LIGHT PINK SMALL BOWL,80.6200,72,10,9,80.6200,0.0000,-0.0000,-0.0000,0.0000,0.9989,C,80.6200,0.0000,4204.0000
17011E,ORIGAMI OPIUM SCENT INCENSE+FLOWER,80.6000,124,1,1,80.6000,0.0000,-0.0000,-0.0000,0.0000,0.9989,C,80.6000,0.0000,4205.0000
DCGS0069,OOH LA LA DOGS COLLAR,80.3100,5,5,0,64.5200,15.7900,-0.0000,-0.0000,0.0000,0.9989,C,80.3100,15.7900,4206.0000
84415B,BLUE FLOCK CUSHION COVER,80.0000,24,7,3,60.0000,20.0000,-0.0000,-0.0000,0.0000,0.9989,C,80.0000,20.0000,4207.0000
90059F,DIAMANTE HAIR GRIP PACK/2 LT ROSE,79.8700,48,27,5,45.1800,31.3900,9.9000,0.1103,0.0000,0.9989,C,79.8700,31.3900,4208.0000
90206A,GOLD DIAMANTE STAR BROOCH,79.6000,16,12,5,19.8000,54.8200,-0.0000,-0.0000,0.0000,0.9989,C,79.6000,54.8200,4209.0000
90125B,AQUA BERTIE GLASS BEAD BAG CHARM,79.5700,44,17,6,31.5100,35.4600,-0.0000,-0.0000,0.0000,0.9989,C,79.5700,35.4600,4210.0000
84795E,RIO PINK STRIPE HAMMOCK,79.5000,10,5,3,79.5000,0.0000,-0.0000,-0.0000,0.0000,0.9989,C,79.5000,0.0000,4211.0000
84548,CROCHET BEAR RED/BLUE  KEYRING,79.2000,48,13,11,42.9000,36.3000,-0.0000,-0.0000,0.0000,0.9989,C,79.2000,36.3000,4212.0000
90038B,GLASS AND PAINTED BEADS BRACELET OL,79.1900,21,13,2,30.4200,45.0400,-0.0000,-0.0000,0.0000,0.9990,C,79.1900,45.0400,4213.0000
90064A,WHITE VINTAGE CRYSTAL EARRINGS,79.1400,20,12,4,40.4400,38.7000,-0.0000,-0.0000,0.0000,0.9990,C,79.1400,38.7000,4214.0000
90039B,FIRE POLISHED GLASS BRACELET MONTAN,78.9900,21,11,3,37.6800,41.3100,-0.0000,-0.0000,0.0000,0.9990,C,78.9900,41.3100,4215.0000
84251C,"GREETING CARD, TWO SISTERS.",78.9600,259,53,13,25.0800,53.8800,-0.0000,-0.0000,0.0000,0.9990,C,78.9600,53.8800,4216.0000
84455,SET OF 3 RABBIT CARROTS EASTER,78.8100,86,20,15,78.8100,0.0000,-0.0000,-0.0000,0.0000,0.9990,C,78.8100,0.0000,4217.0000
90064B,BLACK VINTAGE  CRYSTAL EARRINGS,78.7500,21,12,8,33.7500,45.0000,3.7500,0.0455,0.0000,0.9990,C,78.7500,45.0000,4218.0000
35931,PINK STAR CHRISTMAS DECORATION,78.1200,156,15,14,78.1200,0.0000,-0.0000,-0.0000,0.0000,0.9990,C,78.1200,0.0000,4219.0000
90214H,"LETTER ""H"" BLING KEY RING",77.7100,83,53,14,40.9500,32.9900,-0.0000,-0.0000,0.0000,0.9990,C,77.7100,32.9900,4220.0000
90214N,"LETTER ""N"" BLING KEY RING",77.6500,79,43,11,48.4200,23.8000,-0.0000,-0.0000,0.0000,0.9990,C,77.6500,23.8000,4221.0000
21450,DISTRESSED CANDLE STICK WHITE,77.3500,13,3,3,77.3500,0.0000,59.5000,0.4348,0.0000,0.9990,C,77.3500,0.0000,4222.0000
90176C,DIAMANTE NECKLACE,77.0000,10,6,4,53.6800,23.3200,15.0000,0.1630,0.0000,0.9990,C,77.0000,23.3200,4223.0000
21595,Dad's Cab Electronic Meter,76.9500,9,9,0,60.0100,16.9400,-0.0000,-0.0000,0.0000,0.9990,C,76.9500,16.9400,4224.0000
84593,CROCHET ROSE DES CLOTHES HANGER,76.7000,26,7,7,61.9500,14.7500,-0.0000,-0.0000,0.0000,0.9990,C,76.7000,14.7500,4225.0000
84425A,WHITE GLASS TV TRIPLE FRAME,76.6000,18,9,8,76.6000,0.0000,-0.0000,-0.0000,0.0000,0.9990,C,76.6000,0.0000,4226.0000
90100,NECKLACE+BRACELET SET PINK DAISY,76.5000,30,12,7,73.9500,2.5500,-0.0000,-0.0000,0.0000,0.9990,C,76.5000,2.5500,4227.0000
90020,FILIGREE DIAMANTE CHAIN,76.2300,6,4,2,63.7500,12.4800,-0.0000,-0.0000,0.0000,0.9990,C,76.2300,12.4800,4228.0000
35815P,"ACRYLIC JEWEL SNOWFLAKE, PINK",75.8800,168,7,7,12.6000,63.2800,-0.0000,-0.0000,0.0000,0.9990,C,75.8800,63.2800,4229.0000
90176A,CLASSIC DIAMANTE NECKLACE JET,75.8800,10,7,3,53.4000,22.4800,7.5000,0.0899,0.0000,0.9990,C,75.8800,22.4800,4230.0000
84746,PINK EASTER HENS+FLOWER,75.8100,24,16,6,37.5000,38.3100,-0.0000,-0.0000,0.0000,0.9990,C,75.8100,38.3100,4231.0000
20879,TREE OF NOAH FESTIVE SCENTED CANDLE,75.6000,69,11,8,75.6000,0.0000,201.6000,0.7273,0.0000,0.9990,C,75.6000,0.0000,4232.0000
62043B,BLUE CHECK BAG W HANDLE 34X20CM,75.1600,54,10,8,61.0500,14.1100,0.8300,0.0109,0.0000,0.9990,C,75.1600,14.1100,4233.0000
37399,"ASS RETROSPOOF MUGS,SPORTS",75.0000,143,6,6,75.0000,0.0000,-0.0000,-0.0000,0.0000,0.9990,C,75.0000,0.0000,4234.0000
16161E,WRAP BOUDOIR,75.0000,750,9,8,75.0000,0.0000,-0.0000,-0.0000,0.0000,0.9990,C,75.0000,0.0000,4234.0000
72802a,ROSE SCENT CANDLE IN JEWELLED BOX,74.9700,9,4,0,16.9400,58.0300,-0.0000,-0.0000,0.0000,0.9990,C,74.9700,58.0300,4236.0000
72807a,SET/3 ROSE CANDLE IN JEWELLED BOX,74.7900,9,6,0,8.4700,66.3200,-0.0000,-0.0000,0.0000,0.9990,C,74.7900,66.3200,4237.0000
84757,ENCHANTED GARDEN WROUGHT IRON TABLE,74.7500,5,4,4,74.7500,0.0000,-0.0000,-0.0000,0.0000,0.9990,C,74.7500,0.0000,4238.0000
21267,VINTAGE PINK TINSEL REEL,74.6000,24,10,3,74.6000,0.0000,-0.0000,-0.0000,0.0000,0.9991,C,74.6000,0.0000,4239.0000
90012A,MIDNIGHT BLUE DROP CRYSTAL NECKLACE,74.3800,13,7,2,20.6200,53.7600,-0.0000,-0.0000,0.0000,0.9991,C,74.3800,53.7600,4240.0000
37509,NEW ENGLAND MUG W GIFT BOX,73.9500,29,14,14,68.8500,5.1000,2.5500,0.0333,0.0000,0.9991,C,73.9500,5.1000,4241.0000
84899E,YELLOW + BROWN BEAR FELT PURSE KIT,73.9300,53,21,11,73.9300,0.0000,1.2500,0.0166,0.0000,0.9991,C,73.9300,0.0000,4242.0000
15030,FAN BLACK FRAME,73.6600,254,26,23,32.1900,40.8900,-0.0000,-0.0000,0.0000,0.9991,C,73.6600,40.8900,4243.0000
90130C,GREEN STONE/CRYSTAL EARRINGS,73.6200,25,24,2,32.6700,38.0500,-0.0000,-0.0000,0.0000,0.9991,C,73.6200,38.0500,4244.0000
79331,PINK FLOCK GLASS CANDLEHOLDER,73.6000,60,9,8,56.1000,17.5000,-0.0000,-0.0000,0.0000,0.9991,C,73.6000,17.5000,4245.0000
84447,6 RABBIT CHAIN EASTER,73.2700,70,19,7,73.2700,0.0000,-0.0000,-0.0000,0.0000,0.9991,C,73.2700,0.0000,4246.0000
16151A,FLOWERS HANDBAG blue and orange,72.5000,52,5,5,11.2500,61.2500,-0.0000,-0.0000,0.0000,0.9991,C,72.5000,61.2500,4247.0000
90214B,"LETTER ""B"" BLING KEY RING",72.3300,75,40,13,47.5600,21.2900,-0.0000,-0.0000,0.0000,0.9991,C,72.3300,21.2900,4248.0000
84427B,BLACK GLASS TV DOUBLE P/FRAME 15X10,72.2500,17,5,5,72.2500,0.0000,-0.0000,-0.0000,0.0000,0.9991,C,72.2500,0.0000,4249.0000
90027D,GLASS BEAD HOOP EARRINGS AMETHYST,72.1800,23,16,6,43.7800,21.7600,-0.0000,-0.0000,0.0000,0.9991,C,72.1800,21.7600,4250.0000
90031,BILI NUT AND WOOD NECKLACE,71.9000,52,9,5,12.0100,59.8900,-0.0000,-0.0000,0.0000,0.9991,C,71.9000,59.8900,4251.0000
90038C,GLASS AND BEADS BRACELET IVORY,71.4600,19,9,3,37.7700,33.6900,-0.0000,-0.0000,0.0000,0.9991,C,71.4600,33.6900,4252.0000
35937,CERISE+GOLD CHRISTMAS STOCKING DEC,71.4400,188,17,16,71.4400,0.0000,-0.0000,-0.0000,0.0000,0.9991,C,71.4400,0.0000,4253.0000
90060D,FIRE POLISHED GLASS NECKL BRONZE,71.4000,12,8,6,53.5500,17.8500,-0.0000,-0.0000,0.0000,0.9991,C,71.4000,17.8500,4254.0000
17007B,S/3 POT POURI CUSHIONS BLUE COLOURS,71.4000,34,6,6,21.0000,50.4000,-0.0000,-0.0000,0.0000,0.9991,C,71.4000,50.4000,4254.0000
84925C,FAIRY CAKES  WALL THERMOMETER,71.4000,28,10,10,71.4000,0.0000,-0.0000,-0.0000,0.0000,0.9991,C,71.4000,0.0000,4256.0000
84415A,PINK FLOCK SUEDE CUSHION COVER,71.2500,27,6,3,56.2500,15.0000,-0.0000,-0.0000,0.0000,0.9991,C,71.2500,15.0000,4257.0000
90037B,TINY CRYSTAL BRACELET GREEN,71.1700,28,10,5,45.8900,22.8000,-0.0000,-0.0000,0.0000,0.9991,C,71.1700,22.8000,4258.0000
90179A,AMBER FINE BEAD NECKLACE W TASSEL,71.0000,12,9,5,35.6900,29.4900,-0.0000,-0.0000,0.0000,0.9991,C,71.0000,29.4900,4259.0000
84803B,WHITE ALLIUM  ARTIFICIAL FLOWER,70.9800,42,11,10,42.2500,28.7300,15.2100,0.1765,0.0000,0.9991,C,70.9800,28.7300,4260.0000
16256C,HEARTS PENCIL/RUBBER+5 MINI PENCILS,70.9800,169,10,8,70.9800,0.0000,5.8800,0.0765,0.0000,0.9991,C,70.9800,0.0000,4260.0000
84086B,YELLOW/BLUE RETRO RADIO,70.8000,24,12,7,23.6000,44.2500,2.9500,0.0400,0.0000,0.9991,C,70.8000,44.2500,4262.0000
90187B,GREEN DROP EARRINGS W BEAD CLUSTER,70.6000,21,15,2,30.5700,30.0700,-0.0000,-0.0000,0.0000,0.9991,C,70.6000,30.0700,4263.0000
20958,PORCELAIN HANGING BELL LARGE,70.5000,38,10,9,70.5000,0.0000,-0.0000,-0.0000,0.0000,0.9991,C,70.5000,0.0000,4264.0000
90202B,WHITE ENAMEL FLOWER HAIR TIE,70.4900,24,16,3,20.8400,46.7500,17.7000,0.2007,0.0000,0.9991,C,70.4900,46.7500,4265.0000
90050,CRACKED GLAZE NECKLACE IVORY,70.1600,10,6,2,14.4400,55.7200,13.9000,0.1654,0.0000,0.9991,C,70.1600,55.7200,4266.0000
47420,ASSORTED COLOUR SUCTION CUP HOOK,70.1100,369,31,23,31.7300,38.0000,-0.0000,-0.0000,0.0000,0.9992,C,70.1100,38.0000,4267.0000
84705A,ENGLISH ROSE PHOTO FRAME,69.7500,15,7,5,69.7500,0.0000,-0.0000,-0.0000,0.0000,0.9992,C,69.7500,0.0000,4268.0000
90131,PINK/AMETHYST/GOLD NECKLACE,69.6200,10,5,4,34.7500,34.8700,-0.0000,-0.0000,0.0000,0.9992,C,69.6200,34.8700,4269.0000
72140F,HAPPY ANNIVERSARY CANDLE LETTERS,69.1800,175,14,14,69.1800,0.0000,-0.0000,-0.0000,0.0000,0.9992,C,69.1800,0.0000,4270.0000
90037C,TINY CRYSTAL BRACELET BLUE,68.6300,27,13,4,56.1100,10.0400,-0.0000,-0.0000,0.0000,0.9992,C,68.6300,10.0400,4271.0000
90059C,DIAMANTE HAIR GRIP PACK/2 MONTANA,68.1800,41,23,6,43.3900,23.1400,9.9000,0.1268,0.0000,0.9992,C,68.1800,23.1400,4272.0000
71215,METAL BASE FOR CANDLES,68.1000,177,12,10,63.4800,4.6200,-0.0000,-0.0000,0.0000,0.9992,C,68.1000,4.6200,4273.0000
84857A,SILVER MONTE CARLO HANDBAG,68.0000,8,3,2,68.0000,0.0000,-0.0000,-0.0000,0.0000,0.9992,C,68.0000,0.0000,4274.0000
DCGS0004,HAYNES CAMPER SHOULDER BAG,67.9400,4,4,0,51.3100,16.6300,-0.0000,-0.0000,0.0000,0.9992,C,67.9400,16.6300,4275.0000
90140,PINK SWEETIE NECKLACE,67.9000,9,7,2,52.7800,15.1200,-0.0000,-0.0000,0.0000,0.9992,C,67.9000,15.1200,4276.0000
90026B,GLASS BEAD HOOP NECKLACE MONTANA,67.8200,8,7,4,42.5000,25.3200,-0.0000,-0.0000,0.0000,0.9992,C,67.8200,25.3200,4277.0000
90026C,GLASS BEAD HOOP NECKLACE GREEN,67.8200,8,6,5,34.0000,33.8200,-0.0000,-0.0000,0.0000,0.9992,C,67.8200,33.8200,4277.0000
84596e,SMALL LICORICE DES PINK BOWL,67.7700,27,17,0,42.6700,25.1000,-0.0000,-0.0000,0.0000,0.9992,C,67.7700,25.1000,4279.0000
90002E,FLOWER BURST SILVER RING GREEN,67.7700,18,11,7,67.7700,0.0000,11.2500,0.1424,0.0000,0.9992,C,67.7700,0.0000,4279.0000
84864A,PINK PAISLEY PHOTO ALBUM,67.7100,7,4,3,67.7100,0.0000,-0.0000,-0.0000,0.0000,0.9992,C,67.7100,0.0000,4281.0000
90078,PINK/WHITE GLASS DEMI CHOKER,67.6400,9,5,4,52.6400,15.0000,-0.0000,-0.0000,0.0000,0.9992,C,67.6400,15.0000,4282.0000
90024F,NEW BAROQUE B'FLY NECKLACE CRYSTAL,67.6100,8,6,2,25.4800,42.1300,-0.0000,-0.0000,0.0000,0.9992,C,67.6100,42.1300,4283.0000
84926B,SCOTTS ROSES TILE COASTER,67.5000,54,10,8,67.5000,0.0000,-0.0000,-0.0000,0.0000,0.9992,C,67.5000,0.0000,4284.0000
47341B,BLUE TABLE RUN FLOWER,67.5000,48,14,13,11.2500,56.2500,-0.0000,-0.0000,0.0000,0.9992,C,67.5000,56.2500,4284.0000
47504J,ENGLISH ROSE SET/3 GARDEN TOOLS,67.2500,5,4,2,67.2500,0.0000,31.8000,0.3210,0.0000,0.9992,C,67.2500,0.0000,4286.0000
90214P,"LETTER ""P"" BLING KEY RING",66.5900,77,33,13,46.3600,12.9800,7.5000,0.1012,0.0000,0.9992,C,66.5900,12.9800,4287.0000
35819P,"ACRYLIC HANGING JEWEL,PINK",66.5500,95,7,7,0.0000,66.5500,-0.0000,-0.0000,0.0000,0.9992,C,66.5500,66.5500,4288.0000
90037A,TINY CRYSTAL BRACELET RED,66.3100,26,12,4,63.8300,2.4800,-0.0000,-0.0000,0.0000,0.9992,C,66.3100,2.4800,4289.0000
40002,WHITE BAMBOO RIBS LAMPSHADE,66.3000,78,1,1,66.3000,0.0000,5.1000,0.0714,0.0000,0.9992,C,66.3000,0.0000,4290.0000
85072,OCCASIONS GIFT CARD ASSORTMENT,66.0000,120,1,1,66.0000,0.0000,-0.0000,-0.0000,0.0000,0.9992,C,66.0000,0.0000,4291.0000
17136A,BLUE STONES ON WIRE FOR CANDLE,65.9400,795,34,28,32.1900,33.7500,-0.0000,-0.0000,0.0000,0.9992,C,65.9400,33.7500,4292.0000
79329,PINK FLOCK GLASS CANDLEHOLDER,65.9400,100,7,7,53.7600,12.1800,-0.0000,-0.0000,0.0000,0.9992,C,65.9400,12.1800,4292.0000
84340,LARGE FIBRE OPTIC CHRISTMAS TREE,65.7600,21,11,5,65.7600,0.0000,-0.0000,-0.0000,0.0000,0.9992,C,65.7600,0.0000,4294.0000
79406,FROSTED WHITE BASE,65.6200,259,21,14,31.5000,31.6300,-0.0000,-0.0000,0.0000,0.9992,C,65.6200,31.6300,4295.0000
90179B,PURPLE FINE BEAD NECKLACE W TASSEL,65.3100,11,9,5,47.7200,5.8200,-0.0000,-0.0000,0.0000,0.9993,C,65.3100,5.8200,4296.0000
47016,LIGHT DECORATION BATTERY OPERATED,65.1000,31,5,4,60.9000,4.2000,-0.0000,-0.0000,0.0000,0.9993,C,65.1000,4.2000,4297.0000
90141B,IVORY PENDANT TRIPLE SHELL NECKLACE,64.9400,13,9,2,20.0800,39.8800,-0.0000,-0.0000,0.0000,0.9993,C,64.9400,39.8800,4298.0000
90046,WHITE WITH METAL BAG CHARM,64.3500,13,7,6,49.5000,14.8500,9.9000,0.1333,0.0000,0.9993,C,64.3500,14.8500,4299.0000
84551,CROCHET DOG KEYRING,64.3500,39,8,6,42.9000,21.4500,-0.0000,-0.0000,0.0000,0.9993,C,64.3500,21.4500,4300.0000
90074,BLACK DIAMOND CLUSTER NECKLACE,64.0900,7,6,4,26.8500,37.2400,-0.0000,-0.0000,0.0000,0.9993,C,64.0900,37.2400,4301.0000
79534,MULTICOLOUR GLASS PLATE,63.8000,116,16,14,63.8000,0.0000,-0.0000,-0.0000,0.0000,0.9993,C,63.8000,0.0000,4302.0000
85018B,S/6 PAPER BOXES BLOSSOM IMAGES,63.7500,15,10,10,63.7500,0.0000,-0.0000,-0.0000,0.0000,0.9993,C,63.7500,0.0000,4303.0000
85018A,S/6 PAPER BOXES ROMANTIC IMAGES,63.7500,15,10,10,63.7500,0.0000,-0.0000,-0.0000,0.0000,0.9993,C,63.7500,0.0000,4303.0000
35973,GERANIUM FOLKART HEART DECORATION,63.7500,51,13,11,63.7500,0.0000,-0.0000,-0.0000,0.0000,0.9993,C,63.7500,0.0000,4303.0000
20791,BLUE TILED SET OF 3 DRAWERS,63.7500,5,1,1,63.7500,0.0000,63.7500,0.5000,0.0000,0.9993,C,63.7500,0.0000,4303.0000
84582,PINK CROCHET CAT WITH SCARF,63.7500,15,11,9,63.7500,0.0000,-0.0000,-0.0000,0.0000,0.9993,C,63.7500,0.0000,4303.0000
20905,VINTAGE KEEPSAKE BOX BEAUTY GIRL,63.5000,10,4,3,63.5000,0.0000,-0.0000,-0.0000,0.0000,0.9993,C,63.5000,0.0000,4308.0000
90205A,LARGE MINT DIAMANTE HAIRSLIDE,63.4600,38,22,6,11.9500,51.5100,-0.0000,-0.0000,0.0000,0.9993,C,63.4600,51.5100,4309.0000
37491D,PURPLE/BLUE CERAMIC CANDLE HOLDER,63.2800,26,13,5,53.4000,9.8800,-0.0000,-0.0000,0.0000,0.9993,C,63.2800,9.8800,4310.0000
72709,IVORY SCULPTED RND CANDLE,62.9000,74,13,10,25.5000,37.4000,-0.0000,-0.0000,0.0000,0.9993,C,62.9000,37.4000,4311.0000
84529B,BLUE KNITTED KID'S RUCKSACK,62.3500,13,5,2,62.3500,0.0000,-0.0000,-0.0000,0.0000,0.9993,C,62.3500,0.0000,4312.0000
35607B,BLACK FEATHER CHRISTMAS DECORATION,62.3000,312,17,15,44.0600,18.2400,-0.0000,-0.0000,0.0000,0.9993,C,62.3000,18.2400,4313.0000
47348A,FUSCHIA VOILE POINTY SHOE DEC,62.0100,103,16,12,11.7000,50.3100,-0.0000,-0.0000,0.0000,0.9993,C,62.0100,50.3100,4314.0000
72771B,BURG FLOCK GOLD CUP/CANDLE,61.9400,129,8,6,61.9400,0.0000,-0.0000,-0.0000,0.0000,0.9993,C,61.9400,0.0000,4315.0000
20620,RED SPOTTY PASSPORT COVER,61.7600,15,14,1,61.7600,0.0000,-0.0000,-0.0000,0.0000,0.9993,C,61.7600,0.0000,4316.0000
35817B,"ACRYLIC JEWEL SNOWFLAKE,BLUE",61.3000,143,3,2,61.3000,0.0000,-0.0000,-0.0000,0.0000,0.9993,C,61.3000,0.0000,4317.0000
35910B,PINK FLOWERS RABBIT EASTER,61.0700,29,8,6,35.7200,25.3500,-0.0000,-0.0000,0.0000,0.9993,C,61.0700,25.3500,4318.0000
90188,DROP EARRINGS W FLOWER & LEAF,61.0500,24,20,3,35.9200,17.6900,-0.0000,-0.0000,0.0000,0.9993,C,61.0500,17.6900,4319.0000
90214I,"LETTER ""I"" BLING KEY RING",61.0000,62,27,10,31.3800,25.8500,7.5000,0.1095,0.0000,0.9993,C,61.0000,25.8500,4320.0000
37477B,"FLOWER FAIRY MUG+COASTER,LAVENDER",60.0000,16,8,6,60.0000,0.0000,3.7500,0.0588,0.0000,0.9993,C,60.0000,0.0000,4321.0000
84875A,PINK SQUARE COMPACT MIRROR,60.0000,16,12,10,60.0000,0.0000,-0.0000,-0.0000,0.0000,0.9993,C,60.0000,0.0000,4321.0000
23629,SET 10 CARDS DRESSING UP 17077,59.7600,24,10,0,0.0000,59.7600,-0.0000,-0.0000,0.0000,0.9993,C,59.7600,59.7600,4323.0000
90021,LASER CUT MULTI STRAND NECKLACE,59.7500,5,4,4,47.8000,11.9500,-0.0000,-0.0000,0.0000,0.9993,C,59.7500,11.9500,4324.0000
84292B,BLUE COL METAL FOLDING CHAIR,59.7500,9,5,4,59.7500,0.0000,-0.0000,-0.0000,0.0000,0.9993,C,59.7500,0.0000,4324.0000
90171,DAISY RING,59.6500,47,27,2,59.6500,0.0000,-0.0000,-0.0000,0.0000,0.9993,C,59.6500,0.0000,4326.0000
44241C,BLUE BUTTERFLY ON SPRING,59.5000,70,8,7,59.5000,0.0000,-0.0000,-0.0000,0.0000,0.9994,C,59.5000,0.0000,4327.0000
35654,VINTAGE BEAD FILLED PINK CUSHION,59.4000,12,5,4,59.4000,0.0000,-0.0000,-0.0000,0.0000,0.9994,C,59.4000,0.0000,4328.0000
35001B,HAND OPEN SHAPE BLACK,59.3300,17,6,5,59.3300,0.0000,5.9000,0.0904,0.0000,0.9994,C,59.3300,0.0000,4329.0000
90011B,BLACK CRYSTAL DROP EARRINGS,59.0600,20,15,4,23.7900,35.2700,-0.0000,-0.0000,0.0000,0.9994,C,59.0600,35.2700,4330.0000
35909A,RABBIT EASTER DECORATION,59.0000,20,5,5,35.4000,23.6000,-0.0000,-0.0000,0.0000,0.9994,C,59.0000,23.6000,4331.0000
17129C,SKY BLUE COLOUR GLASS GEMS IN BAG,58.8300,87,11,7,58.8300,0.0000,-0.0000,-0.0000,0.0000,0.9994,C,58.8300,0.0000,4332.0000
85023C,PINK LARGE JEWELED PHOTOFRAME,58.6500,23,11,10,58.6500,0.0000,2.5500,0.0417,0.0000,0.9994,C,58.6500,0.0000,4333.0000
81985A,"ICON ALARM CLOCK,FUSCHIA  PIN UP",58.6500,23,7,7,58.6500,0.0000,-0.0000,-0.0000,0.0000,0.9994,C,58.6500,0.0000,4334.0000
84226,HEN HOUSE W FAMILY IN BARN & NEST,58.3100,77,18,17,22.1000,36.2100,-0.0000,-0.0000,0.0000,0.9994,C,58.3100,36.2100,4335.0000
35816B,"ACRYLIC JEWEL ANGEL,BLUE",58.0700,139,3,2,58.0700,0.0000,-0.0000,-0.0000,0.0000,0.9994,C,58.0700,0.0000,4336.0000
35821B,"JEWELLED DECORATION,BLUE",57.0000,150,3,3,57.0000,0.0000,-0.0000,-0.0000,0.0000,0.9994,C,57.0000,0.0000,4337.0000
90212C,PURPLE LAS VEGAS BRACELET ROUND,56.2500,15,7,5,30.0000,26.2500,-0.0000,-0.0000,0.0000,0.9994,C,56.2500,26.2500,4338.0000
85080,PADDED RED HEART DECORATION,56.1800,114,22,19,56.1800,0.0000,-0.0000,-0.0000,0.0000,0.9994,C,56.1800,0.0000,4339.0000
47344B,BLUE FLOWER DES PURSE,56.1600,54,10,10,12.5000,43.6600,-0.0000,-0.0000,0.0000,0.9994,C,56.1600,43.6600,4340.0000
85023A,CRYSTAL LARGE JEWELLED PHOTO FRAME,56.1000,22,10,9,56.1000,0.0000,2.5500,0.0435,0.0000,0.9994,C,56.1000,0.0000,4341.0000
90033,IVORY SHELL HEART EARRINGS,55.8800,22,18,2,30.8100,25.0700,-0.0000,-0.0000,0.0000,0.9994,C,55.8800,25.0700,4342.0000
90182C,BLACK 3 BEAD DROP EARRINGS,55.7400,19,13,2,14.7800,32.2600,17.7000,0.2410,0.0000,0.9994,C,55.7400,32.2600,4343.0000
90177A,CLASSIC DIAMANTE EARRINGS JET,55.6900,19,14,2,14.7900,38.0000,17.7000,0.2412,0.0000,0.9994,C,55.6900,38.0000,4344.0000
90214T,"LETTER ""T"" BLING KEY RING",55.5700,57,24,9,42.1100,9.9800,-0.0000,-0.0000,0.0000,0.9994,C,55.5700,9.9800,4345.0000
22657,HEN & 2 CHICKS IN BASKET,55.2500,65,7,7,55.2500,0.0000,-0.0000,-0.0000,0.0000,0.9994,C,55.2500,0.0000,4346.0000
90001B,ANTIQUE MID BLUE FLOWER EARRINGS,55.1200,13,10,4,33.9700,21.1500,4.2500,0.0716,0.0000,0.9994,C,55.1200,21.1500,4347.0000
85151,WELCOME METAL SIGN,55.0000,44,8,8,55.0000,0.0000,-0.0000,-0.0000,0.0000,0.9994,C,55.0000,0.0000,4348.0000
90135A,ORANGE/FUSCHIA STONES NECKLACE,54.6200,11,4,2,49.6400,4.9800,-0.0000,-0.0000,0.0000,0.9994,C,54.6200,4.9800,4349.0000
90142D,MOP PENDANT SHELL NECKLACE,54.5900,11,5,4,4.9500,49.6400,-0.0000,-0.0000,0.0000,0.9994,C,54.5900,49.6400,4350.0000
90043,COPPER AND BRASS BAG CHARM,54.5100,10,6,5,29.7000,24.8100,-0.0000,-0.0000,0.0000,0.9994,C,54.5100,24.8100,4351.0000
20820,SILVER LOOKING MIRROR,54.4500,11,8,6,29.7000,24.7500,-0.0000,-0.0000,0.0000,0.9994,C,54.4500,24.7500,4352.0000
20953,PORCELAIN CHERUB BELL LARGE,54.4500,33,9,7,54.4500,0.0000,-0.0000,-0.0000,0.0000,0.9994,C,54.4500,0.0000,4353.0000
90084,PINK CRYSTAL GUITAR PHONE CHARM,54.4000,64,9,8,53.5500,0.8500,10.2000,0.1579,0.0000,0.9994,C,54.4000,0.8500,4354.0000
46115B,GREEN POP ART MAO CUSHION COVER,54.3400,286,22,19,52.0600,2.2800,-0.0000,-0.0000,0.0000,0.9994,C,54.3400,2.2800,4355.0000
20870,OPULENT VELVET CANDLE IN BOX,54.3000,30,7,4,54.3000,0.0000,2.1000,0.0372,0.0000,0.9994,C,54.3000,0.0000,4356.0000
84402B,PURPLE DRESS JEWELLERY STAND,54.0900,63,4,4,5.9000,48.1900,-0.0000,-0.0000,0.0000,0.9994,C,54.0900,48.1900,4357.0000
84559b,3D SHEET OF CAT STICKERS,53.5400,32,25,0,15.2100,38.3300,-0.0000,-0.0000,0.0000,0.9994,C,53.5400,38.3300,4358.0000
84660b,BLACK STITCHED WALL CLOCK,53.1800,7,6,0,38.1000,15.0800,-0.0000,-0.0000,0.0000,0.9994,C,53.1800,15.0800,4359.0000
72798C,SET/4 GARDEN ROSE DINNER CANDLE,53.1100,28,15,10,41.5600,11.5500,-0.0000,-0.0000,0.0000,0.9994,C,53.1100,11.5500,4360.0000
84660a,WHITE STITCHED WALL CLOCK,52.7000,7,5,0,22.8600,29.8400,-0.0000,-0.0000,0.0000,0.9994,C,52.7000,29.8400,4361.0000
84845C,CARNATION SQUARE HANDY TIN,52.5000,42,14,14,52.5000,0.0000,3.7500,0.0667,0.0000,0.9994,C,52.5000,0.0000,4362.0000
84951b,S/4 BLACK LOVEBIRD COASTERS,51.2600,10,5,0,51.2600,0.0000,-0.0000,-0.0000,0.0000,0.9995,C,51.2600,0.0000,4363.0000
84845D,GERANIUM SQUARE HANDY TIN,51.2500,41,11,11,51.2500,0.0000,-0.0000,-0.0000,0.0000,0.9995,C,51.2500,0.0000,4364.0000
35071,ASSORTED SANTA CHRISTMAS DECORATION,51.1400,50,7,5,51.1400,0.0000,-0.0000,-0.0000,0.0000,0.9995,C,51.1400,0.0000,4365.0000
84612B,SET/4 BLACK  BAROQUE FLOCK COASTER,51.0000,20,4,4,51.0000,0.0000,-0.0000,-0.0000,0.0000,0.9995,C,51.0000,0.0000,4366.0000
20964,POLYESTER FILLER PAD 60x40cm,51.0000,20,6,6,45.9000,5.1000,-0.0000,-0.0000,0.0000,0.9995,C,51.0000,5.1000,4367.0000
84968f,SET OF 16 VINTAGE SKY BLUE CUTLERY,50.9800,2,2,0,25.4900,25.4900,-0.0000,-0.0000,0.0000,0.9995,C,50.9800,25.4900,4368.0000
84968b,S/16 VINTAGE IVORY CUTLERY,50.9800,2,2,0,50.9800,0.0000,-0.0000,-0.0000,0.0000,0.9995,C,50.9800,0.0000,4368.0000
85069,CREAM SWEETHEART DOUBLE SHELF,50.8500,3,1,1,50.8500,0.0000,101.7000,0.6667,0.0000,0.9995,C,50.8500,0.0000,4370.0000
85035b,CHOCOLATE 3 WICK MORRIS BOX CANDLE,50.8200,6,6,0,42.3500,8.4700,-0.0000,-0.0000,0.0000,0.9995,C,50.8200,8.4700,4371.0000
85124a,PINK JUICY FRUIT PHOTO FRAME,50.6000,10,9,0,50.6000,0.0000,-0.0000,-0.0000,0.0000,0.9995,C,50.6000,0.0000,4372.0000
90034,WHITE SILVER NECKLACE SHELL GLASS,50.4800,5,5,2,30.3100,20.1700,-0.0000,-0.0000,0.0000,0.9995,C,50.4800,20.1700,4373.0000
72083A,STRAWBERY SWIRL FLARE CANDLE,50.4000,24,7,7,50.4000,0.0000,-0.0000,-0.0000,0.0000,0.9995,C,50.4000,0.0000,4374.0000
90141E,ORANGE PENDANT TRIPLE SHELL NECKLAC,50.0600,10,5,3,25.3100,24.7500,-0.0000,-0.0000,0.0000,0.9995,C,50.0600,24.7500,4375.0000
23603,SET 10 CARD KRAFT REINDEER 17084,49.8000,20,14,0,0.0000,32.3700,-0.0000,-0.0000,0.0000,0.9995,C,49.8000,32.3700,4376.0000
72129,COLUMBIAN CANDLE ROUND,49.7600,75,18,16,49.7600,0.0000,-0.0000,-0.0000,0.0000,0.9995,C,49.7600,0.0000,4377.0000
90052,CRACKED GLAZE NECKLACE BROWN,49.5800,7,5,1,35.4400,14.1400,-0.0000,-0.0000,0.0000,0.9995,C,49.5800,14.1400,4378.0000
84537B,FAIRY CAKES GIFT BAG,49.1400,117,11,10,49.1400,0.0000,-0.0000,-0.0000,0.0000,0.9995,C,49.1400,0.0000,4379.0000
35644,PAIR PINK/BLACK COATHANGERS,48.7500,25,7,6,48.7500,0.0000,-0.0000,-0.0000,0.0000,0.9995,C,48.7500,0.0000,4380.0000
90128A,PINK LEAVES AND BEADS PHONE CHARM,48.7100,33,10,5,41.2800,7.4300,-0.0000,-0.0000,0.0000,0.9995,C,48.7100,7.4300,4381.0000
37489A,YELLOW/PINK FLOWER DESIGN BIG MUG,48.5100,47,23,21,34.0800,14.4300,-0.0000,-0.0000,0.0000,0.9995,C,48.5100,14.4300,4382.0000
35603C,SET/16 WHITE SHINY & MATT BAUBLES,48.3000,83,24,19,48.3000,0.0000,-0.0000,-0.0000,0.0000,0.9995,C,48.3000,0.0000,4383.0000
37491A,YELLOW/PINK CERAMIC CANDLE HOLDER,48.3000,18,13,5,28.4900,19.8100,-0.0000,-0.0000,0.0000,0.9995,C,48.3000,19.8100,4383.0000
90083,CRYSTAL CZECH CROSS PHONE CHARM,48.0800,52,15,6,24.6100,19.5600,-0.0000,-0.0000,0.0000,0.9995,C,48.0800,19.5600,4385.0000
84608,ORNATE EDWARDIAN CANDLE HOLDER,47.7000,6,4,4,47.7000,0.0000,15.9000,0.2500,0.0000,0.9995,C,47.7000,0.0000,4386.0000
21347,GOTHIC CARRIAGE LANTERN,47.6000,8,4,4,47.6000,0.0000,-0.0000,-0.0000,0.0000,0.9995,C,47.6000,0.0000,4387.0000
85081,PADDED HOLLY CHRISTMAS DECORATION,47.4300,107,21,20,47.4300,0.0000,-0.0000,-0.0000,0.0000,0.9995,C,47.4300,0.0000,4388.0000
20895,VINTAGE NOTEBOOK FRENCH LETTER,47.2000,16,4,3,47.2000,0.0000,-0.0000,-0.0000,0.0000,0.9995,C,47.2000,0.0000,4389.0000
35909B,PINK FLOWERS RABBIT EASTER,47.2000,16,6,6,23.6000,23.6000,-0.0000,-0.0000,0.0000,0.9995,C,47.2000,23.6000,4390.0000
90067B,BROWN VINTAGE VICTORIAN EARRINGS,47.1200,16,6,2,41.3200,5.8000,-0.0000,-0.0000,0.0000,0.9995,C,47.1200,5.8000,4391.0000
37462E,"PET MUG, GOLDFISH",47.1200,107,28,9,34.0200,12.2700,2.5200,0.0508,0.0000,0.9995,C,47.1200,12.2700,4392.0000
84227,HEN HOUSE W CHICK IN NEST,47.0400,112,13,13,46.6200,0.4200,-0.0000,-0.0000,0.0000,0.9995,C,47.0400,0.4200,4393.0000
90181C,BLACK GLASS/SHELL/PEARL NECKLACE,46.9300,5,5,0,37.7800,9.1500,-0.0000,-0.0000,0.0000,0.9995,C,46.9300,9.1500,4394.0000
84596f,SMALL MARSHMALLOWS PINK BOWL,46.8900,19,14,0,7.5300,36.9000,-0.0000,-0.0000,0.0000,0.9995,C,46.8900,36.9000,4395.0000
84857B,BLUE MONTE CARLO HANDBAG,46.8000,24,1,1,0.0000,46.8000,3.9000,0.0769,0.0000,0.9995,C,46.8000,46.8000,4396.0000
20988,TRELLIS FLOWER CHOPSTICKS SET/5,46.8000,24,9,8,46.8000,0.0000,-0.0000,-0.0000,0.0000,0.9995,C,46.8000,0.0000,4396.0000
90001C,ANTIQUE OPAL WHITE FLOWER EARRINGS,46.7000,11,10,5,25.5700,21.1300,-0.0000,-0.0000,0.0000,0.9995,C,46.7000,21.1300,4398.0000
90001A,ANTIQUE RASPBERRY FLOWER EARRINGS,46.6000,11,10,3,25.6500,20.9500,-0.0000,-0.0000,0.0000,0.9995,C,46.6000,20.9500,4399.0000
84705F,RED PEONY PHOTO FRAME,46.5000,10,5,4,46.5000,0.0000,-0.0000,-0.0000,0.0000,0.9995,C,46.5000,0.0000,4400.0000
16050,TEATIME PENCIL WITH RUBBER,46.4500,151,8,4,46.4500,0.0000,-0.0000,-0.0000,0.0000,0.9995,C,46.4500,0.0000,4401.0000
47341A,FUSCHIA TABLE RUN FLOWER,46.2500,29,7,7,7.5000,38.7500,-0.0000,-0.0000,0.0000,0.9995,C,46.2500,38.7500,4402.0000
72024U,LILAC VOTIVE CANDLE,46.2000,220,11,10,31.0800,15.1200,-0.0000,-0.0000,0.0000,0.9996,C,46.2000,15.1200,4403.0000
85132c,CHARLIE AND LOLA FIGURES TINS,46.1000,4,4,0,21.2300,24.8700,-0.0000,-0.0000,0.0000,0.9996,C,46.1000,24.8700,4404.0000
84626,CANDY STRIPE ROSE QUILT,45.9500,1,1,1,45.9500,0.0000,-0.0000,-0.0000,0.0000,0.9996,C,45.9500,0.0000,4405.0000
18097A,PINK TALL PORCELAIN T-LIGHT HOLDER,45.9000,18,12,10,33.1500,12.7500,-0.0000,-0.0000,0.0000,0.9996,C,45.9000,12.7500,4406.0000
35611B,BLACK ASSORTED DROPLET DECORATION,45.7600,62,3,2,45.7600,0.0000,-0.0000,-0.0000,0.0000,0.9996,C,45.7600,0.0000,4407.0000
72724,SET/6 CHRISTMAS ICICLE T-LIGHTS,45.0000,36,10,9,45.0000,0.0000,-0.0000,-0.0000,0.0000,0.9996,C,45.0000,0.0000,4408.0000
16161C,WRAP SPEED DEMONS,45.0000,450,2,2,45.0000,0.0000,-0.0000,-0.0000,0.0000,0.9996,C,45.0000,0.0000,4408.0000
35233,PASTA ENAMEL/BRASS CONTAINER,45.0000,12,8,8,45.0000,0.0000,-0.0000,-0.0000,0.0000,0.9996,C,45.0000,0.0000,4408.0000
23625,SET 6 CARDS SPARKLY REINDEER 17262,44.9100,9,4,0,0.0000,39.9200,-0.0000,-0.0000,0.0000,0.9996,C,44.9100,39.9200,4411.0000
90059B,DIAMANTE HAIR GRIP PACK/2 BLACK DIA,44.8700,27,16,4,18.3500,24.8700,9.9000,0.1808,0.0000,0.9996,C,44.8700,24.8700,4412.0000
21685,MEDINA STAMPED METAL TRAY,44.8500,3,2,2,44.8500,0.0000,14.9500,0.2500,0.0000,0.9996,C,44.8500,0.0000,4413.0000
90135,ORANGE/WHT/FUSCHIA STONES NECKLACE,44.7500,9,3,1,5.0900,39.6600,-0.0000,-0.0000,0.0000,0.9996,C,44.7500,39.6600,4414.0000
90197D,AMBER GLASS BRACELET HEART CHARMS,44.5500,9,4,4,44.5500,0.0000,-0.0000,-0.0000,0.0000,0.9996,C,44.5500,0.0000,4415.0000
72796B,S/3 FRENCH VANILLA SQU CANDLE,44.5500,27,12,11,44.5500,0.0000,-0.0000,-0.0000,0.0000,0.9996,C,44.5500,0.0000,4416.0000
90011A,MIDNIGHT BLUE CRYSTAL DROP EARRINGS,44.2800,15,15,2,26.7700,17.5100,-0.0000,-0.0000,0.0000,0.9996,C,44.2800,17.5100,4417.0000
84586L,"PINK ROSES/GINGHAM PATCH RABBIT 8""",44.2500,15,9,9,44.2500,0.0000,-0.0000,-0.0000,0.0000,0.9996,C,44.2500,0.0000,4418.0000
35085E,IVORY ROSE LAMPSHADE,44.2500,39,9,7,44.2500,0.0000,-0.0000,-0.0000,0.0000,0.9996,C,44.2500,0.0000,4419.0000
90125E,AMBER BERTIE GLASS BEAD BAG CHARM,44.1900,18,17,2,23.1400,21.0500,-0.0000,-0.0000,0.0000,0.9996,C,44.1900,21.0500,4420.0000
35815B,"ACRYLIC JEWEL SNOWFLAKE,BLUE",43.9400,95,3,2,43.9400,0.0000,-0.0000,-0.0000,0.0000,0.9996,C,43.9400,0.0000,4421.0000
17014C,ORIGAMI LAVENDER INCENSE CONES,43.7500,97,2,1,43.7500,0.0000,-0.0000,-0.0000,0.0000,0.9996,C,43.7500,0.0000,4422.0000
79063C,"RETRO PILL BOX KEY CHAIN,THE KING",43.6500,235,14,13,0.0000,43.4600,-0.0000,-0.0000,0.0000,0.9996,C,43.6500,43.4600,4423.0000
90042B,FRESHWATER PEARL BRACELET PINK,43.3500,17,6,4,43.3500,0.0000,-0.0000,-0.0000,0.0000,0.9996,C,43.3500,0.0000,4424.0000
35822P,"ACRYLIC BEAD CHAIN, PINK",43.3200,114,1,1,43.3200,0.0000,-0.0000,-0.0000,0.0000,0.9996,C,43.3200,0.0000,4425.0000
90054,CRACKED GLAZE EARRINGS RED,43.0200,17,17,2,20.4400,17.6200,-0.0000,-0.0000,0.0000,0.9996,C,43.0200,17.6200,4426.0000
23038,T-LIGHT HOLDER SILVER SAUCER,42.9200,44,8,4,0.0000,38.0300,-0.0000,-0.0000,0.0000,0.9996,C,42.9200,38.0300,4427.0000
79066k,RETRO MOD TRAY,42.7100,26,16,0,14.9400,27.7700,-0.0000,-0.0000,0.0000,0.9996,C,42.7100,27.7700,4428.0000
84993a,75 GREEN PETIT FOUR CASES,42.7100,51,30,0,16.1500,24.9000,-0.0000,-0.0000,0.0000,0.9996,C,42.7100,24.9000,4428.0000
21596,Hypochondriac Pill Stress Ball,42.6400,10,9,0,42.6400,0.0000,-0.0000,-0.0000,0.0000,0.9996,C,42.6400,0.0000,4430.0000
90024A,NEW BAROQUE B'FLY NECKLACE BLACK,42.5000,5,4,4,42.5000,0.0000,-0.0000,-0.0000,0.0000,0.9996,C,42.5000,0.0000,4431.0000
90126C,AMBER BERTIE MOBILE PHONE CHARM,42.1000,21,5,2,35.5200,6.5800,-0.0000,-0.0000,0.0000,0.9996,C,42.1000,6.5800,4432.0000
72771C,BLACK FLOCK GOLD CANDLE,42.0800,54,6,4,42.0800,0.0000,-0.0000,-0.0000,0.0000,0.9996,C,42.0800,0.0000,4433.0000
20860,GOLD COSMETICS BAG WITH BUTTERFLY,42.0000,20,11,10,39.9000,2.1000,-0.0000,-0.0000,0.0000,0.9996,C,42.0000,2.1000,4434.0000
15060b,FAIRY CAKE DESIGN UMBRELLA,41.8100,5,5,0,16.9400,24.8700,-0.0000,-0.0000,0.0000,0.9996,C,41.8100,24.8700,4435.0000
90152C,BLUE/NAT SHELL NECKLACE W PENDANT,41.6500,7,4,4,35.7000,5.9500,-0.0000,-0.0000,0.0000,0.9996,C,41.6500,5.9500,4436.0000
90060C,FIRE POLISHED GLASS NECKL SILVER,41.6500,7,3,3,41.6500,0.0000,-0.0000,-0.0000,0.0000,0.9996,C,41.6500,0.0000,4437.0000
84611B,BLACK NEW BAROQUE FLOCK BOX,41.6500,7,4,4,41.6500,0.0000,17.8500,0.3000,0.0000,0.9996,C,41.6500,0.0000,4437.0000
90060B,FIRE POLISHED GLASS NECKL GOLD,41.6500,7,4,4,35.7000,5.9500,-0.0000,-0.0000,0.0000,0.9996,C,41.6500,5.9500,4437.0000
35809a,ENAMEL PINK TEA CONTAINER,41.5400,10,10,0,4.2100,37.3300,-0.0000,-0.0000,0.0000,0.9996,C,41.5400,37.3300,4440.0000
85184B,SET 4 EASTER DECOUPAGE OVAL BOXES,41.3000,14,7,7,41.3000,0.0000,2.9500,0.0667,0.0000,0.9996,C,41.3000,0.0000,4441.0000
23448,CREAM BUNNY EASTER EGG BASKET,41.2500,25,3,3,0.0000,41.2500,-0.0000,-0.0000,0.0000,0.9996,C,41.2500,41.2500,4442.0000
90027C,GLASS BEAD HOOP EARRINGS GREEN,41.1700,14,12,2,26.6700,14.5000,-0.0000,-0.0000,0.0000,0.9996,C,41.1700,14.5000,4443.0000
18096c,WHITE ROUND PORCELAIN TLIGHT HOLDER,41.1400,8,6,0,41.1400,0.0000,-0.0000,-0.0000,0.0000,0.9996,C,41.1400,0.0000,4444.0000
21119,Glow In The Dark Shot Glasses,41.0100,3,3,0,41.0100,0.0000,-0.0000,-0.0000,0.0000,0.9996,C,41.0100,0.0000,4445.0000
84798C,WHITE FOXGLOVE ARTIIFCIAL FLOWER,40.8000,16,3,3,40.8000,0.0000,-0.0000,-0.0000,0.0000,0.9996,C,40.8000,0.0000,4446.0000
44228,CANNABIS LEAF BEAD CURTAIN,40.8000,48,3,3,10.2000,30.6000,-0.0000,-0.0000,0.0000,0.9996,C,40.8000,30.6000,4446.0000
47013C,WINE BOTTLE DRESSING DARK BLUE,40.5200,147,27,18,27.5500,12.9700,1.4400,0.0343,0.0000,0.9996,C,40.5200,12.9700,4448.0000
90136,PALE PINK/AMETHYST STONE NECKLACE,40.4700,4,3,2,10.6200,29.8500,-0.0000,-0.0000,0.0000,0.9997,C,40.4700,29.8500,4449.0000
90152A,SILVER/NAT SHELL NECKLACE W PENDANT,40.3400,7,7,4,11.5800,28.7600,-0.0000,-0.0000,0.0000,0.9997,C,40.3400,28.7600,4450.0000
37468,HARDMAN MUG 3 ASSORTED,40.2000,66,14,11,7.7800,32.4200,-0.0000,-0.0000,0.0000,0.9997,C,40.2000,32.4200,4451.0000
20994,JAZZ HEARTS SPIRAL NOTEPAD,39.9500,47,12,12,39.9500,0.0000,-0.0000,-0.0000,0.0000,0.9997,C,39.9500,0.0000,4452.0000
47013A,WINE BOTTLE DRESSING LT.BLUE,39.8700,141,25,21,36.8300,3.0400,-0.0000,-0.0000,0.0000,0.9997,C,39.8700,3.0400,4453.0000
79065A,TEATIME ROUND CAKE TINS,39.8000,4,1,1,39.8000,0.0000,9.9500,0.2000,0.0000,0.9997,C,39.8000,0.0000,4454.0000
35963,FOLKART ZINC CLIP ON ANGEL WINGS,39.5200,104,11,10,39.5200,0.0000,-0.0000,-0.0000,0.0000,0.9997,C,39.5200,0.0000,4455.0000
82545A,COGNAC AUX OEUFS METAL 1 HOOK,38.7500,31,11,11,38.7500,0.0000,-0.0000,-0.0000,0.0000,0.9997,C,38.7500,0.0000,4456.0000
47567b,TEA TIME KITCHEN APRON,38.7200,3,3,0,38.7200,0.0000,-0.0000,-0.0000,0.0000,0.9997,C,38.7200,0.0000,4457.0000
90130D,RED STONE/CRYSTAL EARRINGS,38.3100,13,8,1,29.6100,8.7000,-0.0000,-0.0000,0.0000,0.9997,C,38.3100,8.7000,4458.0000
90027B,GLASS BEAD HOOP EARRINGS MONTANA,38.2800,13,10,3,29.5200,8.7600,-0.0000,-0.0000,0.0000,0.9997,C,38.2800,8.7600,4459.0000
90183C,BLACK DROP EARRINGS W LONG BEADS,38.1200,13,13,2,11.9700,23.2500,-0.0000,-0.0000,0.0000,0.9997,C,38.1200,23.2500,4460.0000
47518f,ICON PLACEMAT POP ART ELVIS,37.7500,9,9,0,17.0200,20.7300,-0.0000,-0.0000,0.0000,0.9997,C,37.7500,20.7300,4461.0000
90176B,DIAMANTE NECKLACE BLACK,37.6200,5,4,2,7.5000,30.1200,-0.0000,-0.0000,0.0000,0.9997,C,37.6200,30.1200,4462.0000
85115B,S/4 BLACK DISCO PARTITION PANEL,37.6200,6,2,1,12.7500,24.8700,-0.0000,-0.0000,0.0000,0.9997,C,37.6200,24.8700,4463.0000
90039A,FIRE POLISHED GLASS BRACELET RED,37.6100,10,5,2,7.6500,26.2300,-0.0000,-0.0000,0.0000,0.9997,C,37.6100,26.2300,4464.0000
90214F,"LETTER ""F"" BLING KEY RING",37.5300,45,27,11,22.1000,11.6600,-0.0000,-0.0000,0.0000,0.9997,C,37.5300,11.6600,4465.0000
37112,YELLOW BIRDS FELT DES FOODCOVER,37.5000,10,5,4,37.5000,0.0000,-0.0000,-0.0000,0.0000,0.9997,C,37.5000,0.0000,4466.0000
79413,GLASS WINE GLASS DECORATIONS,37.5000,30,9,7,37.5000,0.0000,-0.0000,-0.0000,0.0000,0.9997,C,37.5000,0.0000,4466.0000
84509b,SET OF 4 FAIRY CAKE PLACEMATS,37.3000,5,4,0,0.0000,37.3000,-0.0000,-0.0000,0.0000,0.9997,C,37.3000,37.3000,4468.0000
90126A,PINK BERTIE MOBILE PHONE CHARM,37.1400,20,5,3,33.7800,3.3600,-0.0000,-0.0000,0.0000,0.9997,C,37.1400,3.3600,4469.0000
84251J,"GREETING CARD, THE BLACK CAT",37.0400,74,17,4,37.0400,0.0000,-0.0000,-0.0000,0.0000,0.9997,C,37.0400,0.0000,4470.0000
16162M,THE KING GIFT BAG 25x24x12cm,36.9600,88,13,10,25.2000,11.7600,-0.0000,-0.0000,0.0000,0.9997,C,36.9600,11.7600,4471.0000
72715,SPHERICAL IVORY CANDLE,36.9600,88,13,8,36.9600,0.0000,-0.0000,-0.0000,0.0000,0.9997,C,36.9600,0.0000,4471.0000
17014E,ORIGAMI OPIUM INCENSE CONES,36.6000,95,6,4,36.6000,0.0000,-0.0000,-0.0000,0.0000,0.9997,C,36.6000,0.0000,4473.0000
90141D,ROSE PENDANT TRIPLE SHELL NECKLACE,36.3300,7,5,1,15.9700,20.3600,-0.0000,-0.0000,0.0000,0.9997,C,36.3300,20.3600,4474.0000
90037D,TINY CRYSTALS BRACELET BLACK,35.8700,14,8,1,35.8700,0.0000,-0.0000,-0.0000,0.0000,0.9997,C,35.8700,0.0000,4475.0000
37348,SET OF 4 PASTEL STACKING MUGS,35.7000,14,7,5,35.7000,0.0000,5.1000,0.1250,0.0000,0.9997,C,35.7000,0.0000,4476.0000
84745B,BLUE HANGING GINGHAM EASTER HEN,35.7000,85,17,15,22.2600,13.4400,-0.0000,-0.0000,0.0000,0.9997,C,35.7000,13.4400,4476.0000
90132,LIGHT TOPAZ TEAL/AQUA COL NECKLACE,35.6300,7,7,0,20.4700,15.1600,-0.0000,-0.0000,0.0000,0.9997,C,35.6300,15.1600,4478.0000
85184c,S/4 VALENTINE DECOUPAGE HEART BOX,35.3500,6,6,0,23.7700,11.5800,-0.0000,-0.0000,0.0000,0.9997,C,35.3500,11.5800,4479.0000
90011C,GREEN CRYSTAL DROP EARRINGS,35.3300,12,7,1,29.5300,5.8000,-0.0000,-0.0000,0.0000,0.9997,C,35.3300,5.8000,4480.0000
79063D,"RETRO PILL BOX , REVOLUTIONARY",35.3300,190,11,9,0.0000,35.3300,-0.0000,-0.0000,0.0000,0.9997,C,35.3300,35.3300,4480.0000
90152B,BLUE/GREEN SHELL NECKLACE W PENDANT,35.2600,6,5,4,23.8000,11.4600,-0.0000,-0.0000,0.0000,0.9997,C,35.2600,11.4600,4482.0000
84510e,SET OF 4 GREEN CAROUSEL COASTERS,35.0900,14,6,0,32.6300,2.4600,-0.0000,-0.0000,0.0000,0.9997,C,35.0900,2.4600,4483.0000
82613b,"METAL SIGN,CUPCAKE SINGLE HOOK",35.0400,14,11,0,25.1000,9.9400,-0.0000,-0.0000,0.0000,0.9997,C,35.0400,9.9400,4484.0000
DCGS0058,MISO PRETTY  GUM,34.8200,42,30,0,34.8200,0.0000,-0.0000,-0.0000,0.0000,0.9997,C,34.8200,0.0000,4485.0000
84868B,BLUE BABY BOY'S MEMORY BOX,34.7500,5,4,4,34.7500,0.0000,13.9000,0.2857,0.0000,0.9997,C,34.7500,0.0000,4486.0000
37482p,CUBIC MUG PINK POLKA DOT,34.7000,2,2,0,34.7000,0.0000,-0.0000,-0.0000,0.0000,0.9997,C,34.7000,0.0000,4487.0000
90081B,LILY BROOCH WHITE/SILVER COLOUR,34.6500,7,3,2,29.7000,4.9500,-0.0000,-0.0000,0.0000,0.9997,C,34.6500,4.9500,4488.0000
84546,CROCHET POODLE KEYRING,34.6500,21,3,3,34.6500,0.0000,-0.0000,-0.0000,0.0000,0.9997,C,34.6500,0.0000,4489.0000
35955,SMALL FOLKART CHRISTMAS TREE DEC,34.6200,135,4,4,34.6200,0.0000,-0.0000,-0.0000,0.0000,0.9997,C,34.6200,0.0000,4490.0000
44265,M/COLOUR POM-POM CURTAIN,34.0000,8,4,4,25.5000,8.5000,-0.0000,-0.0000,0.0000,0.9997,C,34.0000,8.5000,4491.0000
90066A,PINK VINTAGE VICTORIAN CHOKER,33.7500,5,2,2,33.7500,0.0000,-0.0000,-0.0000,0.0000,0.9997,C,33.7500,0.0000,4492.0000
47591b,SCOTTIES CHILDRENS APRON,33.6000,8,4,0,29.4700,0.0000,-0.0000,-0.0000,0.0000,0.9997,C,33.6000,0.0000,4493.0000
84456,SET OF 3 RABBIT EGG EASTER,33.1500,37,16,12,33.1500,0.0000,10.2000,0.2353,0.0000,0.9997,C,33.1500,0.0000,4494.0000
85079,EMBROIDERED REINDEER DECORATION,33.1000,24,8,6,33.1000,0.0000,-0.0000,-0.0000,0.0000,0.9997,C,33.1000,0.0000,4495.0000
90076,MONTANA DIAMOND CLUSTER EARRINGS,33.0000,12,7,1,8.8800,24.1200,2.5500,0.0717,0.0000,0.9997,C,33.0000,24.1200,4496.0000
DCGS0003,BOXED GLASS ASHTRAY,32.5900,13,13,0,22.6500,9.9400,-0.0000,-0.0000,0.0000,0.9997,C,32.5900,9.9400,4497.0000
82613c,"METAL SIGN,CUPCAKE SINGLE HOOK",32.4800,13,12,0,20.0800,12.4000,-0.0000,-0.0000,0.0000,0.9997,C,32.4800,12.4000,4498.0000
90214O,"LETTER ""O"" BLING KEY RING",31.4200,36,18,11,24.6000,2.5100,-0.0000,-0.0000,0.0000,0.9997,C,31.4200,2.5100,4499.0000
23632,SET 10 CARDS CHEERFUL ROBIN 17065,31.2000,15,10,0,0.0000,31.2000,-0.0000,-0.0000,0.0000,0.9997,C,31.2000,31.2000,4500.0000
84745A,PINK HANGING GINGHAM EASTER HEN,31.0800,74,15,13,17.6400,13.4400,-0.0000,-0.0000,0.0000,0.9997,C,31.0800,13.4400,4501.0000
44091C,MULTICOLOUR CRUSOE CHECK LAMPSHADE,30.6600,61,17,10,30.6600,0.0000,-0.0000,-0.0000,0.0000,0.9997,C,30.6600,0.0000,4502.0000
21919,Electronic Talking Breath-A-Loser,30.4700,6,5,0,30.4700,0.0000,-0.0000,-0.0000,0.0000,0.9998,C,30.4700,0.0000,4503.0000
37489B,BLUE/YELLOW FLOWER DESIGN BIG MUG,30.4200,38,17,17,13.6500,16.7700,-0.0000,-0.0000,0.0000,0.9998,C,30.4200,16.7700,4504.0000
90025F,BAROQUE BUTTERFLY EARRINGS CRYSTAL,30.2300,8,8,2,15.2700,14.9600,-0.0000,-0.0000,0.0000,0.9998,C,30.2300,14.9600,4505.0000
90214V,"LETTER ""V"" BLING KEY RING",30.2300,39,24,7,14.2500,12.5000,-0.0000,-0.0000,0.0000,0.9998,C,30.2300,12.5000,4505.0000
18010,ASSORTED FRAGRANCE BATH CONFETTI,30.1600,64,9,6,30.1600,0.0000,-0.0000,-0.0000,0.0000,0.9998,C,30.1600,0.0000,4507.0000
37491B,BLUE/YELLOW CERAMIC CANDLE HOLDER,30.0800,14,8,5,23.4800,6.6000,-0.0000,-0.0000,0.0000,0.9998,C,30.0800,6.6000,4508.0000
84876C,SILVER HEART COMPACT MIRROR,30.0000,8,4,4,30.0000,0.0000,3.7500,0.1111,0.0000,0.9998,C,30.0000,0.0000,4509.0000
47563B,WAVELINE SURF IRONING BOARD COVER,30.0000,8,6,6,30.0000,0.0000,-0.0000,-0.0000,0.0000,0.9998,C,30.0000,0.0000,4509.0000
90176E,DIAMANTE NECKLACE GREEN,29.9800,4,3,2,0.0000,22.5000,-0.0000,-0.0000,0.0000,0.9998,C,29.9800,22.5000,4511.0000
21767,FRENCH STYLE WIRE DOOR CABINET,29.9500,1,1,1,29.9500,0.0000,-0.0000,-0.0000,0.0000,0.9998,C,29.9500,0.0000,4512.0000
78056,CAMOUFLAGE BACKPACK ON WHEELS,29.8500,3,2,1,29.8500,0.0000,17.0000,0.3629,0.0000,0.9998,C,29.8500,0.0000,4513.0000
22351,DOTCOMGIFTSHOP TEA TOWEL,29.8100,15,3,1,6.7200,23.0900,-0.0000,-0.0000,0.0000,0.9998,C,29.8100,23.0900,4514.0000
84985a,SET OF 72 GREEN PAPER DOILIES,29.8000,10,8,0,29.8000,0.0000,-0.0000,-0.0000,0.0000,0.9998,C,29.8000,0.0000,4515.0000
35598A,DUSTY PINK CHRISTMAS TREE 60CM,29.5000,10,3,3,2.9500,26.5500,-0.0000,-0.0000,0.0000,0.9998,C,29.5000,26.5500,4516.0000
78034B,BLUE NETTING STORAGE HANGER,29.2500,15,9,9,13.6500,15.6000,-0.0000,-0.0000,0.0000,0.9998,C,29.2500,15.6000,4517.0000
46776f,WOVEN ROSE GARDEN CUSHION COVER,28.9100,7,1,0,0.0000,28.9100,-0.0000,-0.0000,0.0000,0.9998,C,28.9100,28.9100,4518.0000
40005B,BLUE ORGANDY ROUND LAMPSHADE W BEA,28.9000,34,13,11,18.7000,10.2000,-0.0000,-0.0000,0.0000,0.9998,C,28.9000,10.2000,4519.0000
37489D,PINK/GREEN FLOWER DESIGN BIG MUG,28.8600,46,20,20,11.7000,16.3800,-0.0000,-0.0000,0.0000,0.9998,C,28.8600,16.3800,4520.0000
44089C,LILAC GAUZE BUTTERFLY LAMPSHADE,28.5600,68,18,14,18.4800,10.0800,-0.0000,-0.0000,0.0000,0.9998,C,28.5600,10.0800,4521.0000
21097,SET/6 GREEN SPRING  PAPER PLATE,28.0500,33,7,5,28.0500,0.0000,-0.0000,-0.0000,0.0000,0.9998,C,28.0500,0.0000,4522.0000
37489C,GREEN/BLUE FLOWER DESIGN BIG MUG,28.0100,28,12,10,14.3600,13.6500,-0.0000,-0.0000,0.0000,0.9998,C,28.0100,13.6500,4523.0000
17091F,SANDALWOOD INCENSE IN TIN,27.7100,19,8,6,27.7100,0.0000,-0.0000,-0.0000,0.0000,0.9998,C,27.7100,0.0000,4524.0000
23613,SET 10 XMAS CARDS & BADGES 17070,27.3900,11,6,0,0.0000,27.3900,-0.0000,-0.0000,0.0000,0.9998,C,27.3900,27.3900,4525.0000
23637,SET 10 CARDS OUT OF ORDER 17216,27.3900,11,9,0,0.0000,24.9000,-0.0000,-0.0000,0.0000,0.9998,C,27.3900,24.9000,4525.0000
84867b,BLUE BABY BOY'S PHOTO ALBUM,27.1400,2,1,0,27.1400,0.0000,-0.0000,-0.0000,0.0000,0.9998,C,27.1400,0.0000,4527.0000
90187A,BLUE DROP EARRINGS W BEAD CLUSTER,27.0400,8,7,1,23.7200,3.3200,-0.0000,-0.0000,0.0000,0.9998,C,27.0400,3.3200,4528.0000
23702,High Resolution Image,27.0000,4,3,3,0.0000,27.0000,-0.0000,-0.0000,0.0000,0.9998,C,27.0000,27.0000,4529.0000
17013F,ORIGAMI SANDLEWOOD INCENSE IN TUBE,26.7000,62,5,4,26.7000,0.0000,-0.0000,-0.0000,0.0000,0.9998,C,26.7000,0.0000,4530.0000
90027A,GLASS BEAD HOOP EARRINGS BLACK,26.5200,9,6,3,8.8600,17.6600,-0.0000,-0.0000,0.0000,0.9998,C,26.5200,17.6600,4531.0000
90025E,BAROQUE BUTTERFLY EARRINGS MONTANA,26.5000,7,7,3,22.7700,3.7300,-0.0000,-0.0000,0.0000,0.9998,C,26.5000,3.7300,4532.0000
23636,SET 10 CARDS WISHING TREE 17116,26.1900,9,7,0,0.0000,8.7300,-0.0000,-0.0000,0.0000,0.9998,C,26.1900,8.7300,4533.0000
90182A,AMBER 3 BEAD DROP EARRINGS,26.1600,9,9,0,2.9600,20.3000,-0.0000,-0.0000,0.0000,0.9998,C,26.1600,20.3000,4534.0000
85164b,BLACK BAROQUE CUCKOO CLOCK,26.0400,1,1,0,26.0400,0.0000,-0.0000,-0.0000,0.0000,0.9998,C,26.0400,0.0000,4535.0000
90041,PEARL AND CHERRY QUARTZ BRACLET,25.6700,7,6,2,7.4000,14.5400,-0.0000,-0.0000,0.0000,0.9998,C,25.6700,14.5400,4536.0000
20954,*USB Office Mirror Ball,25.5900,3,3,0,8.6500,16.9400,-0.0000,-0.0000,0.0000,0.9998,C,25.5900,16.9400,4537.0000
90142A,GREEN PENDANT SHELL NECKLACE,25.4500,5,4,0,20.3600,5.0900,-0.0000,-0.0000,0.0000,0.9998,C,25.4500,5.0900,4538.0000
DCGS0070,CAMOUFLAGE DOG COLLAR,25.4400,2,2,0,12.7200,12.7200,-0.0000,-0.0000,0.0000,0.9998,C,25.4400,12.7200,4539.0000
85035a,GARDENIA 3 WICK MORRIS BOXED CANDLE,25.4100,3,3,0,8.4700,16.9400,-0.0000,-0.0000,0.0000,0.9998,C,25.4100,16.9400,4540.0000
47552A,DOTS IRONING BOARD COVER,25.3500,13,11,11,25.3500,0.0000,3.3000,0.1152,0.0000,0.9998,C,25.3500,0.0000,4541.0000
90214Y,"LETTER ""Y"" BLING KEY RING",25.3400,68,10,4,2.5000,5.4400,-0.0000,-0.0000,0.0000,0.9998,C,25.3400,5.4400,4542.0000
90055,CRACKED GLAZE EARRINGS BROWN,25.2800,10,10,1,12.7500,10.0500,-0.0000,-0.0000,0.0000,0.9998,C,25.2800,10.0500,4543.0000
35597D,PINK/WHITE CHRISTMAS TREE 30CM,25.2800,58,7,7,7.8000,17.4800,-0.0000,-0.0000,0.0000,0.9998,C,25.2800,17.4800,4543.0000
90053,CRACKED GLAZE EARRINGS IVORY,25.2300,10,10,0,15.2400,9.9900,-0.0000,-0.0000,0.0000,0.9998,C,25.2300,9.9900,4545.0000
72801g,S/4 BURGUNDY WINE DINNER CANDLES,25.1000,10,3,0,25.1000,0.0000,-0.0000,-0.0000,0.0000,0.9998,C,25.1000,0.0000,4546.0000
84596b,SMALL DOLLY MIX DESIGN ORANGE BOWL,25.1000,10,8,0,7.5300,17.5700,-0.0000,-0.0000,0.0000,0.9998,C,25.1000,17.5700,4546.0000
90128C,GREEN LEAVES AND BEADS PHONE CHARM,25.0400,17,6,3,20.0700,4.9700,-0.0000,-0.0000,0.0000,0.9998,C,25.0400,4.9700,4548.0000
23620,SET 10 CARDS PERFECT POST 17090,24.9000,10,7,0,0.0000,24.9000,-0.0000,-0.0000,0.0000,0.9998,C,24.9000,24.9000,4549.0000
85034a,3 GARDENIA MORRIS BOXED CANDLES,24.8700,3,3,0,0.0000,24.8700,-0.0000,-0.0000,0.0000,0.9998,C,24.8700,24.8700,4550.0000
84550,CROCHET LILAC/RED BEAR KEYRING,24.7500,15,5,4,23.1000,1.6500,-0.0000,-0.0000,0.0000,0.9998,C,24.7500,1.6500,4551.0000
35633B,BLUE TINSEL GARLAND,24.7000,130,12,12,24.7000,0.0000,-0.0000,-0.0000,0.0000,0.9998,C,24.7000,0.0000,4552.0000
35596,WOOD XMAS TREE 9 FIG SHELVES,24.6500,29,4,4,24.6500,0.0000,-0.0000,-0.0000,0.0000,0.9998,C,24.6500,0.0000,4553.0000
10124A,SPOTS ON RED BOOKCOVER TAPE,24.3600,58,18,18,17.6400,6.7200,-0.0000,-0.0000,0.0000,0.9998,C,24.3600,6.7200,4554.0000
84450A,PINK RABBIT SITTING EASTER,24.1800,52,5,4,24.1800,0.0000,1.6800,0.0650,0.0000,0.9998,C,24.1800,0.0000,4555.0000
37494a,FAIRY CAKE CERAMIC BUTTER DISH,24.1600,4,3,0,24.1600,0.0000,-0.0000,-0.0000,0.0000,0.9998,C,24.1600,0.0000,4556.0000
84575B,BROWN DOG CANNISTER W BONE,23.8000,4,3,3,23.8000,0.0000,-0.0000,-0.0000,0.0000,0.9998,C,23.8000,0.0000,4557.0000
79302m,"ART LIGHTS,FUNK MONKEY",23.7700,4,4,0,23.7700,0.0000,-0.0000,-0.0000,0.0000,0.9998,C,23.7700,0.0000,4558.0000
90128B,BLUE LEAVES AND BEADS PHONE CHARM,23.7600,18,6,5,20.0000,3.7600,-0.0000,-0.0000,0.0000,0.9998,C,23.7600,3.7600,4559.0000
17014F,ORIGAMI SANDLEWOOD INCENSE CONES,23.7000,61,4,4,23.7000,0.0000,-0.0000,-0.0000,0.0000,0.9998,C,23.7000,0.0000,4560.0000
47556b,TEA TIME TEA TOWELS,23.6400,4,4,0,23.6400,0.0000,-0.0000,-0.0000,0.0000,0.9998,C,23.6400,0.0000,4561.0000
90011E,AMBER CRYSTAL DROP EARRINGS,23.6100,8,8,1,14.8500,8.7600,-0.0000,-0.0000,0.0000,0.9998,C,23.6100,8.7600,4562.0000
85040b,SET/4 BLUE FLOWER CANDLES IN BOWL,23.5200,7,3,0,23.5200,0.0000,-0.0000,-0.0000,0.0000,0.9998,C,23.5200,0.0000,4563.0000
23623,SET 10 CARD CHRISTMAS WELCOME 17112,23.2800,8,6,0,0.0000,23.2800,-0.0000,-0.0000,0.0000,0.9998,C,23.2800,23.2800,4564.0000
90095,NECKLACE+BRACELET SET PINK BLOSSOM,22.9100,8,3,2,22.9100,0.0000,-0.0000,-0.0000,0.0000,0.9998,C,22.9100,0.0000,4565.0000
90025C,BAROQUE BUTTERFLY EARRINGS GREEN,22.5600,6,6,2,22.5600,0.0000,-0.0000,-0.0000,0.0000,0.9998,C,22.5600,0.0000,4566.0000
37477C,"FLOWER FAIRY MUG+COASTER,ROSE",22.5000,6,1,1,22.5000,0.0000,-0.0000,-0.0000,0.0000,0.9998,C,22.5000,0.0000,4567.0000
85225,BLING KEY RING STAND,22.5000,19,11,10,16.2500,1.2500,-0.0000,-0.0000,0.0000,0.9998,C,22.5000,1.2500,4567.0000
90189B,GOLD 2 STRAND NECKLACE-LEAF CHARMS,22.5000,3,2,2,22.5000,0.0000,-0.0000,-0.0000,0.0000,0.9998,C,22.5000,0.0000,4567.0000
35591T,TURQUOISE CHRISTMAS TREE,22.5000,18,9,9,16.2500,6.2500,-0.0000,-0.0000,0.0000,0.9998,C,22.5000,6.2500,4567.0000
23645,SET 10 CHRISTMAS CARDS HOHOHO 16956,22.4100,9,4,0,0.0000,17.4300,-0.0000,-0.0000,0.0000,0.9998,C,22.4100,17.4300,4571.0000
23640,SET 10 CARDS SCOTTIE DOG 17211,22.4100,9,8,0,0.0000,17.4300,-0.0000,-0.0000,0.0000,0.9998,C,22.4100,17.4300,4571.0000
35652,VINTAGE BEAD CHAISE LONG JEWEL BOX,21.5000,18,2,2,21.5000,0.0000,-0.0000,-0.0000,0.0000,0.9998,C,21.5000,0.0000,4573.0000
90214Z,"LETTER ""Z"" BLING KEY RING",21.4900,31,18,5,9.6500,8.3600,-0.0000,-0.0000,0.0000,0.9998,C,21.4900,8.3600,4574.0000
84387A,BIRD ON BRANCH CANVAS SCREEN,21.4500,11,1,1,0.0000,21.4500,-0.0000,-0.0000,0.0000,0.9998,C,21.4500,21.4500,4575.0000
44092C,PURPLE/COPPER HANGING LAMPSHADE,21.2500,25,10,6,2.5500,18.7000,-0.0000,-0.0000,0.0000,0.9998,C,21.2500,18.7000,4576.0000
21387,IVORY HANGING DECORATION  RABBIT,21.2500,25,4,4,21.2500,0.0000,-0.0000,-0.0000,0.0000,0.9998,C,21.2500,0.0000,4576.0000
90128D,PURPLE LEAVES AND BEADS PHONE CHAR,21.2400,13,7,2,16.2700,4.9700,-0.0000,-0.0000,0.0000,0.9998,C,21.2400,4.9700,4578.0000
21594,Dr. Jam's Arouzer Stress Ball,21.0600,5,5,0,12.7200,8.3400,-0.0000,-0.0000,0.0000,0.9998,C,21.0600,8.3400,4579.0000
35603B,S/16 BLACK SHINY/MAT BAUBLES,21.0000,50,2,1,21.0000,0.0000,50.4000,0.7059,0.0000,0.9999,C,21.0000,0.0000,4580.0000
23692,WRAP A PRETTY THANK YOU,21.0000,50,2,2,0.0000,21.0000,-0.0000,-0.0000,0.0000,0.9999,C,21.0000,21.0000,4580.0000
DCGS0072,CAT CAMOUFLAGUE COLLAR,20.6800,4,3,0,20.6800,0.0000,-0.0000,-0.0000,0.0000,0.9999,C,20.6800,0.0000,4582.0000
46776a,WOVEN BUBBLE GUM CUSHION COVER,20.6500,5,1,0,0.0000,20.6500,-0.0000,-0.0000,0.0000,0.9999,C,20.6500,20.6500,4583.0000
10002R,ROBOT PENCIL SHARPNER,20.5700,4,3,0,20.5700,0.0000,-0.0000,-0.0000,0.0000,0.9999,C,20.5700,0.0000,4584.0000
79172D,PURPLE TINT ACRYLIC FLOWER VASE,20.4000,24,4,4,20.4000,0.0000,-0.0000,-0.0000,0.0000,0.9999,C,20.4000,0.0000,4585.0000
85232a,SET/3 POLKA DOT STACKING TINS,20.3400,2,2,0,20.3400,0.0000,-0.0000,-0.0000,0.0000,0.9999,C,20.3400,0.0000,4586.0000
84536a,ENGLISH ROSE NOTEBOOK A7 SIZE,19.9700,25,12,0,8.9100,11.0600,-0.0000,-0.0000,0.0000,0.9999,C,19.9700,11.0600,4587.0000
90082C,DIAMANTE BOW BROOCH WHITE COLOUR,19.9300,3,3,1,19.9300,0.0000,-0.0000,-0.0000,0.0000,0.9999,C,19.9300,0.0000,4588.0000
90127A,PINK BEADS+HAND PHONE CHARM,19.9200,14,2,1,15.0000,4.9200,-0.0000,-0.0000,0.0000,0.9999,C,19.9200,4.9200,4589.0000
23616,SET 10 CARDS JINGLE BELLS 17217,19.9200,8,7,0,0.0000,12.4500,-0.0000,-0.0000,0.0000,0.9999,C,19.9200,12.4500,4589.0000
23646,SET 10 CARDS JINGLE BELLS 16957,19.9200,8,5,0,0.0000,19.9200,-0.0000,-0.0000,0.0000,0.9999,C,19.9200,19.9200,4589.0000
23601,SET 10 CARDS SNOWY SNOWDROPS  17100,19.9200,8,4,0,0.0000,19.9200,-0.0000,-0.0000,0.0000,0.9999,C,19.9200,19.9200,4589.0000
84570B,WHITE SATIN DRESS JEWEL STAND,19.8000,4,2,2,19.8000,0.0000,-0.0000,-0.0000,0.0000,0.9999,C,19.8000,0.0000,4593.0000
37488A,YELLOW PINK FLOWER DESIGN BIG BOWL,19.7700,31,5,4,8.8500,10.9200,2.9500,0.1298,0.0000,0.9999,C,19.7700,10.9200,4594.0000
37487B,YELLOW/ORANGE FLOWER DESIGN PLATE,19.7200,68,2,2,0.0000,19.7200,-0.0000,-0.0000,0.0000,0.9999,C,19.7200,19.7200,4595.0000
20680,PINK FLOWERS CHILDS UMBRELLA,19.5000,6,4,4,19.5000,0.0000,-0.0000,-0.0000,0.0000,0.9999,C,19.5000,0.0000,4596.0000
79062D,"RETRO TIN ASHTRAY,REVOLUTIONARY",19.4000,52,4,4,0.0000,19.4000,-0.0000,-0.0000,0.0000,0.9999,C,19.4000,19.4000,4597.0000
81950V,FLOWER PURPLE CLOCK W/SUCKER,19.0900,33,10,10,10.2000,8.8900,-0.0000,-0.0000,0.0000,0.9999,C,19.0900,8.8900,4598.0000
84030B,KNITTED POM POM HOT WATER BOTTLE,18.7500,5,3,2,18.7500,0.0000,-0.0000,-0.0000,0.0000,0.9999,C,18.7500,0.0000,4599.0000
90025D,BAROQUE BUTTERFLY EARRINGS PINK,18.6900,5,5,2,7.5000,11.1900,-0.0000,-0.0000,0.0000,0.9999,C,18.6900,11.1900,4600.0000
84732B,CUTE BIRD CEATURE SCREEN,18.4800,28,6,6,9.9000,8.5800,-0.0000,-0.0000,0.0000,0.9999,C,18.4800,8.5800,4601.0000
84311,CAMOFLAGE CUSHION COVER,18.1500,11,1,1,18.1500,0.0000,-0.0000,-0.0000,0.0000,0.9999,C,18.1500,0.0000,4602.0000
72796A,S/3 ENGLISH LAVENDER SQU CANDLE,18.1500,11,5,5,18.1500,0.0000,-0.0000,-0.0000,0.0000,0.9999,C,18.1500,0.0000,4602.0000
84986b,SET OF 36 SILVER PAPER DOILIES,17.8800,6,5,0,17.8800,0.0000,-0.0000,-0.0000,0.0000,0.9999,C,17.8800,0.0000,4604.0000
84614C,BLUE BAROQUE FLOCK CANDLE HOLDER,17.8500,3,1,1,17.8500,0.0000,-0.0000,-0.0000,0.0000,0.9999,C,17.8500,0.0000,4605.0000
18097B,BLUE TALL PORCELAIN T-LIGHT HOLDER,17.8500,7,3,3,17.8500,0.0000,-0.0000,-0.0000,0.0000,0.9999,C,17.8500,0.0000,4606.0000
71050,SMALL SINGLE FLAME CANDLE HOLDER,17.8500,51,8,7,6.3000,9.4500,-0.0000,-0.0000,0.0000,0.9999,C,17.8500,9.4500,4606.0000
72801e,S/4 FESTIVE GREEN DINNER CANDLES,17.5700,7,4,0,17.5700,0.0000,-0.0000,-0.0000,0.0000,0.9999,C,17.5700,0.0000,4608.0000
90182B,AMETHYST 3 BEAD DROP EARRINGS,17.5300,6,6,0,3.0300,11.6000,-0.0000,-0.0000,0.0000,0.9999,C,17.5300,11.6000,4609.0000
23627,SET 10 CARDS XMAS GRAPHIC  17218,17.4300,7,2,0,0.0000,17.4300,-0.0000,-0.0000,0.0000,0.9999,C,17.4300,17.4300,4610.0000
37482b,CUBIC MUG BLUE POLKA DOT,17.3500,1,1,0,17.3500,0.0000,-0.0000,-0.0000,0.0000,0.9999,C,17.3500,0.0000,4611.0000
DCGS0066N,NAVY CUDDLES DOG HOODIE,17.3000,2,2,0,17.3000,0.0000,-0.0000,-0.0000,0.0000,0.9999,C,17.3000,0.0000,4612.0000
84796b,BLUE SAVANNAH PICNIC HAMPER FOR 2,17.1200,2,2,0,17.1200,0.0000,-0.0000,-0.0000,0.0000,0.9999,C,17.1200,0.0000,4613.0000
DCGS0068,DOGS NIGHT COLLAR,17.1200,2,2,0,17.1200,0.0000,-0.0000,-0.0000,0.0000,0.9999,C,17.1200,0.0000,4613.0000
84993b,75 BLACK PETIT FOUR CASES,16.9900,20,13,0,16.9900,0.0000,-0.0000,-0.0000,0.0000,0.9999,C,16.9900,0.0000,4615.0000
21120,*Boombox Ipod Classic,16.9800,1,1,0,0.0000,16.9800,-0.0000,-0.0000,0.0000,0.9999,C,16.9800,16.9800,4616.0000
85035c,ROSE 3 WICK MORRIS BOX CANDLE,16.9400,2,2,0,8.4700,8.4700,-0.0000,-0.0000,0.0000,0.9999,C,16.9400,8.4700,4617.0000
85036b,CHOCOLATE 1 WICK MORRIS BOX CANDLE,16.9400,2,2,0,8.4700,8.4700,-0.0000,-0.0000,0.0000,0.9999,C,16.9400,8.4700,4617.0000
72805,VANILLA CANDLE IN EMBOSSED ZINC POT,16.9000,10,3,3,16.9000,0.0000,-0.0000,-0.0000,0.0000,0.9999,C,16.9000,0.0000,4619.0000
47591c,BLUE FAIRY CAKE CHILD'S APRON,16.8400,4,3,0,16.8400,0.0000,-0.0000,-0.0000,0.0000,0.9999,C,16.8400,0.0000,4620.0000
21511,VINTAGE COLLAGE  GREETING  CARD,16.8000,40,2,1,16.8000,0.0000,-0.0000,-0.0000,0.0000,0.9999,C,16.8000,0.0000,4621.0000
72785A,S/4 CONTEMPORY PINK ROSEBUD CANDLES,16.8000,8,4,4,16.8000,0.0000,-0.0000,-0.0000,0.0000,0.9999,C,16.8000,0.0000,4621.0000
44089A,PINK GAUZE BUTTERFLY LAMPSHADE,16.8000,40,13,11,10.5000,6.3000,-0.0000,-0.0000,0.0000,0.9999,C,16.8000,6.3000,4621.0000
23644,SET 10 CARDS CHRISTMAS TREE 16955,16.6500,5,5,0,0.0000,13.3200,-0.0000,-0.0000,0.0000,0.9999,C,16.6500,13.3200,4624.0000
84031b,CHARLIE LOLA BLUE HOT WATER BOTTLE,16.6300,1,1,0,0.0000,16.6300,-0.0000,-0.0000,0.0000,0.9999,C,16.6300,16.6300,4625.0000
84031a,CHARLIE+LOLA RED HOT WATER BOTTLE,16.6300,1,1,0,0.0000,16.6300,-0.0000,-0.0000,0.0000,0.9999,C,16.6300,16.6300,4625.0000
85036a,GARDENIA 1 WICK MORRIS BOXED CANDLE,16.5800,2,1,0,0.0000,16.5800,-0.0000,-0.0000,0.0000,0.9999,C,16.5800,16.5800,4627.0000
85160b,BLACK BIRD GARDEN DESIGN MUG,16.1300,1,1,0,16.1300,0.0000,-0.0000,-0.0000,0.0000,0.9999,C,16.1300,0.0000,4628.0000
47503J ,SET/3 FLORAL GARDEN TOOLS IN BAG,16.1300,1,1,0,16.1300,0.0000,-0.0000,-0.0000,0.0000,0.9999,C,16.1300,0.0000,4628.0000
90102,WHITE FRANGIPANI HAIR CLIP,16.1100,19,4,3,7.6100,8.5000,-0.0000,-0.0000,0.0000,0.9999,C,16.1100,8.5000,4630.0000
62074B,ELEPHANT CLIP W SUCTION CUP,15.9600,38,12,8,9.2400,6.7200,-0.0000,-0.0000,0.0000,0.9999,C,15.9600,6.7200,4631.0000
84250M,"GREETING CARD, BLACKPOOL ROCK",15.9000,28,13,1,15.9000,0.0000,-0.0000,-0.0000,0.0000,0.9999,C,15.9000,0.0000,4632.0000
84630,FLOWERS AND BIRDS WALL PLAQUE,15.9000,2,1,1,15.9000,0.0000,-0.0000,-0.0000,0.0000,0.9999,C,15.9000,0.0000,4632.0000
35932,PINK CHRISTMAS TREE DECORATION,15.6300,37,10,10,15.6300,0.0000,-0.0000,-0.0000,0.0000,0.9999,C,15.6300,0.0000,4634.0000
84912a,PINK ROSE WASHBAG,15.5600,2,1,0,15.5600,0.0000,-0.0000,-0.0000,0.0000,0.9999,C,15.5600,0.0000,4635.0000
21560,TOADSTOOL  LUNCHBOX WITH CUTLERY,15.4400,4,4,0,15.4400,0.0000,-0.0000,-0.0000,0.0000,0.9999,C,15.4400,0.0000,4636.0000
21853,GUMBALL CUSTOM CARS TOP TRUMPS GAME,15.4000,3,3,0,15.4000,0.0000,-0.0000,-0.0000,0.0000,0.9999,C,15.4000,0.0000,4637.0000
37481,CUBIC MUG TEATIME CAKES,15.3000,6,1,1,15.3000,0.0000,-0.0000,-0.0000,0.0000,0.9999,C,15.3000,0.0000,4638.0000
84509e,SET OF 4 CAROUSEL PLACEMATS,15.2400,2,1,0,15.2400,0.0000,-0.0000,-0.0000,0.0000,0.9999,C,15.2400,0.0000,4639.0000
85124c,GREEN JUICY FRUIT PHOTO FRAME,15.1800,3,2,0,15.1800,0.0000,-0.0000,-0.0000,0.0000,0.9999,C,15.1800,0.0000,4640.0000
17174,ASSTD RASTA KEY-CHAINS,15.1200,36,7,7,11.3400,3.7800,-0.0000,-0.0000,0.0000,0.9999,C,15.1200,3.7800,4641.0000
84206A,3 BLACK CATS W HEARTS BLANK CARD,15.0100,79,9,9,10.4500,4.5600,-0.0000,-0.0000,0.0000,0.9999,C,15.0100,4.5600,4642.0000
23449,SET OF 6 EASTER RAINBOW CHICKS,15.0000,12,1,1,0.0000,15.0000,-0.0000,-0.0000,0.0000,0.9999,C,15.0000,15.0000,4643.0000
90068,"RUBY GLASS NECKLACE 42""",15.0000,2,2,0,7.5000,7.5000,-0.0000,-0.0000,0.0000,0.9999,C,15.0000,7.5000,4643.0000
21475,SWEETHEART CREAM STEEL FOLDIN CHAIR,14.9500,1,1,1,14.9500,0.0000,14.9500,0.5000,0.0000,0.9999,C,14.9500,0.0000,4645.0000
23621,SET 10 CARDS DAVID'S MADONNA 17074,14.9400,6,4,0,0.0000,4.9800,-0.0000,-0.0000,0.0000,0.9999,C,14.9400,4.9800,4646.0000
84509g,SET OF 4 FAIRY CAKE PLACEMATS,14.9200,2,2,0,0.0000,14.9200,-0.0000,-0.0000,0.0000,0.9999,C,14.9200,14.9200,4647.0000
35650,VINTAGE BEAD PINK JEWEL STAND,14.8500,3,3,3,9.9000,4.9500,-0.0000,-0.0000,0.0000,0.9999,C,14.8500,4.9500,4648.0000
84567,FROSTED GLASS WITH SILVER SURROUND,14.8500,9,1,1,14.8500,0.0000,-0.0000,-0.0000,0.0000,0.9999,C,14.8500,0.0000,4649.0000
90011D,PURPLE CRYSTAL DROP EARRINGS,14.7500,5,5,0,5.9900,8.7600,-0.0000,-0.0000,0.0000,0.9999,C,14.7500,8.7600,4650.0000
SP1002,KID'S CHALKBOARD/EASEL,14.7500,5,2,2,14.7500,0.0000,-0.0000,-0.0000,0.0000,0.9999,C,14.7500,0.0000,4650.0000
23634,SET 10 CARDS XMAS CHOIR 17068,14.5500,5,5,0,0.0000,11.6400,-0.0000,-0.0000,0.0000,0.9999,C,14.5500,11.6400,4652.0000
90077,BLACK DIAMOND CLUSTER EARRINGS,14.4000,5,5,1,5.5800,8.8200,-0.0000,-0.0000,0.0000,0.9999,C,14.4000,8.8200,4653.0000
10124G,ARMY CAMO BOOKCOVER TAPE,14.2800,33,10,9,7.1400,7.1400,-0.0000,-0.0000,0.0000,0.9999,C,14.2800,7.1400,4654.0000
21852,EMPIRE TEDDY,13.9000,2,2,1,13.9000,0.0000,-0.0000,-0.0000,0.0000,0.9999,C,13.9000,0.0000,4655.0000
84868A,PINK BABY GIRL'S MEMORY BOX,13.9000,2,2,2,13.9000,0.0000,-0.0000,-0.0000,0.0000,0.9999,C,13.9000,0.0000,4655.0000
84406b,CREAM CUPID HEARTS COAT HANGER,13.8200,2,2,0,13.8200,0.0000,-0.0000,-0.0000,0.0000,0.9999,C,13.8200,0.0000,4657.0000
16245A,PINK MINI STATIONERY SET W CASE,13.7500,11,7,7,13.7500,0.0000,-0.0000,-0.0000,0.0000,0.9999,C,13.7500,0.0000,4658.0000
35936,CERISE+GOLD CHRISTMAS TREE DEC,13.6800,36,9,8,13.6800,0.0000,-0.0000,-0.0000,0.0000,0.9999,C,13.6800,0.0000,4659.0000
84814B,RHOMBUS CRYSTAL PERFUME BOTTLE,13.6500,7,3,2,13.6500,0.0000,-0.0000,-0.0000,0.0000,0.9999,C,13.6500,0.0000,4660.0000
35443,RASTA IN BATH W SPLIFF ASHTRAY,13.6000,16,10,9,6.8000,6.8000,-0.0000,-0.0000,0.0000,0.9999,C,13.6000,6.8000,4661.0000
79342b,BROWN FLOWER LIGHTS,13.5700,1,1,0,13.5700,0.0000,-0.0000,-0.0000,0.0000,0.9999,C,13.5700,0.0000,4662.0000
84867a,PINK BABY GIRLS PHOTO ALBUM,13.5700,1,1,0,13.5700,0.0000,-0.0000,-0.0000,0.0000,0.9999,C,13.5700,0.0000,4662.0000
21525,BEWARE OF THE CAT DOORMAT,13.5000,2,2,1,13.5000,0.0000,13.5000,0.5000,0.0000,0.9999,C,13.5000,0.0000,4664.0000
85039b,S/4 IVORY MINI ROSE CANDLE IN BOWL,13.4400,4,1,0,13.4400,0.0000,-0.0000,-0.0000,0.0000,0.9999,C,13.4400,0.0000,4665.0000
62097B,BLUE STRIPES SHOULDER BAG,13.3700,11,4,3,5.9000,7.4700,-0.0000,-0.0000,0.0000,0.9999,C,13.3700,7.4700,4666.0000
23639,SET 10 CARDS MAGICAL TREE 17086,13.3200,4,4,0,0.0000,13.3200,-0.0000,-0.0000,0.0000,0.9999,C,13.3200,13.3200,4667.0000
23607,SET 10 CARDS HATS & STOCKINGS 17081,13.2800,8,7,0,0.0000,13.2800,-0.0000,-0.0000,0.0000,0.9999,C,13.2800,13.2800,4668.0000
79149B,SILICON STAR BULB  BLUE,13.0200,31,12,11,5.4600,7.1400,-0.0000,-0.0000,0.0000,0.9999,C,13.0200,7.1400,4669.0000
85159b,"WHITE TEA,COFFEE,SUGAR JARS",13.0000,1,1,0,13.0000,0.0000,-0.0000,-0.0000,0.0000,0.9999,C,13.0000,0.0000,4670.0000
35004s,SET OF 3 SILVER FLYING DUCKS,13.0000,1,1,0,13.0000,0.0000,-0.0000,-0.0000,0.0000,0.9999,C,13.0000,0.0000,4670.0000
16192,PINK BALLET OPENING CUBE BOX,12.9000,3,1,0,12.9000,0.0000,-0.0000,-0.0000,0.0000,0.9999,C,12.9000,0.0000,4672.0000
84989b,75 BLACK FAIRY CAKE CASES,12.8000,10,6,0,12.8000,0.0000,-0.0000,-0.0000,0.0000,0.9999,C,12.8000,0.0000,4673.0000
84247J,PACK/12 RUSSIAN DOLL CARDS,12.7800,10,9,2,12.7800,0.0000,-0.0000,-0.0000,0.0000,0.9999,C,12.7800,0.0000,4674.0000
85083,KISS REINDEER SCANDINAVIAN STOCKING,12.7500,5,2,2,12.7500,0.0000,15.3000,0.5455,0.0000,0.9999,C,12.7500,0.0000,4675.0000
20812,EMBOSSED FLOWER TRELLIS PHOTO FRAME,12.7500,5,3,3,12.7500,0.0000,-0.0000,-0.0000,0.0000,0.9999,C,12.7500,0.0000,4675.0000
44092B,BLUE WHITE PLASTIC RINGS LAMPSHADE,12.7500,15,6,4,0.8500,11.9000,-0.0000,-0.0000,0.0000,0.9999,C,12.7500,11.9000,4675.0000
84648,NEW BAROQUE WALL MIRROR,12.7500,1,1,1,12.7500,0.0000,-0.0000,-0.0000,0.0000,0.9999,C,12.7500,0.0000,4675.0000
72752B,"F.FAIRY,CANDLE IN GLASS,LAVENDER",12.7500,3,2,2,12.7500,0.0000,-0.0000,-0.0000,0.0000,0.9999,C,12.7500,0.0000,4675.0000
21772,VINTAGE METAL CAKE STAND CREAM,12.7500,1,1,1,12.7500,0.0000,-0.0000,-0.0000,0.0000,0.9999,C,12.7500,0.0000,4675.0000
DCGS0075,CAMOUFLAGUE DOG LEAD,12.7200,1,1,0,12.7200,0.0000,-0.0000,-0.0000,0.0000,0.9999,C,12.7200,0.0000,4681.0000
DCGS0037,KEY-RING CORKSCREW,12.7200,1,1,0,12.7200,0.0000,-0.0000,-0.0000,0.0000,0.9999,C,12.7200,0.0000,4681.0000
35004p,SET OF 3 PINK FLYING DUCKS,12.7200,1,1,0,12.7200,0.0000,-0.0000,-0.0000,0.0000,0.9999,C,12.7200,0.0000,4681.0000
85157,SET OF 2 CHESTS CHOCOLAT AU LAIT,12.7200,1,1,0,12.7200,0.0000,-0.0000,-0.0000,0.0000,0.9999,C,12.7200,0.0000,4681.0000
35751C,PURPLE CURRENT CANDLE RING,12.6100,31,2,2,12.6100,0.0000,-0.0000,-0.0000,0.0000,0.9999,C,12.6100,0.0000,4685.0000
35597A,DUSTY PINK CHRISTMAS TREE 30CM,12.5000,10,4,4,11.2500,1.2500,-0.0000,-0.0000,0.0000,0.9999,C,12.5000,1.2500,4686.0000
35918B,BLUE FLORIBUNDA EGG WARMER,12.5000,10,5,5,12.5000,0.0000,1.2500,0.0909,0.0000,0.9999,C,12.5000,0.0000,4686.0000
84743C,ORANGE FELT VASE + FLOWERS,12.5000,10,5,5,11.2500,1.2500,-0.0000,-0.0000,0.0000,0.9999,C,12.5000,1.2500,4686.0000
51012L,"FEATHER DUSTER, LIGHT PINK",12.5000,10,6,5,12.5000,0.0000,1.2500,0.0909,0.0000,0.9999,C,12.5000,0.0000,4686.0000
23635,SET 10 CARDS CHRISTMAS HOLLY  17259,12.4800,3,3,0,0.0000,8.3200,-0.0000,-0.0000,0.0000,0.9999,C,12.4800,8.3200,4690.0000
23654,SET 10 CARD SNOWMAN 16965,12.4500,5,4,0,0.0000,7.4700,-0.0000,-0.0000,0.0000,0.9999,C,12.4500,7.4700,4691.0000
84596g,SMALL CHOCOLATES PINK BOWL,12.4000,5,2,0,5.0200,7.3800,-0.0000,-0.0000,0.0000,0.9999,C,12.4000,7.3800,4692.0000
90000C,OPAL WHITE/SILVER FLOWER NECKLACE,12.3200,2,2,1,12.3200,0.0000,-0.0000,-0.0000,0.0000,0.9999,C,12.3200,0.0000,4693.0000
44242A,LILAC FEATHERS CURTAIN,11.9800,14,2,2,2.5000,9.4800,-0.0000,-0.0000,0.0000,0.9999,C,11.9800,9.4800,4694.0000
22206,"MUG , DOTCOMGIFTSHOP.COM",11.8200,14,10,0,7.6500,4.1700,-0.0000,-0.0000,0.0000,0.9999,C,11.8200,4.1700,4695.0000
85185E,DUCK SOCK PUPPET,11.8000,4,2,2,11.8000,0.0000,5.1000,0.3018,0.0000,0.9999,C,11.8000,0.0000,4696.0000
85179a,GREEN BITTY LIGHT CHAIN,11.7800,2,2,0,9.3200,2.4600,-0.0000,-0.0000,0.0000,0.9999,C,11.7800,2.4600,4697.0000
23608,SET 10 CARDS RUDOLPHS NOSE 17097,11.6400,4,3,0,0.0000,8.7300,-0.0000,-0.0000,0.0000,0.9999,C,11.6400,8.7300,4698.0000
23605,SET 10 CARDS 12 DAYS OF XMAS 17059,11.6400,4,1,0,0.0000,11.6400,-0.0000,-0.0000,0.0000,0.9999,C,11.6400,11.6400,4698.0000
90025B,BAROQUE BUTTERFLY EARRINGS RED,11.2900,3,3,1,7.5600,3.7300,-0.0000,-0.0000,0.0000,0.9999,C,11.2900,3.7300,4700.0000
79070b,ENGLISH ROSE SQUARE CAKE TINS,11.2600,1,1,0,11.2600,0.0000,-0.0000,-0.0000,0.0000,0.9999,C,11.2600,0.0000,4701.0000
84366,VENDETTA CANVAS PICTURE,11.2500,3,3,2,11.2500,0.0000,-0.0000,-0.0000,0.0000,0.9999,C,11.2500,0.0000,4702.0000
17011B,ORIGAMI JASMINE INCENSE+FLOWER,11.1000,19,2,2,11.1000,0.0000,-0.0000,-0.0000,0.0000,0.9999,C,11.1000,0.0000,4703.0000
47590a,BLUE HAPPY BIRTHDAY BUNTING,11.0200,1,1,0,11.0200,0.0000,-0.0000,-0.0000,0.0000,0.9999,C,11.0200,0.0000,4704.0000
72785B,S/4 CONTEMPORY RED ROSEBUD CANDLES,10.9000,9,3,3,10.9000,0.0000,-0.0000,-0.0000,0.0000,0.9999,C,10.9000,0.0000,4705.0000
84732D,CUTE RABBIT CEATURE SCREEN,10.8900,15,6,6,6.6000,4.2900,-0.0000,-0.0000,0.0000,0.9999,C,10.8900,4.2900,4706.0000
16169G,WRAP ROMANTIC DECOUPAGE,10.5000,25,1,1,10.5000,0.0000,-0.0000,-0.0000,0.0000,0.9999,C,10.5000,0.0000,4707.0000
16169A,WRAP CHRISTMAS DECOUPAGE,10.5000,25,1,1,10.5000,0.0000,-0.0000,-0.0000,0.0000,0.9999,C,10.5000,0.0000,4707.0000
21496,WOODLAND CREATURES  WRAP,10.5000,25,1,1,10.5000,0.0000,10.5000,0.5000,0.0000,1.0000,C,10.5000,0.0000,4707.0000
17084G,MOON INCENSE,10.5000,50,2,2,10.5000,0.0000,-0.0000,-0.0000,0.0000,1.0000,C,10.5000,0.0000,4707.0000
85124b,BLUE JUICY FRUIT PHOTO FRAME,10.2300,2,2,0,10.2300,0.0000,-0.0000,-0.0000,0.0000,1.0000,C,10.2300,0.0000,4711.0000
21857,STAR WARS TOP TRUMPS GAME,10.2300,2,2,0,10.2300,0.0000,-0.0000,-0.0000,0.0000,1.0000,C,10.2300,0.0000,4711.0000
21858,HIGH SCHOOL MUSICAL 3 TOP TRUMPS,10.2300,2,2,0,10.2300,0.0000,-0.0000,-0.0000,0.0000,1.0000,C,10.2300,0.0000,4711.0000
20939,ORANGE CANDLE,10.2000,12,1,1,10.2000,0.0000,-0.0000,-0.0000,0.0000,1.0000,C,10.2000,0.0000,4714.0000
85232d,SET/3 DECOUPAGE STACKING TINS,10.1700,1,1,0,10.1700,0.0000,-0.0000,-0.0000,0.0000,1.0000,C,10.1700,0.0000,4715.0000
90214W,"LETTER ""W"" BLING KEY RING",10.1700,19,8,3,3.3500,3.3400,-0.0000,-0.0000,0.0000,1.0000,C,10.1700,3.3400,4715.0000
84661c,PINK SQUARE TABLE CLOCK,10.1200,2,2,0,10.1200,0.0000,-0.0000,-0.0000,0.0000,1.0000,C,10.1200,0.0000,4717.0000
84661a,WHITE SQUARE TABLE CLOCK,10.0200,2,2,0,5.0600,4.9600,-0.0000,-0.0000,0.0000,1.0000,C,10.0200,4.9600,4718.0000
23615,SET 10 CARDS PRINTED GRAPHIC 17219,9.9600,4,4,0,0.0000,7.4700,-0.0000,-0.0000,0.0000,1.0000,C,9.9600,7.4700,4719.0000
23624,SET 10 CARD PERFECT NATIVITY 17089,9.9600,4,4,0,0.0000,9.9600,-0.0000,-0.0000,0.0000,1.0000,C,9.9600,9.9600,4719.0000
23619,SET 10 CARDS POINSETTIA 17093,9.9600,4,2,0,0.0000,9.9600,-0.0000,-0.0000,0.0000,1.0000,C,9.9600,9.9600,4719.0000
23650,SET 10 CARDS FILIGREE BAUBLE 16961,9.9600,4,4,0,0.0000,7.4700,-0.0000,-0.0000,0.0000,1.0000,C,9.9600,7.4700,4719.0000
84971s,SMALL HEART FLOWERS HOOK,9.9600,6,3,0,9.9600,0.0000,-0.0000,-0.0000,0.0000,1.0000,C,9.9600,0.0000,4723.0000
85049b,LUSH GREENS RIBBONS,9.9400,4,3,0,5.0200,4.9200,-0.0000,-0.0000,0.0000,1.0000,C,9.9400,4.9200,4724.0000
85231g,ORANGE SCENTED SET/9 T-LIGHTS,9.7800,6,6,0,0.0000,9.7800,-0.0000,-0.0000,0.0000,1.0000,C,9.7800,9.7800,4725.0000
81953P,ROUND ARTICULATED PINK CLOCK W/SUCK,9.5700,33,6,5,4.2500,5.3200,-0.0000,-0.0000,0.0000,1.0000,C,9.5700,5.3200,4726.0000
20822,SILVER WINE GOBLET,9.3000,2,1,1,9.3000,0.0000,9.3000,0.5000,0.0000,1.0000,C,9.3000,0.0000,4727.0000
23441,HAND PAINTED HANGING EASTER EGG,9.2400,22,3,3,0.0000,8.4000,-0.0000,-0.0000,0.0000,1.0000,C,9.2400,8.4000,4728.0000
72708,SCULPTED ROUND IVORY CANDLE,9.2400,44,5,5,9.2400,0.0000,-0.0000,-0.0000,0.0000,1.0000,C,9.2400,0.0000,4728.0000
90184c,BLACK CHUNKY BEAD BRACELET W STRAP,9.1500,1,1,0,0.0000,9.1500,-0.0000,-0.0000,0.0000,1.0000,C,9.1500,9.1500,4730.0000
62097A,PINK STRIPES SHOULDER BAG,8.8500,3,3,1,8.8500,0.0000,-0.0000,-0.0000,0.0000,1.0000,C,8.8500,0.0000,4731.0000
20882,MODERN CHRISTMAS TREE CANDLE,8.8500,3,2,1,8.8500,0.0000,-0.0000,-0.0000,0.0000,1.0000,C,8.8500,0.0000,4731.0000
35598C,WHITE CHRISTMAS TREE 60CM,8.8500,3,3,3,2.9500,5.9000,-0.0000,-0.0000,0.0000,1.0000,C,8.8500,5.9000,4731.0000
18098B,BLUE PORCELAIN B'FLY OIL BURNER,8.8500,3,3,3,8.8500,0.0000,-0.0000,-0.0000,0.0000,1.0000,C,8.8500,0.0000,4731.0000
71496B,A4 WALL TIDY RED FLOWERS,8.6700,15,6,6,1.3000,7.3700,-0.0000,-0.0000,0.0000,1.0000,C,8.6700,7.3700,4735.0000
21406,SPOTTY CAT DOORSTOP,8.6500,1,1,0,8.6500,0.0000,-0.0000,-0.0000,0.0000,1.0000,C,8.6500,0.0000,4736.0000
20739,*USB Office Glitter Lamp,8.6500,1,1,0,8.6500,0.0000,-0.0000,-0.0000,0.0000,1.0000,C,8.6500,0.0000,4736.0000
90013E,AMBER VINTAGE EARRINGS,8.5700,2,2,0,8.5700,0.0000,-0.0000,-0.0000,0.0000,1.0000,C,8.5700,0.0000,4738.0000
84572,6 HOOK JEWEL STAND LILAC DRESS,8.4900,1,1,1,8.4900,0.0000,-0.0000,-0.0000,0.0000,1.0000,C,8.4900,0.0000,4739.0000
90126B,BLUE BERTIE MOBILE PHONE CHARM,8.4800,3,3,0,8.4800,0.0000,-0.0000,-0.0000,0.0000,1.0000,C,8.4800,0.0000,4740.0000
72803b,OCEAN SCENT CANDLE JEWELLED DRAWER,8.4700,1,1,0,0.0000,8.4700,-0.0000,-0.0000,0.0000,1.0000,C,8.4700,8.4700,4741.0000
84030b,KNITTED POM POM HOT WATER BOTTLE,8.4600,1,1,0,8.4600,0.0000,-0.0000,-0.0000,0.0000,1.0000,C,8.4600,0.0000,4742.0000
90111,BLUE HIBISCUS  HAIR CLIP,8.4000,8,6,6,8.4000,0.0000,-0.0000,-0.0000,0.0000,1.0000,C,8.4000,0.0000,4743.0000
44091A,BLUE CRUSOE CHECK LAMPSHADE,8.4000,20,6,6,4.6200,3.7800,-0.0000,-0.0000,0.0000,1.0000,C,8.4000,3.7800,4743.0000
84534b,FAIRY CAKE NOTEBOOK A5 SIZE,8.3000,5,4,0,4.9800,3.3200,-0.0000,-0.0000,0.0000,1.0000,C,8.3000,3.3200,4745.0000
23612,SET 10 MINICARDS CUTE SNOWMAN 17071,8.3000,5,2,0,0.0000,8.3000,-0.0000,-0.0000,0.0000,1.0000,C,8.3000,8.3000,4746.0000
72802c,VANILLA SCENT CANDLE JEWELLED BOX,8.2900,1,1,0,0.0000,8.2900,-0.0000,-0.0000,0.0000,1.0000,C,8.2900,8.2900,4747.0000
85034b,3 WHITE CHOC MORRIS BOXED CANDLES,8.2900,1,1,0,0.0000,8.2900,-0.0000,-0.0000,0.0000,1.0000,C,8.2900,8.2900,4747.0000
84029c,BROWN FURRY HOT WATER BOTTLE,7.7800,1,1,0,7.7800,0.0000,-0.0000,-0.0000,0.0000,1.0000,C,7.7800,0.0000,4749.0000
37438,FUNKY FLOWER COFFEE POT,7.5000,2,1,1,7.5000,0.0000,-0.0000,-0.0000,0.0000,1.0000,C,7.5000,0.0000,4750.0000
90025A,BAROQUE BUTTERFLY EARRINGS BLACK,7.5000,2,2,2,0.0000,7.5000,-0.0000,-0.0000,0.0000,1.0000,C,7.5000,7.5000,4750.0000
20942,SET/6 GINGERBREAD TREE T-LIGHTS,7.5000,6,4,4,7.5000,0.0000,1.2500,0.1429,0.0000,1.0000,C,7.5000,0.0000,4750.0000
46037A,PINK CANVAS DES CUSHION COVER,7.5000,6,2,2,7.5000,0.0000,-0.0000,-0.0000,0.0000,1.0000,C,7.5000,0.0000,4750.0000
82011E,"BATHROOM SCALES, FAG BREAK",7.5000,2,2,2,7.5000,0.0000,-0.0000,-0.0000,0.0000,1.0000,C,7.5000,0.0000,4750.0000
82613a,"METAL SIGN,CUPCAKE SINGLE HOOK",7.4800,3,3,0,5.0200,2.4600,-0.0000,-0.0000,0.0000,1.0000,C,7.4800,2.4600,4755.0000
23633,SET 10 CARDS WORLD CHILDREN 17067,7.4700,3,3,0,0.0000,7.4700,-0.0000,-0.0000,0.0000,1.0000,C,7.4700,7.4700,4756.0000
84201B,HAPPY BIRTHDAY CARD STRIPEY TEDDY,7.4100,39,8,6,4.9400,2.4700,-0.0000,-0.0000,0.0000,1.0000,C,7.4100,2.4700,4757.0000
35001P,HAND OPEN SHAPE PINK,6.9800,2,2,2,6.9800,0.0000,3.4900,0.3333,0.0000,1.0000,C,6.9800,0.0000,4758.0000
85230D,VANILLA SCENTED VOTIVE CANDLE,6.9600,24,1,1,6.9600,0.0000,-0.0000,-0.0000,0.0000,1.0000,C,6.9600,0.0000,4759.0000
85230C,ROSE SCENTED VOTIVE CANDLE,6.9600,24,1,1,6.9600,0.0000,-0.0000,-0.0000,0.0000,1.0000,C,6.9600,0.0000,4759.0000
84705b,FAIRY CAKES PHOTO FRAME,6.8600,2,2,0,6.8600,0.0000,-0.0000,-0.0000,0.0000,1.0000,C,6.8600,0.0000,4761.0000
37409,ASSORTED DESIGN FLOWER MUGS,6.8000,8,3,3,6.8000,0.0000,-0.0000,-0.0000,0.0000,1.0000,C,6.8000,0.0000,4762.0000
37484,ENGLISH ROSE TEA FOR ONE GIFT BOX,6.7500,1,1,1,6.7500,0.0000,-0.0000,-0.0000,0.0000,1.0000,C,6.7500,0.0000,4763.0000
48173A,DOOR MAT BLUE FLOCK,6.7500,1,1,1,6.7500,0.0000,-0.0000,-0.0000,0.0000,1.0000,C,6.7500,0.0000,4763.0000
23604,SET 10 MINI SANTA & SNOWMAN  17087,6.6400,4,2,0,0.0000,6.6400,-0.0000,-0.0000,0.0000,1.0000,C,6.6400,6.6400,4765.0000
20858,SILVER PURSE GOLD PINK BUTTERFLY,6.6000,4,1,1,6.6000,0.0000,-0.0000,-0.0000,0.0000,1.0000,C,6.6000,0.0000,4766.0000
20678,LARGE BLACK DIAMANTE HAIRSLIDE,6.6000,4,1,1,0.0000,6.6000,-0.0000,-0.0000,0.0000,1.0000,C,6.6000,6.6000,4766.0000
85231b,CINAMMON SET OF 9 T-LIGHTS,6.5800,4,4,0,1.6600,4.9200,-0.0000,-0.0000,0.0000,1.0000,C,6.5800,4.9200,4768.0000
84536b,FAIRY CAKES NOTEBOOK A7 SIZE,6.4800,8,4,0,2.4300,4.0500,-0.0000,-0.0000,0.0000,1.0000,C,6.4800,4.0500,4769.0000
20884,MODERN CHRISTMAS TREE CANDLE,6.3000,3,3,2,6.3000,0.0000,-0.0000,-0.0000,0.0000,1.0000,C,6.3000,0.0000,4770.0000
79140,ASS WINDPROOF MARIJUANA LIGHTERS,6.3000,15,2,2,6.3000,0.0000,-0.0000,-0.0000,0.0000,1.0000,C,6.3000,0.0000,4771.0000
37408,ASSORTED DESIGN GEISHA GIRL MUGS,6.2500,5,1,1,6.2500,0.0000,-0.0000,-0.0000,0.0000,1.0000,C,6.2500,0.0000,4772.0000
20673,STRAWBERRIES PRINT BOWL,6.2500,5,2,2,6.2500,0.0000,-0.0000,-0.0000,0.0000,1.0000,C,6.2500,0.0000,4772.0000
82072,WHITE WOOD SINGLE P/FRAME,6.2500,5,3,3,6.2500,0.0000,-0.0000,-0.0000,0.0000,1.0000,C,6.2500,0.0000,4772.0000
23610,SET 10 CARDS CHRISTMAS ROBIN 17095,6.2400,3,3,0,0.0000,6.2400,-0.0000,-0.0000,0.0000,1.0000,C,6.2400,6.2400,4775.0000
79051a,SMOKEY GREY COLOUR D.O.F. GLASS,6.0400,1,1,0,6.0400,0.0000,-0.0000,-0.0000,0.0000,1.0000,C,6.0400,0.0000,4776.0000
85123b,ZINC HANGING HEART T-LITE HLDR,6.0400,1,1,0,6.0400,0.0000,-0.0000,-0.0000,0.0000,1.0000,C,6.0400,0.0000,4776.0000
72751B,"F.FAIRY S/3 SML CANDLE, LAVENDER",5.9500,1,1,1,5.9500,0.0000,-0.0000,-0.0000,0.0000,1.0000,C,5.9500,0.0000,4778.0000
72751C,"F.FAIRY S/3 SML CANDLE, ROSE",5.9500,1,1,1,5.9500,0.0000,-0.0000,-0.0000,0.0000,1.0000,C,5.9500,0.0000,4778.0000
72751A,"F.FAIRY S/3 SML CANDLE,LILY/VALLEY",5.9500,1,1,1,5.9500,0.0000,-0.0000,-0.0000,0.0000,1.0000,C,5.9500,0.0000,4778.0000
85077,KISSING REINDEER TABLE RUNNER,5.9500,1,1,0,5.9500,0.0000,-0.0000,-0.0000,0.0000,1.0000,C,5.9500,0.0000,4778.0000
85184d,S/4 BLUE ROUND DECOUPAGE BOXES,5.9100,1,1,0,5.9100,0.0000,-0.0000,-0.0000,0.0000,1.0000,C,5.9100,0.0000,4782.0000
18098A,PINK PORCELAIN B'FLY OIL BURNER,5.9000,2,2,2,5.9000,0.0000,-0.0000,-0.0000,0.0000,1.0000,C,5.9000,0.0000,4783.0000
35823P,"ACRYLIC BEAD GARLAND,PINK",5.9000,2,2,2,5.9000,0.0000,-0.0000,-0.0000,0.0000,1.0000,C,5.9000,0.0000,4783.0000
35821P,"JEWELLED DECORATION,PINK",5.9000,2,2,2,5.9000,0.0000,-0.0000,-0.0000,0.0000,1.0000,C,5.9000,0.0000,4783.0000
79303A,WHITE ROHMBIC BLOCK TABLE LAMP,5.9000,2,1,1,5.9000,0.0000,-0.0000,-0.0000,0.0000,1.0000,C,5.9000,0.0000,4783.0000
35051B,PINK BEADED CONE CHRISTMAS,5.8800,14,2,2,5.8800,0.0000,-0.0000,-0.0000,0.0000,1.0000,C,5.8800,0.0000,4787.0000
85186B,BUNNY BUNCH OF FLOWERS,5.8800,14,2,2,5.8800,0.0000,-0.0000,-0.0000,0.0000,1.0000,C,5.8800,0.0000,4787.0000
37326,FAIRY DESIGN MUGS,5.8600,3,2,1,5.8600,0.0000,-0.0000,-0.0000,0.0000,1.0000,C,5.8600,0.0000,4789.0000
23617,SET 10 CARDS SWIRLY XMAS TREE 17104,5.8200,2,1,0,0.0000,5.8200,-0.0000,-0.0000,0.0000,1.0000,C,5.8200,5.8200,4790.0000
23638,SET 10 CARDS ROBIN WATERPUMP  17096,5.8200,2,2,0,0.0000,5.8200,-0.0000,-0.0000,0.0000,1.0000,C,5.8200,5.8200,4790.0000
23652,SET 10 CARD CHRISTMAS STAMPS 16963,5.8200,2,1,0,0.0000,5.8200,-0.0000,-0.0000,0.0000,1.0000,C,5.8200,5.8200,4790.0000
23630,SET 10 CARDS HANGING BAUBLES 17080,5.4800,2,2,1,0.0000,5.4800,2.9900,0.3530,0.0000,1.0000,C,5.4800,5.4800,4793.0000
35537,CANDLE RING W/CLEAR BEADS,5.4600,13,3,3,5.4600,0.0000,-0.0000,-0.0000,0.0000,1.0000,C,5.4600,0.0000,4794.0000
21838,DADDY MOUSE RED GINGHAM BOW TIE,5.4500,1,1,1,5.4500,0.0000,-0.0000,-0.0000,0.0000,1.0000,C,5.4500,0.0000,4795.0000
35751D,PINK CURRENT CANDLE RING,5.3200,28,1,1,5.3200,0.0000,-0.0000,-0.0000,0.0000,1.0000,C,5.3200,0.0000,4796.0000
16215,FUNKY GIRLZ MAGNETIC TO DO LIST,5.2000,8,3,3,5.2000,0.0000,-0.0000,-0.0000,0.0000,1.0000,C,5.2000,0.0000,4797.0000
21860,DR WHO TOP TRUMPS GAME,5.1700,1,1,0,5.1700,0.0000,-0.0000,-0.0000,0.0000,1.0000,C,5.1700,0.0000,4798.0000
21854,EURO FOOTBALL STARS TOP TRUMPS GAME,5.1700,1,1,0,5.1700,0.0000,-0.0000,-0.0000,0.0000,1.0000,C,5.1700,0.0000,4798.0000
71434B,"BLACK RND BULLET""KEEP CLEAN"" BIN",5.1000,2,2,1,5.1000,0.0000,-0.0000,-0.0000,0.0000,1.0000,C,5.1000,0.0000,4800.0000
71101A,ANGEL ON KNEES METAL POLE 100CM H,5.1000,6,1,1,5.1000,0.0000,-0.0000,-0.0000,0.0000,1.0000,C,5.1000,0.0000,4800.0000
90142B,IVORY PENDANT SHELL NECKLACE,5.0900,1,1,0,5.0900,0.0000,-0.0000,-0.0000,0.0000,1.0000,C,5.0900,0.0000,4802.0000
90142C,ROSE PINK PENDANT SHELL NECKLACE,5.0900,1,1,0,5.0900,0.0000,-0.0000,-0.0000,0.0000,1.0000,C,5.0900,0.0000,4802.0000
84942,KASHMIR FOLKART HEART DISHES,5.0700,3,3,3,5.0700,0.0000,-0.0000,-0.0000,0.0000,1.0000,C,5.0700,0.0000,4804.0000
DCGS0041,HAYNES MINI-COOPER PLAYING CARDS,5.0600,1,1,0,5.0600,0.0000,-0.0000,-0.0000,0.0000,1.0000,C,5.0600,0.0000,4805.0000
72740B,LARGE WHITE CHOCOLATE CANDLE,5.0600,1,1,0,5.0600,0.0000,-0.0000,-0.0000,0.0000,1.0000,C,5.0600,0.0000,4805.0000
20877,MODERN CHRISTMAS BAUBLE CANDLE,5.0400,12,5,3,5.0400,0.0000,-0.0000,-0.0000,0.0000,1.0000,C,5.0400,0.0000,4807.0000
84596j,MIXED NUTS LIGHT GREEN BOWL,5.0200,2,2,0,5.0200,0.0000,-0.0000,-0.0000,0.0000,1.0000,C,5.0200,0.0000,4808.0000
23649,SET 10 CARDS DECK THE HALLS 16960,4.9800,2,2,0,0.0000,4.9800,-0.0000,-0.0000,0.0000,1.0000,C,4.9800,4.9800,4809.0000
47593b,SCOTTIE DOGS BABY BIB,4.9800,6,1,0,0.0000,4.9800,-0.0000,-0.0000,0.0000,1.0000,C,4.9800,4.9800,4810.0000
84661b,BLACK SQUARE TABLE CLOCK,4.9600,1,1,0,0.0000,4.9600,-0.0000,-0.0000,0.0000,1.0000,C,4.9600,4.9600,4811.0000
85043,RED HEART CANDY POP LIGHTS,4.9500,1,1,1,4.9500,0.0000,14.8500,0.7500,0.0000,1.0000,C,4.9500,0.0000,4812.0000
37451,CERAMIC CAKE TEAPOT WITH CHERRY,4.9500,1,1,1,4.9500,0.0000,8.5000,0.6320,0.0000,1.0000,C,4.9500,0.0000,4812.0000
85232C,RUSSIAN FOLKART STACKING TINS,4.9500,1,1,1,4.9500,0.0000,-0.0000,-0.0000,0.0000,1.0000,C,4.9500,0.0000,4812.0000
85049d,BRIGHT BLUES RIBBONS,4.9200,2,2,0,0.0000,4.9200,-0.0000,-0.0000,0.0000,1.0000,C,4.9200,4.9200,4815.0000
84971l,LARGE HEART FLOWERS HOOK,4.9200,2,1,0,0.0000,4.9200,-0.0000,-0.0000,0.0000,1.0000,C,4.9200,4.9200,4815.0000
90214U,"LETTER ""U"" BLING KEY RING",4.7300,13,2,2,1.2500,0.0000,-0.0000,-0.0000,0.0000,1.0000,C,4.7300,0.0000,4817.0000
45014,FOLDING SHIRT TIDY,4.6500,1,1,1,4.6500,0.0000,-0.0000,-0.0000,0.0000,1.0000,C,4.6500,0.0000,4818.0000
81953B,ROUND BLUE CLOCK WITH SUCKER,4.6400,14,6,5,2.5500,2.0900,-0.0000,-0.0000,0.0000,1.0000,C,4.6400,2.0900,4819.0000
79151B,"SILICON CUBE 25W, BLUE",4.6200,11,2,2,0.0000,4.6200,-0.0000,-0.0000,0.0000,1.0000,C,4.6200,4.6200,4820.0000
72529w,WHITE ADVENT CANDLE,4.3000,1,1,0,4.3000,0.0000,-0.0000,-0.0000,0.0000,1.0000,C,4.3000,0.0000,4821.0000
79157V,UBO-LIGHT TRIOBASE PURPLE,4.2500,5,3,3,0.0000,4.2500,-0.0000,-0.0000,0.0000,1.0000,C,4.2500,4.2500,4822.0000
79157B,UBO-LIGHT TRIOBASE BLUE,4.2500,5,3,3,0.8500,2.5500,-0.0000,-0.0000,0.0000,1.0000,C,4.2500,2.5500,4822.0000
72752A,"F.FAIRY,CANDLE IN GLASS,LILY/VALLEY",4.2500,1,1,1,4.2500,0.0000,-0.0000,-0.0000,0.0000,1.0000,C,4.2500,0.0000,4822.0000
21409,SPOTTY COCKEREL DOORSTOP,4.2500,1,1,1,4.2500,0.0000,-0.0000,-0.0000,0.0000,1.0000,C,4.2500,0.0000,4822.0000
47594a,CAROUSEL DESIGN WASHBAG,4.2100,1,1,0,4.2100,0.0000,-0.0000,-0.0000,0.0000,1.0000,C,4.2100,0.0000,4826.0000
84255A,PINK GLASS COCKTAIL LAMP,4.2000,2,2,2,4.2000,0.0000,-0.0000,-0.0000,0.0000,1.0000,C,4.2000,0.0000,4827.0000
46776b,WOVEN BERRIES CUSHION COVER,4.1300,1,1,0,0.0000,4.1300,-0.0000,-0.0000,0.0000,1.0000,C,4.1300,4.1300,4828.0000
46776e,WOVEN CANDY CUSHION COVER,4.1300,1,1,0,0.0000,4.1300,-0.0000,-0.0000,0.0000,1.0000,C,4.1300,4.1300,4828.0000
37432,MUG PINK AND PURPLE ARABIC DESIGN,3.9000,6,1,1,3.9000,0.0000,-0.0000,-0.0000,0.0000,1.0000,C,3.9000,0.0000,4830.0000
72084B,CHOCOLATE ICE CREAM CANDLE,3.9000,2,1,1,3.9000,0.0000,-0.0000,-0.0000,0.0000,1.0000,C,3.9000,0.0000,4831.0000
16010,FOLDING CAMPING SCISSOR W/KNIF & S,3.8400,32,4,4,0.2400,3.6000,-0.0000,-0.0000,0.0000,1.0000,C,3.8400,3.6000,4832.0000
35995,SET/6 BLACK GLITTER REINDEER CANDLE,3.7800,5,5,4,3.7800,0.0000,-0.0000,-0.0000,0.0000,1.0000,C,3.7800,0.0000,4833.0000
35974,S/6 CHRISTMAS TREE PLACE SETTING,3.7500,1,1,1,3.7500,0.0000,-0.0000,-0.0000,0.0000,1.0000,C,3.7500,0.0000,4834.0000
90004A,JADE GREEN PAIR ENAMEL HAIR SLIDES,3.7500,1,1,1,3.7500,0.0000,-0.0000,-0.0000,0.0000,1.0000,C,3.7500,0.0000,4834.0000
40046C,PINK BUTTERFLY PAPER LAMPSHADE,3.7500,3,3,3,3.7500,0.0000,-0.0000,-0.0000,0.0000,1.0000,C,3.7500,0.0000,4834.0000
84731,3 BIRDS CANVAS SCREEN,3.6900,3,3,3,1.6500,2.0400,-0.0000,-0.0000,0.0000,1.0000,C,3.6900,2.0400,4837.0000
35818C,"ACRYLIC JEWEL ICICLE, CLEAR",3.4300,1,1,0,3.4300,0.0000,-0.0000,-0.0000,0.0000,1.0000,C,3.4300,0.0000,4838.0000
21081,SET/20 POSIES PAPER NAPKINS,3.4000,4,4,4,3.4000,0.0000,-0.0000,-0.0000,0.0000,1.0000,C,3.4000,0.0000,4839.0000
84559d,3D SHEET OF SEA WORLD STICKERS,3.3800,2,1,0,3.3800,0.0000,-0.0000,-0.0000,0.0000,1.0000,C,3.3800,0.0000,4840.0000
23643,SET 10 CARDS CHRISTMAS BAUBLE 16954,3.3300,1,1,0,0.0000,3.3300,-0.0000,-0.0000,0.0000,1.0000,C,3.3300,3.3300,4841.0000
20683,RAIN GIRL CHILDS UMBRELLA,3.2500,1,1,1,3.2500,0.0000,-0.0000,-0.0000,0.0000,1.0000,C,3.2500,0.0000,4842.0000
84985b,SET OF 72 BLACK PAPER DOILIES,2.9800,1,1,0,2.9800,0.0000,-0.0000,-0.0000,0.0000,1.0000,C,2.9800,0.0000,4843.0000
20885,BOX OF 3 PEBBLE CANDLES,2.9500,1,1,1,2.9500,0.0000,2.9500,0.5000,0.0000,1.0000,C,2.9500,0.0000,4844.0000
79301,FEATHER HEART LIGHTS,2.9500,1,1,1,2.9500,0.0000,22.9500,0.8861,0.0000,1.0000,C,2.9500,0.0000,4844.0000
23628,SET 10 CARDS TRIANGLE ICONS  17220,2.9100,1,1,0,0.0000,2.9100,-0.0000,-0.0000,0.0000,1.0000,C,2.9100,2.9100,4846.0000
23609,SET 10 CARDS SNOWY ROBIN 17099,2.9100,1,1,0,0.0000,2.9100,-0.0000,-0.0000,0.0000,1.0000,C,2.9100,2.9100,4846.0000
23602,SET 10 CARDS 3 WISE MEN 17107,2.9100,1,1,0,0.0000,2.9100,-0.0000,-0.0000,0.0000,1.0000,C,2.9100,2.9100,4846.0000
90183c,BLACK DROP EARRINGS W LONG BEADS,2.9000,1,1,0,0.0000,2.9000,-0.0000,-0.0000,0.0000,1.0000,C,2.9000,2.9000,4849.0000
DCGS0044,HANDZ-OFF CAR FRESHENER,2.5700,1,1,0,2.5700,0.0000,-0.0000,-0.0000,0.0000,1.0000,C,2.5700,0.0000,4850.0000
85171,S/2 HYACINTH BULB CANDLES,2.5500,1,1,1,2.5500,0.0000,-0.0000,-0.0000,0.0000,1.0000,C,2.5500,0.0000,4851.0000
20881,MODERN CHRISTMAS TREE CANDLE,2.5500,3,2,1,2.5500,0.0000,-0.0000,-0.0000,0.0000,1.0000,C,2.5500,0.0000,4851.0000
21036,SET/2 TEA TOWELS MODERN VINTAGE,2.5500,1,1,1,2.5500,0.0000,-0.0000,-0.0000,0.0000,1.0000,C,2.5500,0.0000,4851.0000
90091,CRYSTAL DRAGONFLY PHONE CHARM,2.5500,3,2,2,2.5500,0.0000,-0.0000,-0.0000,0.0000,1.0000,C,2.5500,0.0000,4851.0000
47569,ENGLISH ROSE DESIGN SHOPPING BAG,2.5500,1,1,1,2.5500,0.0000,2.5500,0.5000,0.0000,1.0000,C,2.5500,0.0000,4851.0000
47554,S/3 COLOURS FLOCK TEA TOWELS,2.5500,1,1,1,2.5500,0.0000,-0.0000,-0.0000,0.0000,1.0000,C,2.5500,0.0000,4851.0000
47556,SET/2 SPOTTY + ROSE TEA TOWELS,2.5500,1,1,1,2.5500,0.0000,-0.0000,-0.0000,0.0000,1.0000,C,2.5500,0.0000,4851.0000
35999,S/6 SCANDINAVIAN HEART T-LIGHT,2.5500,1,1,1,2.5500,0.0000,-0.0000,-0.0000,0.0000,1.0000,C,2.5500,0.0000,4851.0000
17028J,INCENSE BAZAAR PEACH,2.5200,6,1,1,0.0000,2.5200,-0.0000,-0.0000,0.0000,1.0000,C,2.5200,2.5200,4859.0000
DCGS0062,ROAD-RAGE CAR FRESHENER,2.5100,1,1,0,2.5100,0.0000,-0.0000,-0.0000,0.0000,1.0000,C,2.5100,0.0000,4860.0000
47593a,CAROUSEL DESIGN BABY BIB,2.5100,1,1,0,2.5100,0.0000,-0.0000,-0.0000,0.0000,1.0000,C,2.5100,0.0000,4860.0000
21008,ETCHED GLASS HEART TREE DECORATION,2.5100,1,1,0,2.5100,0.0000,-0.0000,-0.0000,0.0000,1.0000,C,2.5100,0.0000,4860.0000
90127B,BLUE BEADS+HAND PHONE CHARM,2.5000,2,2,2,2.5000,0.0000,-0.0000,-0.0000,0.0000,1.0000,C,2.5000,0.0000,4863.0000
21290,LARGE SPOTTY CHOCOLATE GIFT BAG,2.5000,2,1,0,2.5000,0.0000,-0.0000,-0.0000,0.0000,1.0000,C,2.5000,0.0000,4863.0000
21225,POCKET MIRROR BUTTERFLY,2.5000,2,2,2,2.5000,0.0000,-0.0000,-0.0000,0.0000,1.0000,C,2.5000,0.0000,4863.0000
84596l,BISCUITS SMALL BOWL LIGHT BLUE,2.4600,1,1,0,0.0000,2.4600,-0.0000,-0.0000,0.0000,1.0000,C,2.4600,2.4600,4866.0000
85049c,ROMANTIC PINKS RIBBONS,2.4600,1,1,0,0.0000,2.4600,-0.0000,-0.0000,0.0000,1.0000,C,2.4600,2.4600,4866.0000
84510b,SET OF 4 FAIRY CAKES COASTERS,2.1500,1,1,0,2.1500,0.0000,-0.0000,-0.0000,0.0000,1.0000,C,2.1500,0.0000,4868.0000
17061,ASSORTED SHAPED STENCIL FOR HENNA,2.0800,52,1,1,2.0800,0.0000,-0.0000,-0.0000,0.0000,1.0000,C,2.0800,0.0000,4869.0000
85192S,HANGING SPRING FLOWER HEART SMALL,1.9500,3,2,2,1.9500,0.0000,-0.0000,-0.0000,0.0000,1.0000,C,1.9500,0.0000,4870.0000
84814A,HEXAGONAL CRYSTAL PERFUME BOTTLE,1.9500,1,1,1,1.9500,0.0000,-0.0000,-0.0000,0.0000,1.0000,C,1.9500,0.0000,4871.0000
35945,GOLD CHRISTMAS STOCKING DECORATION,1.9500,1,1,1,1.9500,0.0000,-0.0000,-0.0000,0.0000,1.0000,C,1.9500,0.0000,4871.0000
46138D,GREEN CHENILLE SHAGGY C/COVER,1.9500,1,1,1,1.9500,0.0000,-0.0000,-0.0000,0.0000,1.0000,C,1.9500,0.0000,4871.0000
84206C,CHAMPAGNE TRAY BLANK CARD,1.9000,10,4,4,0.3800,1.5200,-0.0000,-0.0000,0.0000,1.0000,C,1.9000,1.5200,4874.0000
84201C,HAPPY BIRTHDAY CARD TEDDY/CAKE,1.9000,10,3,3,0.9500,0.9500,-0.0000,-0.0000,0.0000,1.0000,C,1.9000,0.9500,4874.0000
84206B,CAT W SUNGLASSES BLANK CARD,1.7100,9,2,2,0.7600,0.9500,-0.0000,-0.0000,0.0000,1.0000,C,1.7100,0.9500,4876.0000
20737,RED MINI TAPE MEASURE,1.7000,1,1,0,1.7000,0.0000,-0.0000,-0.0000,0.0000,1.0000,C,1.7000,0.0000,4877.0000
35837,SET OF SIX SILVER+RED FLOCK BAUBLES,1.7000,2,1,1,1.7000,0.0000,-0.0000,-0.0000,0.0000,1.0000,C,1.7000,0.0000,4877.0000
30086C,ASSORTED FRUIT STRAWS,1.7000,1,1,0,1.7000,0.0000,-0.0000,-0.0000,0.0000,1.0000,C,1.7000,0.0000,4877.0000
72754D,F FAIRY POTPOURRI CUSHIONS SUMMER,1.6900,1,1,1,1.6900,0.0000,-0.0000,-0.0000,0.0000,1.0000,C,1.6900,0.0000,4880.0000
10109,BENDY COLOUR PENCILS,1.6800,4,1,1,1.6800,0.0000,-0.0000,-0.0000,0.0000,1.0000,C,1.6800,0.0000,4881.0000
85231e,STRAWBERRY SCENTED SET/9 T-LIGHTS,1.6600,1,1,0,1.6600,0.0000,-0.0000,-0.0000,0.0000,1.0000,C,1.6600,0.0000,4882.0000
21585,SWALLOW SMALL TUBE MATCHES,1.6500,1,1,1,1.6500,0.0000,-0.0000,-0.0000,0.0000,1.0000,C,1.6500,0.0000,4883.0000
23664,FLOWER SHOP DESIGN MUG,1.6500,1,1,1,0.0000,1.6500,-0.0000,-0.0000,0.0000,1.0000,C,1.6500,1.6500,4883.0000
85024A,CRYSTAL SMALL JEWELLED PHOTOFRAME,1.6500,1,1,1,1.6500,0.0000,-0.0000,-0.0000,0.0000,1.0000,C,1.6500,0.0000,4883.0000
72796C,S/3 ROSE GARDEN SCENT SQU CANDLE,1.6500,1,1,1,1.6500,0.0000,-0.0000,-0.0000,0.0000,1.0000,C,1.6500,0.0000,4883.0000
35980B,RED TOP SCANDINAVIAN HEART,1.5200,4,2,2,1.5200,0.0000,-0.0000,-0.0000,0.0000,1.0000,C,1.5200,0.0000,4887.0000
84845A,HOLLYHOCK SQUARE HANDY TIN,1.2500,1,1,1,1.2500,0.0000,-0.0000,-0.0000,0.0000,1.0000,C,1.2500,0.0000,4888.0000
35950,FOLKART HEART CHRISTMAS DECORATIONS,1.2500,1,1,1,1.2500,0.0000,-0.0000,-0.0000,0.0000,1.0000,C,1.2500,0.0000,4888.0000
35976B,WHITE SCANDINAVIAN HEART CHRISTMAS,1.2500,1,1,1,1.2500,0.0000,15.0000,0.9231,0.0000,1.0000,C,1.2500,0.0000,4888.0000
20721,OWLS CHARLOTTE BAG,0.8500,1,1,1,0.8500,0.0000,-0.0000,-0.0000,0.0000,1.0000,C,0.8500,0.0000,4891.0000
51014c,"FEATHER PEN,COAL BLACK",0.8300,1,1,0,0.0000,0.8300,-0.0000,-0.0000,0.0000,1.0000,C,0.8300,0.8300,4892.0000
35930,PINK HEART CHRISTMAS DECORATION,0.3800,1,1,1,0.3800,0.0000,-0.0000,-0.0000,0.0000,1.0000,C,0.3800,0.0000,4893.0000
84205C,HAPPY BIRTHDAY GINGER CAT CARD,0.3800,2,1,1,0.3800,0.0000,-0.0000,-0.0000,0.0000,1.0000,C,0.3800,0.0000,4893.0000
